Cotizacion,Cod_Oportunidad,Fecha,Periodo,Vendedor,Cliente,Estado,Dias_Activa,Alerta,Monto_Sin_IGV,Monto_Total
026-0012175,,2026-08-31,2026-08,Arnold Hernández,JRC INGENIERÍA Y CONSTRUCCIÓN S.A.C.,Cancelada,14,Reciente,2190.0,2584.2
026-0012167,OPP-0000000293,2026-08-28,2026-08,Arnold Hernández,ADMINISTRACION DE EMPRESAS S.A.C.,Enviada,17,Reciente,3888.0,4587.84
026-0012127,OPP-0000000242,2026-08-27,2026-08,Arnold Hernández,OPERACIONES MINERAS SAN PEDRO SOCIEDAD ANONIMA CERRADA,Confirmada,18,Reciente,790.0,932.2
026-0012152,OPP-0000000281,2026-08-27,2026-08,Arnold Hernández,VOLCAN COMPANIA MINERA S.A.A.,Enviada,18,Reciente,6309.0,7444.62
026-0012144,,2026-08-25,2026-08,Arnold Hernández,ATLAS COPCO PERU S.A.C.,Cancelada,20,Reciente,4980.0,5876.4
026-0012143,,2026-08-25,2026-08,Arnold Hernández,ATLAS COPCO PERU S.A.C.,Cancelada,20,Reciente,3980.0,4696.4
026-0012133,OPP-0000000258,2026-08-24,2026-08,Arnold Hernández,GRUPO ASEGA S.A.C.,Confirmada,21,Reciente,1300.0,1534.0
026-0011881,OPP-0000000240,2026-08-24,2026-08,Arnold Hernández,KANAY S.A.C.,Confirmada,21,Reciente,12120.0,14301.6
026-0012132,OPP-0000000255,2026-08-24,2026-08,Arnold Hernández,ADMINISTRACION DE EMPRESAS S.A.C.,Confirmada,21,Reciente,6390.0,7540.2
026-0012115,OPP-0000000228,2026-08-21,2026-08,Arnold Hernández,OPERACIONES MINERAS SAN PEDRO SOCIEDAD ANONIMA CERRADA,Confirmada,24,Reciente,1199.48,1415.39
026-0012088,OPP-0000000123,2026-08-21,2026-08,Arnold Hernández,JRC INGENIERÍA Y CONSTRUCCIÓN S.A.C.,Confirmada,24,Reciente,2140.0,2525.2
026-0012121,OPP-0000000246,2026-08-20,2026-08,Arnold Hernández,MINERA GIGANTE SRL.,Confirmada,25,Reciente,54.0,63.72
026-0012122,OPP-0000000248,2026-08-20,2026-08,Arnold Hernández,MINERA GIGANTE SRL.,Confirmada,25,Reciente,120.0,141.6
026-0012101,OPP-0000000220,2026-08-19,2026-08,Arnold Hernández,HYDROMINING GROUP S.A.C.,Confirmada,26,Reciente,1866.28,2202.21
026-0012111,,2026-08-19,2026-08,Arnold Hernández,FRESOMAC  S.A.C.,Cancelada,26,Reciente,1232.0,1453.76
026-0012079,OPP-0000000117,2026-08-19,2026-08,Arnold Hernández,VOLCAN COMPANIA MINERA S.A.A.,Confirmada,26,Reciente,72900.0,86022.0
026-0012078,OPP-0000000116,2026-08-18,2026-08,Arnold Hernández,OPERACIONES MINERAS SAN PEDRO SOCIEDAD ANONIMA CERRADA,Confirmada,27,Reciente,1450.0,1711.0
026-0012104,,2026-08-18,2026-08,Arnold Hernández,MINERA GIGANTE SRL.,Cancelada,27,Reciente,1311.4,1547.45
026-0012103,OPP-0000000221,2026-08-18,2026-08,Arnold Hernández,VOLCAN COMPANIA MINERA S.A.A.,Confirmada,27,Reciente,4726.0,5576.68
026-0011844,OPP-0000000151,2026-08-18,2026-08,Arnold Hernández,ADMINISTRACION DE EMPRESAS S.A.C.,Confirmada,27,Reciente,9409.75,11103.51
026-0012100,,2026-08-18,2026-08,Arnold Hernández,JRC INGENIERÍA Y CONSTRUCCIÓN S.A.C.,Cancelada,27,Reciente,7250.0,8555.0
026-0011831,OPP-0000000206,2026-08-17,2026-08,Arnold Hernández,RESEMIN S.A.,Confirmada,28,Reciente,795.0,938.1
026-0012023,OPP-0000000153,2026-08-17,2026-08,Arnold Hernández,PAN AMERICAN SILVER HUARON S.A.,Confirmada,28,Reciente,4851.0,5724.18
026-0012093,,2026-08-14,2026-08,Arnold Hernández,GENESAL ENERGY PERU SAC,Cancelada,31,Seguimiento,4850.0,5723.0
026-0012090,OPP-0000000127,2026-08-13,2026-08,Arnold Hernández,IESA S A,Confirmada,32,Seguimiento,1150.0,1357.0
026-0012050,OPP-0000000082,2026-08-13,2026-08,Arnold Hernández,JRC INGENIERÍA Y CONSTRUCCIÓN S.A.C.,Confirmada,32,Seguimiento,4693.0,5537.74
026-0012087,,2026-08-13,2026-08,Arnold Hernández,JRC INGENIERÍA Y CONSTRUCCIÓN S.A.C.,Cancelada,32,Seguimiento,3542.4,4180.03
026-0011984,,2026-08-12,2026-08,Arnold Hernández,RESEMIN S.A.,Confirmada,33,Seguimiento,775.0,914.5
026-0012038,,2026-08-12,2026-08,Arnold Hernández,RESEMIN S.A.,Confirmada,33,Seguimiento,764.0,901.52
026-0012081,,2026-08-11,2026-08,Arnold Hernández,SINERMINCO SOCIEDAD ANONIMA CERRADA,Cancelada,34,Seguimiento,1997.5,2357.05
026-0012031,OPP-0000000115,2026-08-11,2026-08,Arnold Hernández,OPERACIONES MINERAS SAN PEDRO SOCIEDAD ANONIMA CERRADA,Confirmada,34,Seguimiento,2938.54,3467.48
026-0012075,OPP-0000000113,2026-08-10,2026-08,Arnold Hernández,JRC INGENIERÍA Y CONSTRUCCIÓN S.A.C.,Confirmada,35,Seguimiento,2363.0,2788.34
026-0012073,OPP-0000000105,2026-08-10,2026-08,Arnold Hernández,IESA S A,Confirmada,35,Seguimiento,1150.0,1357.0
026-0012074,,2026-08-10,2026-08,Arnold Hernández,JRC INGENIERÍA Y CONSTRUCCIÓN S.A.C.,Cancelada,35,Seguimiento,4330.0,5109.4
026-0012071,OPP-0000000101,2026-08-07,2026-08,Arnold Hernández,RESEMIN S.A.,Enviada,38,Seguimiento,1567.0,1849.06
026-0012054,OPP-0000000086,2026-08-07,2026-08,Arnold Hernández,JRC INGENIERÍA Y CONSTRUCCIÓN S.A.C.,Confirmada,38,Seguimiento,3542.4,4180.03
026-0012067,,2026-08-05,2026-08,Arnold Hernández,TOTAL MINING PARTS S.A.C.,Cancelada,40,Seguimiento,427.5,504.45
026-0011823,OPP-0000000032,2026-08-05,2026-08,Arnold Hernández,PESQUERA HAYDUK S.A.,Confirmada,40,Seguimiento,22400.0,26432.0
026-0012066,,2026-08-05,2026-08,Arnold Hernández,FRESOMAC  S.A.C.,Cancelada,40,Seguimiento,3100.0,3658.0
026-0012053,,2026-08-05,2026-08,Arnold Hernández,STRACON PERÚ S.A.,Cancelada,40,Seguimiento,4690.0,5534.2
026-0012058,OPP-0000000088,2026-08-05,2026-08,Arnold Hernández,JRC INGENIERÍA Y CONSTRUCCIÓN S.A.C.,Confirmada,40,Seguimiento,2190.0,2584.2
026-0012060,OPP-0000000090,2026-08-05,2026-08,Arnold Hernández,JRC INGENIERÍA Y CONSTRUCCIÓN S.A.C.,Confirmada,40,Seguimiento,2980.0,3516.4
026-0012029,,2026-08-03,2026-08,Arnold Hernández,JRC INGENIERÍA Y CONSTRUCCIÓN S.A.C.,Confirmada,42,Seguimiento,1690.0,1994.2
026-0012028,OPP-0000000072,2026-08-01,2026-08,Arnold Hernández,VOLCAN COMPANIA MINERA S.A.A.,Confirmada,44,Seguimiento,9687.24,11430.95
026-0012181,,2026-08-31,2026-08,Jeancarlos Castillo,ANTESA S.A.C.,Cancelada,14,Reciente,1260.0,1486.8
026-0012178,,2026-08-31,2026-08,Jeancarlos Castillo,CORPORACION MACMINING E.I.R.L.,Cancelada,14,Reciente,3120.0,3681.6
026-0012177,,2026-08-31,2026-08,Jeancarlos Castillo,CORPORACION MACMINING E.I.R.L.,Cancelada,14,Reciente,1590.0,1876.2
026-0012176,,2026-08-31,2026-08,Jeancarlos Castillo,HEATFLUX INDUSTRIAL SOLUTIONS S.A.C.,Cancelada,14,Reciente,1309.0,1544.62
026-0012174,,2026-08-31,2026-08,Jeancarlos Castillo,RESEMIN S.A.,Cancelada,14,Reciente,21400.0,25252.0
026-0012173,,2026-08-31,2026-08,Jeancarlos Castillo,RADIMEZA SOCIEDAD ANONIMA CERRADA,Cancelada,14,Reciente,1260.0,1486.8
026-0012170,OPP-0000000296,2026-08-31,2026-08,Jeancarlos Castillo,FRITERM PERU S.A.C.,Borrador,14,Reciente,15600.0,18408.0
026-0012125,OPP-0000000249,2026-08-28,2026-08,Jeancarlos Castillo,LA LLAVE S.A.,Confirmada,17,Reciente,1790.0,2112.2
026-0012149,OPP-0000000272,2026-08-28,2026-08,Jeancarlos Castillo,VPTM IQUITOS S.A.C.,Confirmada,17,Reciente,5664.0,6683.52
026-0012151,,2026-08-27,2026-08,Jeancarlos Castillo,ROBOCON SERVICIOS S.A.C.,Cancelada,18,Reciente,980.0,1156.4
026-0012148,OPP-0000000271,2026-08-26,2026-08,Jeancarlos Castillo,XIAN BUSINESS CORPORATION S.A.C.,Confirmada,19,Reciente,540.0,637.2
026-0012147,OPP-0000000273,2026-08-26,2026-08,Jeancarlos Castillo,KOMATSU-MITSUI MAQUINARIAS PERU S.A.,Borrador,19,Reciente,2124.3,2506.67
026-0012146,OPP-0000000270,2026-08-26,2026-08,Jeancarlos Castillo,KOMATSU-MITSUI MAQUINARIAS PERU S.A.,Borrador,19,Reciente,5800.0,6844.0
026-0012141,OPP-0000000265,2026-08-26,2026-08,Jeancarlos Castillo,TECNOMECANICA SERVICIOS HIDRAULICOS SOCIEDAD ANONIMA CERRADA,Confirmada,19,Reciente,4900.0,5782.0
026-0012123,OPP-0000000238,2026-08-25,2026-08,Jeancarlos Castillo,RESEMIN S.A.,Borrador,20,Reciente,62298.0,73511.64
026-0011763,OPP-0000000155,2026-08-25,2026-08,Jeancarlos Castillo,ROBOCON SERVICIOS S.A.C.,Confirmada,20,Reciente,1690.0,1994.2
026-0012086,OPP-0000000147,2026-08-22,2026-08,Jeancarlos Castillo,XIAN BUSINESS CORPORATION S.A.C.,Confirmada,23,Reciente,540.0,637.2
026-0012131,OPP-0000000251,2026-08-21,2026-08,Jeancarlos Castillo,CORPORACION MACMINING E.I.R.L.,Enviada,24,Reciente,2520.0,2973.6
026-0012130,,2026-08-21,2026-08,Jeancarlos Castillo,SOLUCIONES EN PROYECTOS DE ALIMENTOS S.A.C.,Cancelada,24,Reciente,5676.0,6697.68
026-0012040,OPP-0000000076,2026-08-21,2026-08,Jeancarlos Castillo,ROBOCON SERVICIOS S.A.C.,Confirmada,24,Reciente,2500.0,2950.0
026-0012110,OPP-0000000225,2026-08-21,2026-08,Jeancarlos Castillo,TECNOMECANICA SERVICIOS HIDRAULICOS SOCIEDAD ANONIMA CERRADA,Cancelada,24,Reciente,2400.0,2832.0
026-0012118,,2026-08-21,2026-08,Jeancarlos Castillo,HYDEXCORP S.A.C.,Confirmada,24,Reciente,1540.0,1817.2
026-0012114,,2026-08-19,2026-08,Jeancarlos Castillo,MUNDO CALOR PERU S.A.C.,Confirmada,26,Reciente,776.48,916.25
026-0012064,OPP-0000000233,2026-08-19,2026-08,Jeancarlos Castillo,LA LLAVE S.A.,Confirmada,26,Reciente,1260.0,1486.8
026-0012070,OPP-0000000098,2026-08-19,2026-08,Jeancarlos Castillo,KOMATSU-MITSUI MAQUINARIAS PERU S.A.,Confirmada,26,Reciente,1840.0,2171.2
026-0012113,,2026-08-19,2026-08,Jeancarlos Castillo,ECOCRUCEROS S.A.C.,Cancelada,26,Reciente,624.0,736.32
026-0012112,OPP-0000000227,2026-08-19,2026-08,Jeancarlos Castillo,HYDEXCORP S.A.C.,Cancelada,26,Reciente,913.5,1077.93
026-0012107,,2026-08-18,2026-08,Jeancarlos Castillo,ECOCRUCEROS S.A.C.,Cancelada,27,Reciente,163.6,193.05
026-0012099,,2026-08-17,2026-08,Jeancarlos Castillo,ANTESA S.A.C.,Cancelada,28,Reciente,1417.0,1672.06
026-0011968,OPP-0000000003,2026-08-17,2026-08,Jeancarlos Castillo,ANTESA S.A.C.,Confirmada,28,Reciente,2493.68,2942.54
026-0012015,OPP-0000000065,2026-08-17,2026-08,Jeancarlos Castillo,INDUSTRIA ESPECIALIZADA Y REPRESENTACIONES SOCIEDAD ANONIMA CERRADA,Confirmada,28,Reciente,3720.0,4389.6
026-0012046,,2026-08-17,2026-08,Jeancarlos Castillo,TUMI CONTRATISTAS MINEROS S.A.C.,Cancelada,28,Reciente,9600.0,11328.0
026-0012095,,2026-08-15,2026-08,Jeancarlos Castillo,OYOLA ALFARO RONAL RODY,Cancelada,30,Reciente,391.6,462.08
026-0012091,,2026-08-13,2026-08,Jeancarlos Castillo,ROBOCON SERVICIOS S.A.C.,Cancelada,32,Seguimiento,2150.0,2537.0
026-0012082,,2026-08-12,2026-08,Jeancarlos Castillo,SOLUCIONES EN PROYECTOS DE ALIMENTOS S.A.C.,Cancelada,33,Seguimiento,917.0,1082.06
026-0012047,,2026-08-11,2026-08,Jeancarlos Castillo,TECNOMECANICA SERVICIOS HIDRAULICOS SOCIEDAD ANONIMA CERRADA,Confirmada,34,Seguimiento,980.0,1156.4
026-0011951,OPP-0000000005,2026-08-10,2026-08,Jeancarlos Castillo,XIAN BUSINESS CORPORATION S.A.C.,Confirmada,35,Seguimiento,1850.0,2183.0
026-0011990,OPP-0000000038,2026-08-08,2026-08,Jeancarlos Castillo,VPTM IQUITOS S.A.C.,Confirmada,37,Seguimiento,340.0,401.2
026-0012051,,2026-08-07,2026-08,Jeancarlos Castillo,RESEMIN S.A.,Confirmada,38,Seguimiento,1080.0,1274.4
026-0012072,,2026-08-07,2026-08,Jeancarlos Castillo,DRU EXPORT S.A.C.,Cancelada,38,Seguimiento,9990.0,11788.2
026-0012069,,2026-08-07,2026-08,Jeancarlos Castillo,FRIGOHIELO S.A,Cancelada,38,Seguimiento,44880.0,52958.4
026-0012063,,2026-08-05,2026-08,Jeancarlos Castillo,LA LLAVE S.A.,Cancelada,40,Seguimiento,0.0,0.0
026-0012059,,2026-08-04,2026-08,Jeancarlos Castillo,TECHNICAL SOLUTIONS SRL,Cancelada,41,Seguimiento,436.7,436.7
026-0011554,,2026-08-04,2026-08,Jeancarlos Castillo,RESEMIN S.A.,Confirmada,41,Seguimiento,7992.0,9430.56
026-0012044,,2026-08-03,2026-08,Jeancarlos Castillo,ROBOCON SERVICIOS S.A.C.,Cancelada,42,Seguimiento,13340.0,15741.2
026-0012010,,2026-08-03,2026-08,Jeancarlos Castillo,ZANINGROUP MINING AND CONSTRUCTION S.A.C.-ZANINGROUP S.A.C.,Cancelada,42,Seguimiento,2190.0,2584.2
026-0011970,OPP-0000000004,2026-08-03,2026-08,Jeancarlos Castillo,ZANINGROUP MINING AND CONSTRUCTION S.A.C.-ZANINGROUP S.A.C.,Confirmada,42,Seguimiento,1390.0,1640.2
026-0012042,,2026-08-03,2026-08,Jeancarlos Castillo,OYOLA ALFARO RONAL RODY,Cancelada,42,Seguimiento,2699.6,3185.52
026-0012039,OPP-0000000076,2026-08-01,2026-08,Jeancarlos Castillo,ROBOCON SERVICIOS S.A.C.,Cancelada,44,Seguimiento,2100.0,2478.0
026-0012182,OPP-0000000279,2026-08-31,2026-08,Manuel Alvarez,INCA RAIL S.A.,Borrador,14,Reciente,1890.0,2230.2
026-0012166,OPP-0000000280,2026-08-28,2026-08,Manuel Alvarez,INDUSTRIA DE FORTIFICACION MINERA S.A.C.,Enviada,17,Reciente,540.0,637.2
026-0012159,OPP-0000000280,2026-08-28,2026-08,Manuel Alvarez,INDUSTRIA DE FORTIFICACION MINERA S.A.C.,Enviada,17,Reciente,150.0,177.0
026-0012136,OPP-0000000259,2026-08-25,2026-08,Manuel Alvarez,MAQUIRENA S.A.C.,Confirmada,20,Reciente,1800.0,2124.0
026-0012137,OPP-0000000259,2026-08-24,2026-08,Manuel Alvarez,MAQUIRENA S.A.C.,Enviada,21,Reciente,4995.0,5894.1
026-0012102,OPP-0000000061,2026-08-24,2026-08,Manuel Alvarez,MOTORES DIESEL ANDINOS S.A.- MODASA,Confirmada,21,Reciente,350.0,413.0
026-0012129,,2026-08-21,2026-08,Manuel Alvarez,SERVICIOS MINEROS RF S.A.C.,Cancelada,24,Reciente,1780.0,2100.4
026-0012126,OPP-0000000241,2026-08-21,2026-08,Manuel Alvarez,OPP FILM S.A.,Enviada,24,Reciente,12495.0,14744.1
026-0012124,OPP-0000000237,2026-08-21,2026-08,Manuel Alvarez,INNOVA CHILLTEC S.A.C.,Enviada,24,Reciente,750.0,885.0
026-0012089,OPP-0000000122,2026-08-19,2026-08,Manuel Alvarez,CONSORCIO FRAP S.A.C.,Confirmada,26,Reciente,15253.6,17999.25
026-0012098,OPP-0000000218,2026-08-17,2026-08,Manuel Alvarez,RADIADORES AREQUIPA S.A.C,Enviada,28,Reciente,541.13,638.53
026-0012083,OPP-0000000131,2026-08-12,2026-08,Manuel Alvarez,SHOUGANG HIERRO PERU S.A.A.,Enviada,33,Seguimiento,5380.0,6348.4
026-0012077,OPP-0000000061,2026-08-12,2026-08,Manuel Alvarez,MOTORES DIESEL ANDINOS S.A.- MODASA,Confirmada,33,Seguimiento,3200.0,3776.0
026-0012052,OPP-0000000083,2026-08-07,2026-08,Manuel Alvarez,MINERA CRC SOCIEDAD ANONIMA CERRADA,Confirmada,38,Seguimiento,727.5,858.45
026-0012049,OPP-0000000077,2026-08-05,2026-08,Manuel Alvarez,UNION DE CONCRETERAS S.A,Cancelada,40,Seguimiento,1470.0,1734.6
026-0012061,OPP-0000000093,2026-08-05,2026-08,Manuel Alvarez,FAVASERVIPERU E.I.R.L.,Enviada,40,Seguimiento,12467.09,14711.18
026-0011940,OPP-0000000062,2026-08-04,2026-08,Manuel Alvarez,SERVICIOS MINEROS RF S.A.C.,Confirmada,41,Seguimiento,7263.3,8570.69
026-0012048,OPP-0000000210,2026-08-03,2026-08,Manuel Alvarez,METALTEC ENGENEERING STEELS E.I.R.L.,Confirmada,42,Seguimiento,47.0,55.46
026-0012045,OPP-0000000210,2026-08-03,2026-08,Manuel Alvarez,CONTRATISTAS PERUMIN S.A.C.,Cancelada,42,Seguimiento,47.0,55.46
026-0012179,OPP-0000000303,2026-08-31,2026-08,Mario Li,"BARRA CCOLQUE JAIR RODOLFO, Jair Rodolfo Barra Ccolque",Enviada,14,Reciente,4420.0,5215.6
026-0012172,OPP-0000000298,2026-08-31,2026-08,Mario Li,LA. BRIN INDUSTRIAL S.A.C.,Enviada,14,Reciente,29786.33,35147.87
026-0012168,,2026-08-28,2026-08,Mario Li,G & E COMERCIALIZADORA E IMPORTADORA E.I.R.L.,Cancelada,17,Reciente,2560.0,3020.8
026-0012164,OPP-0000000108,2026-08-28,2026-08,Mario Li,INKA TUBOS S.A.,Enviada,17,Reciente,11617.37,13708.5
026-0012135,,2026-08-24,2026-08,Mario Li,TP INTERCAMBIADORES S.A.C.,Cancelada,21,Reciente,2160.37,2549.24
026-0012134,,2026-08-24,2026-08,Mario Li,TP INTERCAMBIADORES S.A.C.,Cancelada,21,Reciente,1830.05,2159.46
026-0012128,,2026-08-21,2026-08,Mario Li,MECANICA FINA INDUSTRIAL EMPRESA INDIVIDUAL DE RESPONSABILIDAD LIMITADA,Cancelada,24,Reciente,1600.0,1888.0
026-0012120,,2026-08-19,2026-08,Mario Li,INDUSTRIAL EXCHANGER TUBILLAS S.A.C.,Enviada,26,Reciente,1148.0,1354.64
026-0012119,,2026-08-19,2026-08,Mario Li,TERMOTEM PERU S.A.C.,Cancelada,26,Reciente,290.0,342.2
026-0012106,,2026-08-18,2026-08,Mario Li,RAMIREZ ILATOMA SANTOS ELOY,Cancelada,27,Reciente,3450.0,4071.0
026-0012065,,2026-08-05,2026-08,Mario Li,TDM GEOSINTETICOS S.A.,Cancelada,40,Seguimiento,3688.0,4351.84
026-0012043,,2026-08-03,2026-08,Mario Li,TECNOFIL S A,Cancelada,42,Seguimiento,4485.7,5293.13
026-0012041,,2026-08-03,2026-08,Mario Li,TP INTERCAMBIADORES S.A.C.,Cancelada,42,Seguimiento,3250.0,3835.0
026-0012076,OPP-0000000112,2026-08-29,2026-08,Mercedes Quispe,NEXA RESOURCES CAJAMARQUILLA S.A.,Confirmada,16,Reciente,5650.0,6667.0
026-0011935,,2026-08-28,2026-08,Mercedes Quispe,COMPAÑIA MINERA COIMOLACHE S.A.,Cancelada,17,Reciente,27510.56,32462.46
026-0012165,OPP-0000000291,2026-08-28,2026-08,Mercedes Quispe,Imbarex S.A.,Enviada,17,Reciente,950.0,1121.0
026-0012160,OPP-0000000288,2026-08-28,2026-08,Mercedes Quispe,OVERPRIME MANUFACTURING S.A.C.,Cancelada,17,Reciente,2420.0,2855.6
026-0011452,OPP-0000000276,2026-08-27,2026-08,Mercedes Quispe,GESTION MINERA INTEGRAL S.A.C.,Confirmada,18,Reciente,420.0,495.6
026-0011453,OPP-0000000292,2026-08-26,2026-08,Mercedes Quispe,GESTION MINERA INTEGRAL S.A.C.,Confirmada,19,Reciente,320.0,377.6
026-0012140,,2026-08-25,2026-08,Mercedes Quispe,COMPAÑIA DE MINAS BUENAVENTURA S.A.A.,Cancelada,20,Reciente,3290.0,3882.2
026-0012138,OPP-0000000262,2026-08-25,2026-08,Mercedes Quispe,OVERPRIME MANUFACTURING S.A.C.,Borrador,20,Reciente,4160.0,4908.8
026-0012105,OPP-0000000148,2026-08-21,2026-08,Mercedes Quispe,GESTION MINERA INTEGRAL S.A.C.,Confirmada,24,Reciente,680.0,802.4
026-0012094,OPP-0000000148,2026-08-21,2026-08,Mercedes Quispe,GESTION MINERA INTEGRAL S.A.C.,Confirmada,24,Reciente,550.0,649.0
026-0012116,OPP-0000000068,2026-08-19,2026-08,Mercedes Quispe,GESTION MINERA INTEGRAL S.A.C.,Borrador,26,Reciente,0.0,0.0
026-0012109,,2026-08-18,2026-08,Mercedes Quispe,CIA MINERA RAURA S A,Cancelada,27,Reciente,8950.5,10561.59
026-0012108,,2026-08-18,2026-08,Mercedes Quispe,CIA MINERA RAURA S A,Cancelada,27,Reciente,8307.6,9802.97
026-0012024,OPP-0000000033,2026-08-17,2026-08,Mercedes Quispe,"SOUTHERN PERU COPPER CORPORATION, SUCURSAL DEL PERÚ",Confirmada,28,Reciente,49604.8,58533.66
026-0012085,OPP-0000000126,2026-08-12,2026-08,Mercedes Quispe,COMPAÑIA MINERA COIMOLACHE S.A.,Borrador,33,Seguimiento,25769.83,30408.4
026-0012084,OPP-0000000124,2026-08-12,2026-08,Mercedes Quispe,BOART LONGYEAR SAC,Borrador,33,Seguimiento,7718.0,9107.24
026-0012018,OPP-0000000068,2026-08-12,2026-08,Mercedes Quispe,GESTION MINERA INTEGRAL S.A.C.,Confirmada,33,Seguimiento,8940.0,10549.2
026-0011936,OPP-0000000109,2026-08-08,2026-08,Mercedes Quispe,PERUPLAST S A,Confirmada,37,Seguimiento,3990.0,4708.2
026-0011980,OPP-0000000024,2026-08-08,2026-08,Mercedes Quispe,PERUPLAST S A,Confirmada,37,Seguimiento,5090.0,6006.2
026-0011942,OPP-0000000356,2026-08-08,2026-08,Mercedes Quispe,MINSUR S. A.,Confirmada,37,Seguimiento,5868.0,6924.24
026-0012062,OPP-0000000091,2026-08-05,2026-08,Mercedes Quispe,"SOUTHERN PERU COPPER CORPORATION, SUCURSAL DEL PERÚ",Enviada,40,Seguimiento,6980.0,8236.4
026-0012057,OPP-0000000087,2026-08-04,2026-08,Mercedes Quispe,CORPORACION CHINCHAY S.A.C.,Enviada,41,Seguimiento,1232.0,1453.76
026-0012003,OPP-0000000353,2026-08-01,2026-08,Mercedes Quispe,NEXA RESOURCES CAJAMARQUILLA S.A.,Confirmada,44,Seguimiento,5650.0,6667.0
026-0012184,,2026-08-31,2026-08,Rintusac,GUIAL SOLUTIONS E.I.R.L.,Cancelada,14,Reciente,1180.0,1392.4
026-0012007,OPP-0000000054,2026-08-31,2026-08,Rintusac,RESEMIN S.A.,Confirmada,14,Reciente,21400.0,25252.0
026-0012171,OPP-0000000297,2026-08-31,2026-08,Rintusac,RADIADORES INDUSTRIAL MBA SOCIEDAD ANONIMA CERRADA-RIMBASAC,Confirmada,14,Reciente,400.0,472.0
026-0012036,OPP-0000000366,2026-08-28,2026-08,Rintusac,INDUSTRIAL EXCHANGER TUBILLAS S.A.C.,Confirmada,17,Reciente,4.05,4.78
026-0012157,,2026-08-27,2026-08,Rintusac,HEATEX USA INC. - TAX I.D 81-0820045,Cancelada,18,Reciente,2000.0,2360.0
026-0012156,,2026-08-27,2026-08,Rintusac,HEATEX USA INC. - TAX I.D 81-0820045,Cancelada,18,Reciente,2000.0,2360.0
026-0012155,,2026-08-27,2026-08,Rintusac,HEATEX USA INC. - TAX I.D 81-0820045,Cancelada,18,Reciente,2000.0,2360.0
026-0012154,,2026-08-27,2026-08,Rintusac,HEATEX USA INC. - TAX I.D 81-0820045,Cancelada,18,Reciente,0.0,0.0
026-0012153,,2026-08-27,2026-08,Rintusac,HEATEX USA INC. - TAX I.D 81-0820045,Cancelada,18,Reciente,2000.0,2360.0
026-0012150,,2026-08-27,2026-08,Rintusac,COOLING AIR PERU S.A.C.,Cancelada,18,Reciente,2180.0,2572.4
026-0012117,,2026-08-19,2026-08,Rintusac,RESEMIN S.A.,Cancelada,26,Reciente,2000.0,2360.0
026-0012097,OPP-0000000217,2026-08-17,2026-08,Rintusac,TP INTERCAMBIADORES S.A.C.,Confirmada,28,Reciente,2500.0,2950.0
026-0012096,OPP-0000000371,2026-08-17,2026-08,Rintusac,TP INTERCAMBIADORES S.A.C.,Confirmada,28,Reciente,2500.0,2950.0
026-0012080,OPP-0000000133,2026-08-14,2026-08,Rintusac,L & G INTERNATIONAL PARTS S.A.C.,Confirmada,31,Seguimiento,734.83,867.1
026-0012092,,2026-08-14,2026-08,Rintusac,RESEMIN S.A.,Cancelada,31,Seguimiento,0.0,0.0
026-0011591,OPP-0000000355,2026-08-14,2026-08,Rintusac,RESEMIN S.A.,Confirmada,31,Seguimiento,1290.0,1522.2
026-0011839,OPP-0000000362,2026-08-13,2026-08,Rintusac,RESEMIN S.A.,Confirmada,32,Seguimiento,8560.0,10100.8
026-0011706,OPP-0000000358,2026-08-13,2026-08,Rintusac,RESEMIN S.A.,Confirmada,32,Seguimiento,21400.0,25252.0
026-0011848,OPP-0000000364,2026-08-11,2026-08,Rintusac,INTERCAMBIADORES BALVIN S.R.L.,Confirmada,34,Seguimiento,1140.0,1345.2
026-0012068,,2026-08-05,2026-08,Rintusac,GUIAL SOLUTIONS E.I.R.L.,Cancelada,40,Seguimiento,980.0,1156.4
026-0012055,OPP-0000000369,2026-08-04,2026-08,Rintusac,RESEMIN S.A.,Confirmada,41,Seguimiento,8000.0,9440.0
026-0012272,OPP-0000000410,2026-09-14,2026-09,Arnold Hernández,GRUPO ASEGA S.A.C.,Enviada,0,Reciente,3119.5,3681.01
026-0012267,OPP-0000000406,2026-09-14,2026-09,Arnold Hernández,OPERACIONES MINERAS SAN PEDRO SOCIEDAD ANONIMA CERRADA,Confirmada,0,Reciente,2050.0,2419.0
026-0012263,,2026-09-11,2026-09,Arnold Hernández,JRC INGENIERÍA Y CONSTRUCCIÓN S.A.C.,Cancelada,3,Reciente,1690.0,1994.2
026-0012262,,2026-09-11,2026-09,Arnold Hernández,GRUPO ASEGA S.A.C.,Cancelada,3,Reciente,750.0,885.0
026-0012255,OPP-0000000393,2026-09-10,2026-09,Arnold Hernández,JRC INGENIERÍA Y CONSTRUCCIÓN S.A.C.,Confirmada,4,Reciente,2980.0,3516.4
026-0012251,OPP-0000000389,2026-09-10,2026-09,Arnold Hernández,JRC INGENIERÍA Y CONSTRUCCIÓN S.A.C.,Confirmada,4,Reciente,1360.0,1604.8
026-0012230,OPP-0000000367,2026-09-09,2026-09,Arnold Hernández,JRC INGENIERÍA Y CONSTRUCCIÓN S.A.C.,Confirmada,5,Reciente,3542.4,4180.03
026-0012242,,2026-09-08,2026-09,Arnold Hernández,MAQUINAS Y EQUIPOS PARA MINERIA TEO'S E.I.R.L.,Cancelada,6,Reciente,1800.0,2124.0
026-0012238,OPP-0000000378,2026-09-08,2026-09,Arnold Hernández,H-E PARTS INTERNATIONAL PERU S.A.C.,Borrador,6,Reciente,0.0,0.0
026-0012236,OPP-0000000376,2026-09-07,2026-09,Arnold Hernández,OPERACIONES MINERAS SAN PEDRO SOCIEDAD ANONIMA CERRADA,Enviada,7,Reciente,5778.56,6818.7
026-0012235,OPP-0000000375,2026-09-07,2026-09,Arnold Hernández,L & M REPUESTOS Y SUMINISTROS S.A.C.,Confirmada,7,Reciente,1598.0,1885.64
026-0012232,OPP-0000000373,2026-09-07,2026-09,Arnold Hernández,KROST INGENIERIA S.A.C.,Enviada,7,Reciente,12487.98,14735.82
026-0012231,OPP-0000000372,2026-09-07,2026-09,Arnold Hernández,COMPAÑIA MINERA CHUNGAR S.A.C.,Enviada,7,Reciente,2331.0,2750.58
026-0012163,OPP-0000000290,2026-09-07,2026-09,Arnold Hernández,COMPAÑIA MINERA CHUNGAR S.A.C.,Confirmada,7,Reciente,2115.0,2495.7
026-0012162,OPP-0000000289,2026-09-07,2026-09,Arnold Hernández,COMPAÑIA MINERA CHUNGAR S.A.C.,Confirmada,7,Reciente,3564.0,4205.52
026-0012139,OPP-0000000263,2026-09-05,2026-09,Arnold Hernández,RESEMIN S.A.,Confirmada,9,Reciente,520.0,613.6
026-0012180,OPP-0000000304,2026-09-04,2026-09,Arnold Hernández,FRESOMAC  S.A.C.,Confirmada,10,Reciente,1232.0,1453.76
026-0012219,OPP-0000000342,2026-09-04,2026-09,Arnold Hernández,VOLCAN COMPANIA MINERA S.A.A.,Enviada,10,Reciente,6309.0,7444.62
026-0012210,OPP-0000000334,2026-09-03,2026-09,Arnold Hernández,REICAL LTDA,Enviada,11,Reciente,2020.0,2020.0
026-0012202,OPP-0000000326,2026-09-03,2026-09,Arnold Hernández,PAN AMERICAN SILVER HUARON S.A.,Enviada,11,Reciente,5940.0,7009.2
026-0012200,,2026-09-02,2026-09,Arnold Hernández,JRC INGENIERÍA Y CONSTRUCCIÓN S.A.C.,Cancelada,12,Reciente,2980.0,3516.4
026-0012199,OPP-0000000321,2026-09-02,2026-09,Arnold Hernández,JRC INGENIERÍA Y CONSTRUCCIÓN S.A.C.,Confirmada,12,Reciente,3723.0,4393.14
026-0012192,,2026-09-02,2026-09,Arnold Hernández,HYDROMINING GROUP S.A.C.,Cancelada,12,Reciente,590.0,696.2
026-0012183,OPP-0000000306,2026-09-02,2026-09,Arnold Hernández,HYDROMINING GROUP S.A.C.,Confirmada,12,Reciente,3142.55,3708.21
026-0012145,OPP-0000000269,2026-09-02,2026-09,Arnold Hernández,JRC INGENIERÍA Y CONSTRUCCIÓN S.A.C.,Confirmada,12,Reciente,1850.0,2183.0
026-0012186,OPP-0000000309,2026-09-01,2026-09,Arnold Hernández,VOLCAN COMPANIA MINERA S.A.A.,Confirmada,13,Reciente,2363.0,2788.34
026-0012271,OPP-0000000409,2026-09-14,2026-09,Jeancarlos Castillo,GESTION TECNICA MINERA E INDUSTRIAL PERU SOCIEDAD ANONIMA CERRADA - GESTEMIND PERU S.A.C.,Borrador,0,Reciente,320.0,377.6
026-0012268,OPP-0000000408,2026-09-14,2026-09,Jeancarlos Castillo,GESTION TECNICA MINERA E INDUSTRIAL PERU SOCIEDAD ANONIMA CERRADA - GESTEMIND PERU S.A.C.,Borrador,0,Reciente,420.0,495.6
026-0012266,OPP-0000000405,2026-09-12,2026-09,Jeancarlos Castillo,GESTION TECNICA MINERA E INDUSTRIAL PERU SOCIEDAD ANONIMA CERRADA - GESTEMIND PERU S.A.C.,Borrador,2,Reciente,5390.0,6360.2
026-0012265,OPP-0000000404,2026-09-12,2026-09,Jeancarlos Castillo,SOLUCIONES EN PROYECTOS DE ALIMENTOS S.A.C.,Enviada,2,Reciente,1800.0,2124.0
026-0012249,OPP-0000000388,2026-09-10,2026-09,Jeancarlos Castillo,ROBOCON SERVICIOS S.A.C.,Borrador,4,Reciente,3420.0,4035.6
026-0012241,OPP-0000000381,2026-09-08,2026-09,Jeancarlos Castillo,RESEMIN S.A.,Confirmada,6,Reciente,6180.0,7292.4
026-0012240,OPP-0000000380,2026-09-08,2026-09,Jeancarlos Castillo,DRILLING MACHINERY SPECIALISTS E.I.R.L.,Enviada,6,Reciente,2290.0,2702.2
026-0012239,OPP-0000000379,2026-09-08,2026-09,Jeancarlos Castillo,KONTROL R & M PERU S.A.C.,Enviada,6,Reciente,2150.0,2537.0
026-0012237,OPP-0000000377,2026-09-08,2026-09,Jeancarlos Castillo,DRILLING MACHINERY SPECIALISTS E.I.R.L.,Enviada,6,Reciente,800.0,944.0
026-0012234,OPP-0000000374,2026-09-07,2026-09,Jeancarlos Castillo,RESEMIN S.A.,Confirmada,7,Reciente,450.0,531.0
026-0012227,OPP-0000000351,2026-09-07,2026-09,Jeancarlos Castillo,MINERA IRL S.A.,Enviada,7,Reciente,2681.8,3164.52
026-0012225,OPP-0000000348,2026-09-05,2026-09,Jeancarlos Castillo,ZANINGROUP MINING AND CONSTRUCTION S.A.C.-ZANINGROUP S.A.C.,Enviada,9,Reciente,2240.0,2643.2
026-0012224,,2026-09-05,2026-09,Jeancarlos Castillo,TP INTERCAMBIADORES S.A.C.,Cancelada,9,Reciente,1950.0,2301.0
026-0012222,,2026-09-04,2026-09,Jeancarlos Castillo,BULLROCK S.A.C.,Cancelada,10,Reciente,0.0,0.0
026-0012218,,2026-09-04,2026-09,Jeancarlos Castillo,PESQUERA ZOILA ROSA S.A.C,Cancelada,10,Reciente,0.0,0.0
026-0012216,OPP-0000000339,2026-09-04,2026-09,Jeancarlos Castillo,GESTION TECNICA MINERA E INDUSTRIAL PERU SOCIEDAD ANONIMA CERRADA - GESTEMIND PERU S.A.C.,Borrador,10,Reciente,1368.75,1615.13
026-0012214,OPP-0000000338,2026-09-04,2026-09,Jeancarlos Castillo,SISTEMAS CONVENCIONALES S.A.C.,Borrador,10,Reciente,390.0,460.2
026-0012212,,2026-09-04,2026-09,Jeancarlos Castillo,SOLUCIONES EN PROYECTOS DE ALIMENTOS S.A.C.,Cancelada,10,Reciente,4425.46,5222.04
026-0012211,OPP-0000000335,2026-09-04,2026-09,Jeancarlos Castillo,VPTM IQUITOS S.A.C.,Borrador,10,Reciente,1611.0,1900.98
026-0012205,OPP-0000000329,2026-09-03,2026-09,Jeancarlos Castillo,ROBOCON SERVICIOS S.A.C.,Confirmada,11,Reciente,980.0,1156.4
026-0012201,OPP-0000000324,2026-09-02,2026-09,Jeancarlos Castillo,SISTEMAS CONVENCIONALES S.A.C.,Borrador,12,Reciente,2300.0,2714.0
026-0012198,OPP-0000000320,2026-09-02,2026-09,Jeancarlos Castillo,RESEMIN S.A.,Confirmada,12,Reciente,450.0,531.0
026-0012197,OPP-0000000319,2026-09-02,2026-09,Jeancarlos Castillo,TUMI CONTRATISTAS MINEROS S.A.C.,Enviada,12,Reciente,5980.0,7056.4
026-0012194,,2026-09-01,2026-09,Jeancarlos Castillo,ROBOCON SERVICIOS S.A.C.,Cancelada,13,Reciente,5880.0,6938.4
026-0012193,OPP-0000000315,2026-09-01,2026-09,Jeancarlos Castillo,MARCO PERUANA S A,Enviada,13,Reciente,25760.0,30396.8
026-0012142,OPP-0000000266,2026-09-01,2026-09,Jeancarlos Castillo,ROBOCON SERVICIOS S.A.C.,Confirmada,13,Reciente,8600.0,10148.0
026-0012270,OPP-0000000403,2026-09-14,2026-09,Manuel Alvarez,UBF INDUSTRIAL SOCIEDAD ANONIMA CERRADA,Enviada,0,Reciente,1050.0,1239.0
026-0012258,OPP-0000000396,2026-09-14,2026-09,Manuel Alvarez,UNION DE CONCRETERAS S.A,Confirmada,0,Reciente,5745.0,6779.1
026-0012269,OPP-0000000407,2026-09-14,2026-09,Manuel Alvarez,SERVICIOS MINEROS RF S.A.C.,Enviada,0,Reciente,74.0,87.32
026-0012220,OPP-0000000343,2026-09-14,2026-09,Manuel Alvarez,PESQUERA ZOILA ROSA S.A.C,Confirmada,0,Reciente,400.0,472.0
026-0012257,OPP-0000000395,2026-09-11,2026-09,Manuel Alvarez,UNION DE CONCRETERAS S.A,Confirmada,3,Reciente,1595.0,1882.1
026-0011829,OPP-0000000352,2026-09-07,2026-09,Manuel Alvarez,METAL TECNICA S A,Confirmada,7,Reciente,355.0,418.9
026-0012203,OPP-0000000327,2026-09-03,2026-09,Manuel Alvarez,UNION DE CONCRETERAS S.A,Confirmada,11,Reciente,1470.0,1734.6
026-0012169,OPP-0000000295,2026-09-03,2026-09,Manuel Alvarez,MICHELL Y CIA S.A.,Confirmada,11,Reciente,16368.0,19314.24
026-0011993,OPP-0000000028,2026-09-03,2026-09,Manuel Alvarez,FAMAX SEAL PERU S.A.C,Confirmada,11,Reciente,954.0,1125.72
026-0012207,OPP-0000000331,2026-09-03,2026-09,Manuel Alvarez,UNION DE CONCRETERAS S.A,Cancelada,11,Reciente,1470.0,1734.6
026-0012206,OPP-0000000331,2026-09-03,2026-09,Manuel Alvarez,UNION DE CONCRETERAS S.A,Confirmada,11,Reciente,1110.0,1309.8
026-0012204,OPP-0000000328,2026-09-03,2026-09,Manuel Alvarez,RADIADORES AREQUIPA S.A.C,Borrador,11,Reciente,17500.0,20650.0
026-0012196,OPP-0000000318,2026-09-02,2026-09,Manuel Alvarez,BJ CONTRATISTAS MINEROS S.A.C.,Enviada,12,Reciente,1190.0,1404.2
026-0012195,,2026-09-02,2026-09,Manuel Alvarez,SERVICIOS MINEROS RF S.A.C.,Cancelada,12,Reciente,0.0,0.0
026-0012191,OPP-0000000278,2026-09-01,2026-09,Manuel Alvarez,MASTERCOL S.A.,Enviada,13,Reciente,1390.0,1640.2
026-0012185,OPP-0000000308,2026-09-01,2026-09,Manuel Alvarez,MOTORES DIESEL ANDINOS S.A.- MODASA,Borrador,13,Reciente,0.0,0.0
026-0012261,OPP-0000000399,2026-09-11,2026-09,Mario Li,GLOBAL PROCESSING SOLUTIONS S.A.C,Enviada,3,Reciente,1169.14,1379.59
026-0012250,OPP-0000000383,2026-09-10,2026-09,Mario Li,INDUSTRIAL EXCHANGER TUBILLAS S.A.C.,Enviada,4,Reciente,3720.0,4389.6
026-0012213,OPP-0000000337,2026-09-10,2026-09,Mario Li,TP INTERCAMBIADORES S.A.C.,Confirmada,4,Reciente,1244.5,1468.51
026-0012248,OPP-0000000387,2026-09-09,2026-09,Mario Li,MECANICA FINA INDUSTRIAL EMPRESA INDIVIDUAL DE RESPONSABILIDAD LIMITADA,Enviada,5,Reciente,43923.6,51829.84
026-0012247,OPP-0000000386,2026-09-09,2026-09,Mario Li,MECANICA FINA INDUSTRIAL EMPRESA INDIVIDUAL DE RESPONSABILIDAD LIMITADA,Enviada,5,Reciente,2356.9,2781.14
026-0012243,OPP-0000000383,2026-09-08,2026-09,Mario Li,INDUSTRIAL EXCHANGER TUBILLAS S.A.C.,Enviada,6,Reciente,6240.0,7363.2
026-0012233,,2026-09-07,2026-09,Mario Li,FCA PERUANA ETERNIT S A,Enviada,7,Reciente,1345.9,1588.16
026-0012229,OPP-0000000360,2026-09-07,2026-09,Mario Li,TP INTERCAMBIADORES S.A.C.,Enviada,7,Reciente,14582.12,17206.9
026-0012223,OPP-0000000346,2026-09-05,2026-09,Mario Li,MANTENIMIENTO E INGENIERIA EN OPERACIONES UNITARIAS S.A.C.,Enviada,9,Reciente,3250.0,3835.0
026-0012022,OPP-0000000070,2026-09-04,2026-09,Mario Li,TP INTERCAMBIADORES S.A.C.,Confirmada,10,Reciente,10131.92,11955.67
026-0012209,OPP-0000000333,2026-09-03,2026-09,Mario Li,TP INTERCAMBIADORES S.A.C.,Enviada,11,Reciente,1311.44,1547.5
026-0012189,OPP-0000000312,2026-09-01,2026-09,Mario Li,TP INTERCAMBIADORES S.A.C.,Enviada,13,Reciente,7520.35,8874.01
026-0012188,OPP-0000000311,2026-09-01,2026-09,Mario Li,TP INTERCAMBIADORES S.A.C.,Enviada,13,Reciente,11045.76,13034.01
026-0011964,OPP-0000000089,2026-09-11,2026-09,Mercedes Quispe,CATALINA HUANCA SOCIEDAD MINERA S.A.C.,Confirmada,3,Reciente,6370.0,7516.6
026-0011211,,2026-09-11,2026-09,Mercedes Quispe,CORPORACION CHINCHAY S.A.C.,Confirmada,3,Reciente,720.0,849.6
026-0011210,,2026-09-11,2026-09,Mercedes Quispe,DRILLING CORP S.A.C.,Confirmada,3,Reciente,1080.0,1274.4
026-0012264,OPP-0000000402,2026-09-11,2026-09,Mercedes Quispe,GESTION MINERA INTEGRAL S.A.C.,Borrador,3,Reciente,6680.0,7882.4
026-0012260,OPP-0000000398,2026-09-11,2026-09,Mercedes Quispe,NEXA RESOURCES PERU S.A.A.,Enviada,3,Reciente,1203.6,1420.25
026-0012256,OPP-0000000394,2026-09-10,2026-09,Mercedes Quispe,GESTION MINERA INTEGRAL S.A.C.,Borrador,4,Reciente,1890.0,2230.2
026-0012252,OPP-0000000391,2026-09-10,2026-09,Mercedes Quispe,GESTION MINERA INTEGRAL S.A.C.,Borrador,4,Reciente,380.0,448.4
026-0012215,OPP-0000000340,2026-09-09,2026-09,Mercedes Quispe,GEOTECH DRILLING PRODUCTS S.A.C.,Confirmada,5,Reciente,460.0,542.8
026-0012246,,2026-09-08,2026-09,Mercedes Quispe,NEXA RESOURCES PERU S.A.A.,Borrador,6,Reciente,1850.0,2183.0
026-0012245,OPP-0000000384,2026-09-08,2026-09,Mercedes Quispe,OVERPRIME MANUFACTURING S.A.C.,Borrador,6,Reciente,10190.0,12024.2
026-0012244,OPP-0000000384,2026-09-08,2026-09,Mercedes Quispe,OVERPRIME MANUFACTURING S.A.C.,Borrador,6,Reciente,11890.0,14030.2
026-0012226,OPP-0000000349,2026-09-07,2026-09,Mercedes Quispe,GESTION MINERA INTEGRAL S.A.C.,Borrador,7,Reciente,1520.0,1793.6
026-0012221,OPP-0000000344,2026-09-04,2026-09,Mercedes Quispe,GESTION MINERA INTEGRAL S.A.C.,Confirmada,10,Reciente,1992.0,2350.56
026-0012217,OPP-0000000341,2026-09-04,2026-09,Mercedes Quispe,MINSUR S. A.,Borrador,10,Reciente,0.0,0.0
026-0012208,OPP-0000000332,2026-09-03,2026-09,Mercedes Quispe,W. ANGELES SERVICIOS GENERALES S.A.C.,Borrador,11,Reciente,429.2,506.46
026-0012161,OPP-0000000288,2026-09-03,2026-09,Mercedes Quispe,OVERPRIME MANUFACTURING S.A.C.,Confirmada,11,Reciente,2250.0,2655.0
026-0012056,OPP-0000000057,2026-09-02,2026-09,Mercedes Quispe,DRILLING CORP S.A.C.,Confirmada,12,Reciente,2464.0,2907.52
026-0012259,OPP-0000000397,2026-09-11,2026-09,Rintusac,SERVICIOS EN CONSTRUCCION Y MINERIA DEL CENTRO SOCIEDAD COMERCIAL DE RESPONSABILIDAD LIMITADA,Enviada,3,Reciente,2390.0,2820.2
026-0012254,OPP-0000000392,2026-09-10,2026-09,Rintusac,TRANSLOG PERU S.A.C.,Enviada,4,Reciente,4840.0,5711.2
026-0012253,OPP-0000000390,2026-09-10,2026-09,Rintusac,CORPORACION INDUSTRIAL Y SERVICIOS GENERALES S.A.C.,Enviada,4,Reciente,1260.0,1486.8
026-0012228,OPP-0000000359,2026-09-07,2026-09,Rintusac,ARNAO SERVICES S.A.C,Confirmada,7,Reciente,1000.0,1180.0
026-0012190,OPP-0000000313,2026-09-03,2026-09,Rintusac,L & G INTERNATIONAL PARTS S.A.C.,Confirmada,11,Reciente,662.84,782.15
026-0012158,OPP-0000000287,2026-09-03,2026-09,Rintusac,L & G INTERNATIONAL PARTS S.A.C.,Confirmada,11,Reciente,662.71,782.0
026-0011840,OPP-0000000253,2026-09-03,2026-09,Rintusac,RESEMIN S.A.,Confirmada,11,Reciente,20000.0,23600.0
026-0012008,OPP-0000000054,2026-09-03,2026-09,Rintusac,RESEMIN S.A.,Confirmada,11,Reciente,12350.0,14573.0
026-0012187,OPP-0000000310,2026-09-01,2026-09,Rintusac,RADIADORES ARNAO INDUSTRIAL S.A.C,Confirmada,13,Reciente,560.0,660.8
