Cotizacion,Cod_Oportunidad,Fecha,Periodo,Vendedor,Cliente,Estado,Producto,Codigo,Marca,Cantidad,Precio_Unit,Monto_Sin_IGV
026-0011210,,2026-09-11,2026-09,Mercedes Quispe,DRILLING CORP S.A.C.,Confirmada,ENFRIADOR DE ACEITE P/ COMPRESOR GARDNER DENVER CT10,40600568,Heatex,3.0,360.0,1080.0
026-0011211,,2026-09-11,2026-09,Mercedes Quispe,CORPORACION CHINCHAY S.A.C.,Confirmada,ENFRIADOR DE ACEITE P/ COMPRESOR GARDNER DENVER CT10,40600568,Heatex,2.0,360.0,720.0
026-0011452,OPP-0000000276,2026-08-27,2026-08,Mercedes Quispe,GESTION MINERA INTEGRAL S.A.C.,Confirmada,SERVICIO DE MANTENIMIENTO Y REPARACION,97000001,Otros,1.0,420.0,420.0
026-0011453,OPP-0000000292,2026-08-26,2026-08,Mercedes Quispe,GESTION MINERA INTEGRAL S.A.C.,Confirmada,SERVICIO MANTENIMIENTO,91000001,,1.0,320.0,320.0
026-0011554,,2026-08-04,2026-08,Jeancarlos Castillo,RESEMIN S.A.,Confirmada,ENFRIADOR DE ACEITE HIDRAULICO PARKER 016 (A539016) (copiar),40600330,Heatex,4.0,1998.0,7992.0
026-0011591,OPP-0000000355,2026-08-14,2026-08,Rintusac,RESEMIN S.A.,Confirmada,ENFRIADOR OIL HIDR. BOWMAN FG120 1427-3 (3P),40200016,Bowman,1.0,1290.0,1290.0
026-0011706,OPP-0000000358,2026-08-13,2026-08,Rintusac,RESEMIN S.A.,Confirmada,ENFRIADOR OIL HIDR. BOWMAN FG120 1427-3TC (3P) COBRE,40200015,Bowman,20.0,1070.0,21400.0
026-0011763,OPP-0000000155,2026-08-25,2026-08,Jeancarlos Castillo,ROBOCON SERVICIOS S.A.C.,Confirmada,ENFRIADOR DE ACEITE P/ COMPRESOR WETKRET 4,40600595,Heatex,1.0,1690.0,1690.0
026-0011823,OPP-0000000032,2026-08-05,2026-08,Arnold Hernández,PESQUERA HAYDUK S.A.,Confirmada,INTERCAMBIADOR DE CALOR GPHE ALFA LAVAL T10-BFM 69PL-TI- 0.5-NBRB,40100813,,1.0,22400.0,22400.0
026-0011829,OPP-0000000352,2026-09-07,2026-09,Manuel Alvarez,METAL TECNICA S A,Confirmada,SERVICIO MANTENIMIENTO,91000001,,1.0,355.0,355.0
026-0011831,OPP-0000000206,2026-08-17,2026-08,Arnold Hernández,RESEMIN S.A.,Confirmada,SERVICIO REPARACION,92000001,,1.0,795.0,795.0
026-0011839,OPP-0000000362,2026-08-13,2026-08,Rintusac,RESEMIN S.A.,Confirmada,ENFRIADOR OIL HIDR. BOWMAN FG120 1427-3TC (3P) COBRE,40200015,Bowman,8.0,1070.0,8560.0
026-0011840,OPP-0000000253,2026-09-03,2026-09,Rintusac,RESEMIN S.A.,Confirmada,ENFRIADOR SISTEMA DE ACEITE P / C4.4 P / N.HTX- 656549 -91 v4,40600164,Heatex,25.0,800.0,20000.0
026-0011844,OPP-0000000151,2026-08-18,2026-08,Arnold Hernández,ADMINISTRACION DE EMPRESAS S.A.C.,Confirmada,SERVICIO REPARACION,92000001,,1.0,4709.75,4709.75
026-0011844,OPP-0000000151,2026-08-18,2026-08,Arnold Hernández,ADMINISTRACION DE EMPRESAS S.A.C.,Confirmada,SERVICIO REPARACION,92000001,,1.0,1250.0,1250.0
026-0011844,OPP-0000000151,2026-08-18,2026-08,Arnold Hernández,ADMINISTRACION DE EMPRESAS S.A.C.,Confirmada,SERVICIO REPARACION,92000001,,1.0,3450.0,3450.0
026-0011848,OPP-0000000364,2026-08-11,2026-08,Rintusac,INTERCAMBIADORES BALVIN S.R.L.,Confirmada,ENFRIADOR SISTEMA DE ACEITE HEATEX P / N. 133-0125,40600119,Heatex,1.0,1140.0,1140.0
026-0011881,OPP-0000000240,2026-08-24,2026-08,Arnold Hernández,KANAY S.A.C.,Confirmada,INTERCAMBIADOR SOLDADO CB200-90M BPHE / 3287085089,40100815,,1.0,12120.0,12120.0
026-0011935,,2026-08-28,2026-08,Mercedes Quispe,COMPAÑIA MINERA COIMOLACHE S.A.,Cancelada,KIT2 TL10P2-316-0.5-EPDMP / C CHANNEL PLATE 4H GPHE / 3950888503,40100470,Alfa Laval,76.0,363.8,27510.56
026-0011936,OPP-0000000109,2026-08-08,2026-08,Mercedes Quispe,PERUPLAST S A,Confirmada,SERVICIO DE MANTENIMIENTO Y REPARACION,97000001,Otros,1.0,3990.0,3990.0
026-0011940,OPP-0000000062,2026-08-04,2026-08,Manuel Alvarez,SERVICIOS MINEROS RF S.A.C.,Confirmada,SERVICIO MANTENIMIENTO,91000001,,1.0,7810.0,7263.3
026-0011942,OPP-0000000356,2026-08-08,2026-08,Mercedes Quispe,MINSUR S. A.,Confirmada,SERVICIO REPARACION,92000001,,1.0,7200.0,5868.0
026-0011951,OPP-0000000005,2026-08-10,2026-08,Jeancarlos Castillo,XIAN BUSINESS CORPORATION S.A.C.,Confirmada,ENFRIADOR COMPLETO ACEITE/AGUA/ACEITE BAP P/PAUS 853-S8 555-139 VER02,40600436,Heatex,1.0,1850.0,1850.0
026-0011964,OPP-0000000089,2026-09-11,2026-09,Mercedes Quispe,CATALINA HUANCA SOCIEDAD MINERA S.A.C.,Confirmada,ENFRIADOR DE ACEITE PARA COMPRESORA ATLAS COPCO GA280 (NP: 1092116720),40600594,Heatex,1.0,6370.0,6370.0
026-0011968,OPP-0000000003,2026-08-17,2026-08,Jeancarlos Castillo,ANTESA S.A.C.,Confirmada,"GRAPA DESMONT. TIPO ""M"" HEATEX COSTILLADAS 160906 P / 106570",40600008,Heatex,146.0,4.08,595.68
026-0011968,OPP-0000000003,2026-08-17,2026-08,Jeancarlos Castillo,ANTESA S.A.C.,Confirmada,SELLO DESMONT. C / CANAL HEATEX 721201B V2,40600476,Heatex,146.0,6.5,949.0
026-0011968,OPP-0000000003,2026-08-17,2026-08,Jeancarlos Castillo,ANTESA S.A.C.,Confirmada,SELLO DESMONT. S / CANAL HEATEX 721201T V2,40600477,Heatex,146.0,6.5,949.0
026-0011970,OPP-0000000004,2026-08-03,2026-08,Jeancarlos Castillo,ZANINGROUP MINING AND CONSTRUCTION S.A.C.-ZANINGROUP S.A.C.,Confirmada,SERVICIO REPARACION,92000001,,1.0,1390.0,1390.0
026-0011980,OPP-0000000024,2026-08-08,2026-08,Mercedes Quispe,PERUPLAST S A,Confirmada,SERVICIO DE EVALUACION,90000011,,1.0,750.0,750.0
026-0011980,OPP-0000000024,2026-08-08,2026-08,Mercedes Quispe,PERUPLAST S A,Confirmada,SERVICIO DE MANTENIMIENTO Y REPARACION,97000001,Otros,1.0,4340.0,4340.0
026-0011984,,2026-08-12,2026-08,Arnold Hernández,RESEMIN S.A.,Confirmada,SERVICIO MANTENIMIENTO,91000001,,1.0,775.0,775.0
026-0011990,OPP-0000000038,2026-08-08,2026-08,Jeancarlos Castillo,VPTM IQUITOS S.A.C.,Confirmada,REVESTIMIENTO PARA S62-IS10 238PL,10540238,Otros,4.0,85.0,340.0
026-0011993,OPP-0000000028,2026-09-03,2026-09,Manuel Alvarez,FAMAX SEAL PERU S.A.C,Confirmada,SERVICIO MANTENIMIENTO,91000001,,1.0,1060.0,954.0
026-0012003,OPP-0000000353,2026-08-01,2026-08,Mercedes Quispe,NEXA RESOURCES CAJAMARQUILLA S.A.,Confirmada,SERVICIO MANTENIMIENTO,91000001,,1.0,5650.0,5650.0
026-0012007,OPP-0000000054,2026-08-31,2026-08,Rintusac,RESEMIN S.A.,Confirmada,ENFRIADOR OIL HIDR. BOWMAN FG120 1427-3TC (3P) COBRE,40200015,Bowman,20.0,1070.0,21400.0
026-0012008,OPP-0000000054,2026-09-03,2026-09,Rintusac,RESEMIN S.A.,Confirmada,ENFRIADOR DE ACEITE HIDR. HTXDC-011P-02-N-BW 24V DC (copiar),40600390,Heatex,7.0,450.0,3150.0
026-0012008,OPP-0000000054,2026-09-03,2026-09,Rintusac,RESEMIN S.A.,Confirmada,ENFRIADOR SISTEMA DE ACEITE P/ MOTOR DEUTZ TCD 3.6,40600579,Heatex,10.0,920.0,9200.0
026-0012010,,2026-08-03,2026-08,Jeancarlos Castillo,ZANINGROUP MINING AND CONSTRUCTION S.A.C.-ZANINGROUP S.A.C.,Cancelada,ENFRIADOR COMPLETO ACEITE/AGUA/ACEITE BAP P/PAUS 853-S8 555-139 VER02,40600436,Heatex,1.0,2190.0,2190.0
026-0012015,OPP-0000000065,2026-08-17,2026-08,Jeancarlos Castillo,INDUSTRIA ESPECIALIZADA Y REPRESENTACIONES SOCIEDAD ANONIMA CERRADA,Confirmada,ENFRIADOR OIL HIDR. BOWMAN FG120 1427-3TC (3P) COBRE,40200015,Bowman,3.0,1240.0,3720.0
026-0012018,OPP-0000000068,2026-08-12,2026-08,Mercedes Quispe,GESTION MINERA INTEGRAL S.A.C.,Confirmada,SERVICIO DE MANTENIMIENTO Y REPARACION,97000001,Otros,1.0,10530.0,8940.0
026-0012022,OPP-0000000070,2026-09-04,2026-09,Mario Li,TP INTERCAMBIADORES S.A.C.,Confirmada,INTERCAMBIADOR SOLDADO ACP220EQ-196L-F / 3075201881,40100818,,1.0,10554.08,10131.92
026-0012023,OPP-0000000153,2026-08-17,2026-08,Arnold Hernández,PAN AMERICAN SILVER HUARON S.A.,Confirmada,SERVICIO REPARACION,92000001,,1.0,5390.0,4851.0
026-0012024,OPP-0000000033,2026-08-17,2026-08,Mercedes Quispe,"SOUTHERN PERU COPPER CORPORATION, SUCURSAL DEL PERÚ",Confirmada,JUNTA PLACA A15B-NBRP-HP / PEAK PLATE GASKET GPHE / 3233002246,40100229,Alfa Laval,4.0,63.5,254.0
026-0012024,OPP-0000000033,2026-08-17,2026-08,Mercedes Quispe,"SOUTHERN PERU COPPER CORPORATION, SUCURSAL DEL PERÚ",Confirmada,JUNTA PLACA A15B-NBRP-LP / FLAT PLATE GASKET GPHE / 3233002046,40100230,Alfa Laval,791.0,58.8,46510.8
026-0012024,OPP-0000000033,2026-08-17,2026-08,Mercedes Quispe,"SOUTHERN PERU COPPER CORPORATION, SUCURSAL DEL PERÚ",Confirmada,"PEGAMENTO *DG* GC8 4,2 Kg (approx 4,72 L) GPHE / 189990026",40100261,Alfa Laval,8.0,355.0,2840.0
026-0012028,OPP-0000000072,2026-08-01,2026-08,Arnold Hernández,VOLCAN COMPANIA MINERA S.A.A.,Confirmada,ENFRIADOR DE AIRE MANITOU ,40600544,Heatex,1.0,3717.99,3717.99
026-0012028,OPP-0000000072,2026-08-01,2026-08,Arnold Hernández,VOLCAN COMPANIA MINERA S.A.A.,Confirmada,RADIADOR DE REFRIGERANTE MANITOU ,40600542,Heatex,1.0,5969.25,5969.25
026-0012029,,2026-08-03,2026-08,Arnold Hernández,JRC INGENIERÍA Y CONSTRUCCIÓN S.A.C.,Confirmada,RADIADOR REFRIGERANTE P/CAT C6.6 365-2909 BAP C/ALEROS,40600311,Heatex,1.0,1690.0,1690.0
026-0012031,OPP-0000000115,2026-08-11,2026-08,Arnold Hernández,OPERACIONES MINERAS SAN PEDRO SOCIEDAD ANONIMA CERRADA,Confirmada,SERVICIO REPARACION,92000001,,1.0,2938.54,2938.54
026-0012036,OPP-0000000366,2026-08-28,2026-08,Rintusac,INDUSTRIAL EXCHANGER TUBILLAS S.A.C.,Confirmada,LAMINA ALUMINIO X 0.23MM (BOBINA),40900049,Heatex,0.9,4.5,4.05
026-0012038,,2026-08-12,2026-08,Arnold Hernández,RESEMIN S.A.,Confirmada,SERVICIO REPARACION,92000001,,1.0,764.0,764.0
026-0012039,OPP-0000000076,2026-08-01,2026-08,Jeancarlos Castillo,ROBOCON SERVICIOS S.A.C.,Cancelada,KIT DE ENFRIAMIENTO P/ NORMET TCD2012 ,40600567,Heatex,1.0,2100.0,2100.0
026-0012040,OPP-0000000076,2026-08-21,2026-08,Jeancarlos Castillo,ROBOCON SERVICIOS S.A.C.,Confirmada,KIT DE ENFRIAMIENTO P/ NORMET TCD2012 ,40600567,Heatex,1.0,2500.0,2500.0
026-0012041,,2026-08-03,2026-08,Mario Li,TP INTERCAMBIADORES S.A.C.,Cancelada,SERVICIO MANTENIMIENTO,91000001,,1.0,3250.0,3250.0
026-0012042,,2026-08-03,2026-08,Jeancarlos Castillo,OYOLA ALFARO RONAL RODY,Cancelada,SELLO DESMONT. C / CANAL HEATEX 721201B V2,40600476,Heatex,94.0,1.7,159.8
026-0012042,,2026-08-03,2026-08,Jeancarlos Castillo,OYOLA ALFARO RONAL RODY,Cancelada,SELLO DESMONT. S / CANAL HEATEX 721201T V2,40600477,Heatex,94.0,1.7,159.8
026-0012042,,2026-08-03,2026-08,Jeancarlos Castillo,OYOLA ALFARO RONAL RODY,Cancelada,"TUBO DESMONT. CU 40"" ""M"" WATER-AIR",20100149,RINTUSAC,70.0,34.0,2380.0
026-0012043,,2026-08-03,2026-08,Mario Li,TECNOFIL S A,Cancelada,JUNTA PLACA M15B-NBRP-C / PEAK GASKET GPHE / 3233018196,40100228,Alfa Laval,62.0,72.35,4485.7
026-0012044,,2026-08-03,2026-08,Jeancarlos Castillo,ROBOCON SERVICIOS S.A.C.,Cancelada,ENFRIADOR DE ACEITE HIDRAULICO P/MOTOR TCD 2013 ALPHA 30 V2,40600460,Heatex,4.0,1400.0,5600.0
026-0012044,,2026-08-03,2026-08,Jeancarlos Castillo,ROBOCON SERVICIOS S.A.C.,Cancelada,ENFRIADOR DE ACEITE HIDRAULICO P/MOTOR TCD 2013 ALPHA 30 V2,40600460,Heatex,1.0,1180.0,1180.0
026-0012044,,2026-08-03,2026-08,Jeancarlos Castillo,ROBOCON SERVICIOS S.A.C.,Cancelada,RADIADOR REFRIGERANTE P/CAT C6.6 365-2909 BAP C/ALEROS,40600311,Heatex,4.0,1640.0,6560.0
026-0012045,OPP-0000000210,2026-08-03,2026-08,Manuel Alvarez,CONTRATISTAS PERUMIN S.A.C.,Cancelada,SELLO DESMONT. C / CANAL AGUA-AIRE-ACEITE HEATEX,40600512,Heatex,10.0,2.35,23.5
026-0012045,OPP-0000000210,2026-08-03,2026-08,Manuel Alvarez,CONTRATISTAS PERUMIN S.A.C.,Cancelada,SELLO DESMONT. S / CANAL AGUA-AIRE-ACEITE HEATEX,40600513,Heatex,10.0,2.35,23.5
026-0012046,,2026-08-17,2026-08,Jeancarlos Castillo,TUMI CONTRATISTAS MINEROS S.A.C.,Cancelada,ENFRIADOR OIL HIDR. BOWMAN GL240-1428-4 (3P) 90 / 10,40200219,Bowman,4.0,2400.0,9600.0
026-0012047,,2026-08-11,2026-08,Jeancarlos Castillo,TECNOMECANICA SERVICIOS HIDRAULICOS SOCIEDAD ANONIMA CERRADA,Confirmada,ENFRIADOR HIDRAULICO BAP COMPLETO CMS1/O/24V/002 66337005,40600503,Heatex,1.0,980.0,980.0
026-0012048,OPP-0000000210,2026-08-03,2026-08,Manuel Alvarez,METALTEC ENGENEERING STEELS E.I.R.L.,Confirmada,SELLO DESMONT. C / CANAL AGUA-AIRE-ACEITE HEATEX,40600512,Heatex,10.0,2.35,23.5
026-0012048,OPP-0000000210,2026-08-03,2026-08,Manuel Alvarez,METALTEC ENGENEERING STEELS E.I.R.L.,Confirmada,SELLO DESMONT. S / CANAL AGUA-AIRE-ACEITE HEATEX,40600513,Heatex,10.0,2.35,23.5
026-0012049,OPP-0000000077,2026-08-05,2026-08,Manuel Alvarez,UNION DE CONCRETERAS S.A,Cancelada,RADIADOR DE SISTEMA REFRIGERANTE P / CAT C4.4 P / 236-7766 BAR AND PLATE,40600295,Heatex,1.0,1470.0,1470.0
026-0012050,OPP-0000000082,2026-08-13,2026-08,Arnold Hernández,JRC INGENIERÍA Y CONSTRUCCIÓN S.A.C.,Confirmada,RADIADOR AFTERCOOLER R1600H,20100078,RINTUSAC,1.0,4940.0,4693.0
026-0012051,,2026-08-07,2026-08,Jeancarlos Castillo,RESEMIN S.A.,Confirmada,VENTILADOR HEATEX P/ENFRIADOR HTX0367AH11 HYD,40600426,Heatex,3.0,360.0,1080.0
026-0012052,OPP-0000000083,2026-08-07,2026-08,Manuel Alvarez,MINERA CRC SOCIEDAD ANONIMA CERRADA,Confirmada,SERVICIO MANTENIMIENTO,91000001,,1.0,750.0,727.5
026-0012053,,2026-08-05,2026-08,Arnold Hernández,STRACON PERÚ S.A.,Cancelada,SERVICIO REPARACION,92000001,,1.0,4690.0,4690.0
026-0012054,OPP-0000000086,2026-08-07,2026-08,Arnold Hernández,JRC INGENIERÍA Y CONSTRUCCIÓN S.A.C.,Confirmada,COMBICOOLER 845483 P/. DESATADOR PAUS PSCALE 8T (copiar),40600414,Heatex,1.0,4320.0,3542.4
026-0012055,OPP-0000000369,2026-08-04,2026-08,Rintusac,RESEMIN S.A.,Confirmada,ENFRIADOR SISTEMA DE ACEITE P / C4.4 P / N.HTX- 656549 -91 v4,40600164,Heatex,10.0,800.0,8000.0
026-0012056,OPP-0000000057,2026-09-02,2026-09,Mercedes Quispe,DRILLING CORP S.A.C.,Confirmada,ENFRIADOR OIL HIDR. BOWMAN FG120 1427-3TC (3P) COBRE,40200015,Bowman,2.0,1232.0,2464.0
026-0012057,OPP-0000000087,2026-08-04,2026-08,Mercedes Quispe,CORPORACION CHINCHAY S.A.C.,Enviada,ENFRIADOR OIL HIDR. BOWMAN FG120 1427-3TC (3P) COBRE,40200015,Bowman,1.0,1232.0,1232.0
026-0012058,OPP-0000000088,2026-08-05,2026-08,Arnold Hernández,JRC INGENIERÍA Y CONSTRUCCIÓN S.A.C.,Confirmada,INTERCOOLER DE AIRE C4.4 V02/COMPLETO CON TINA C/ALERO			 ,40600529,Heatex,1.0,2190.0,2190.0
026-0012059,,2026-08-04,2026-08,Jeancarlos Castillo,TECHNICAL SOLUTIONS SRL,Cancelada,JUNTA ANULAR M10BW-CR-C / PEAK RING GASKET GPHE / 3233016195,40100346,Alfa Laval,22.0,19.85,436.7
026-0012060,OPP-0000000090,2026-08-05,2026-08,Arnold Hernández,JRC INGENIERÍA Y CONSTRUCCIÓN S.A.C.,Confirmada,"ENFRIADOR SIST. ACEITE T/ PLACAS CAT R1600H, 10PL (copiar)",40600398,Heatex,1.0,2980.0,2980.0
026-0012061,OPP-0000000093,2026-08-05,2026-08,Manuel Alvarez,FAVASERVIPERU E.I.R.L.,Enviada,JUNTA PLACA M10M-NBRB-C / PEAK GASKET GPHE / 3900176907,40100094,Alfa Laval,71.0,42.23,2778.25
026-0012061,OPP-0000000093,2026-08-05,2026-08,Manuel Alvarez,FAVASERVIPERU E.I.R.L.,Enviada,JUNTA PLACA M10M-NBRP-C / PEAK GASKET II GPHE / 390084017406,40100258,Alfa Laval,3.0,74.2,204.79
026-0012061,OPP-0000000093,2026-08-05,2026-08,Manuel Alvarez,FAVASERVIPERU E.I.R.L.,Enviada,PLACA M10M1-316-0.5-4H MET.COMPLETE PLATE GPHE / 3672174003,40100097,Alfa Laval,68.0,149.12,8619.14
026-0012061,OPP-0000000093,2026-08-05,2026-08,Manuel Alvarez,FAVASERVIPERU E.I.R.L.,Enviada,PLACA M10M2-316-0.6-0H MET.COMPLETE PLATE GPHE / 3673170076,40100092,Alfa Laval,3.0,163.2,447.98
026-0012061,OPP-0000000093,2026-08-05,2026-08,Manuel Alvarez,FAVASERVIPERU E.I.R.L.,Enviada,PLACA M10M2-316-0.6-4H MET.COMPLETE PLATE GPHE / 3673170003,40100264,Alfa Laval,3.0,163.5,416.93
026-0012062,OPP-0000000091,2026-08-05,2026-08,Mercedes Quispe,"SOUTHERN PERU COPPER CORPORATION, SUCURSAL DEL PERÚ",Enviada,JUNTA PLACA M15B-NBRP-C / PEAK GASKET GPHE / 3233018196,40100228,Alfa Laval,100.0,69.8,6980.0
026-0012063,,2026-08-05,2026-08,Jeancarlos Castillo,LA LLAVE S.A.,Cancelada,SERVICIO DE EVALUACION,90000011,,1.0,0,0
026-0012064,OPP-0000000233,2026-08-19,2026-08,Jeancarlos Castillo,LA LLAVE S.A.,Confirmada,SERVICIO REPARACION,92000001,,1.0,1400.0,1260.0
026-0012065,,2026-08-05,2026-08,Mario Li,TDM GEOSINTETICOS S.A.,Cancelada,INTERCAMBIADOR SOLDADO CB110-64H BPHE / 3287133282,40100558,Alfa Laval,1.0,3688.0,3688.0
026-0012066,,2026-08-05,2026-08,Arnold Hernández,FRESOMAC  S.A.C.,Cancelada,ENFRIADOR COMPLETO BAP HEATEX HTX 30-2-9 M/HYD P/040903014,40600435,Heatex,1.0,2350.0,2350.0
026-0012066,,2026-08-05,2026-08,Arnold Hernández,FRESOMAC  S.A.C.,Cancelada,PANAL DE OILCOOLER 1109.155.1000 P/. COMPRESOR KAESER FSD450 (copiar),40600384,Heatex,1.0,750.0,750.0
026-0012067,,2026-08-05,2026-08,Arnold Hernández,TOTAL MINING PARTS S.A.C.,Cancelada,SERVICIO MANTENIMIENTO,91000001,,1.0,450.0,427.5
026-0012068,,2026-08-05,2026-08,Rintusac,GUIAL SOLUTIONS E.I.R.L.,Cancelada,ENFRIADOR OIL HIDR. BOWMAN FG100 3827-2TC (2P) COBRE,40200013,Bowman,1.0,980.0,980.0
026-0012069,,2026-08-07,2026-08,Jeancarlos Castillo,FRIGOHIELO S.A,Cancelada,SERVICIO MANTENIMIENTO,91000001,,1.0,10400.0,10400.0
026-0012069,,2026-08-07,2026-08,Jeancarlos Castillo,FRIGOHIELO S.A,Cancelada,SERVICIO MANTENIMIENTO,91000001,,1.0,20140.0,20140.0
026-0012069,,2026-08-07,2026-08,Jeancarlos Castillo,FRIGOHIELO S.A,Cancelada,SERVICIO MANTENIMIENTO,91000001,,1.0,14340.0,14340.0
026-0012070,OPP-0000000098,2026-08-19,2026-08,Jeancarlos Castillo,KOMATSU-MITSUI MAQUINARIAS PERU S.A.,Confirmada,SERVICIO REPARACION,92000001,,1.0,1840.0,1840.0
026-0012071,OPP-0000000101,2026-08-07,2026-08,Arnold Hernández,RESEMIN S.A.,Enviada,SERVICIO MANTENIMIENTO,91000001,,1.0,220.0,187.0
026-0012071,OPP-0000000101,2026-08-07,2026-08,Arnold Hernández,RESEMIN S.A.,Enviada,SERVICIO REPARACION,92000001,,1.0,620.0,620.0
026-0012071,OPP-0000000101,2026-08-07,2026-08,Arnold Hernández,RESEMIN S.A.,Enviada,SERVICIO REPARACION,92000001,,1.0,760.0,760.0
026-0012072,,2026-08-07,2026-08,Jeancarlos Castillo,DRU EXPORT S.A.C.,Cancelada,SERVICIO MANTENIMIENTO,91000001,,1.0,9850.0,9850.0
026-0012072,,2026-08-07,2026-08,Jeancarlos Castillo,DRU EXPORT S.A.C.,Cancelada,SERVICIO MANTENIMIENTO,91000001,,1.0,140.0,140.0
026-0012073,OPP-0000000105,2026-08-10,2026-08,Arnold Hernández,IESA S A,Confirmada,ENFRIADOR OIL HIDR. BOWMAN FG120 1427-3TC (3P) COBRE,40200015,Bowman,1.0,1150.0,1150.0
026-0012074,,2026-08-10,2026-08,Arnold Hernández,JRC INGENIERÍA Y CONSTRUCCIÓN S.A.C.,Cancelada,ENFRIADOR SISTEMA DE ACEITE HIDRAULICO CAT R1600H 558-1695,40600178,Heatex,1.0,2190.0,2190.0
026-0012074,,2026-08-10,2026-08,Arnold Hernández,JRC INGENIERÍA Y CONSTRUCCIÓN S.A.C.,Cancelada,SERVICIO REPARACION,92000001,,1.0,2140.0,2140.0
026-0012075,OPP-0000000113,2026-08-10,2026-08,Arnold Hernández,JRC INGENIERÍA Y CONSTRUCCIÓN S.A.C.,Confirmada,ENFRIADOR OIL HIDR. BOWMAN GL140 3928-2 (3P) 90 / 10,40200108,Bowman,1.0,2780.0,2363.0
026-0012076,OPP-0000000112,2026-08-29,2026-08,Mercedes Quispe,NEXA RESOURCES CAJAMARQUILLA S.A.,Confirmada,SERVICIO MANTENIMIENTO,91000001,,1.0,5650.0,5650.0
026-0012077,OPP-0000000061,2026-08-12,2026-08,Manuel Alvarez,MOTORES DIESEL ANDINOS S.A.- MODASA,Confirmada,RADIADOR REFRIGERANTE P/CAT C6.6 365-2909 BAP C/ALEROS,40600311,Heatex,2.0,1600.0,3200.0
026-0012078,OPP-0000000116,2026-08-18,2026-08,Arnold Hernández,OPERACIONES MINERAS SAN PEDRO SOCIEDAD ANONIMA CERRADA,Confirmada,SERVICIO REPARACION,92000001,,1.0,1450.0,1450.0
026-0012079,OPP-0000000117,2026-08-19,2026-08,Arnold Hernández,VOLCAN COMPANIA MINERA S.A.A.,Confirmada,RADIADOR COMPLETO 3799901 P/. LHD CAT R1600H,20100287,RINTUSAC,1.0,12150.0,12150.0
026-0012079,OPP-0000000117,2026-08-19,2026-08,Arnold Hernández,VOLCAN COMPANIA MINERA S.A.A.,Confirmada,RADIADOR COMPLETO 3799901 P/. LHD CAT R1600H,20100287,RINTUSAC,1.0,12150.0,12150.0
026-0012079,OPP-0000000117,2026-08-19,2026-08,Arnold Hernández,VOLCAN COMPANIA MINERA S.A.A.,Confirmada,RADIADOR COMPLETO 3799901 P/. LHD CAT R1600H,20100287,RINTUSAC,1.0,12150.0,12150.0
026-0012079,OPP-0000000117,2026-08-19,2026-08,Arnold Hernández,VOLCAN COMPANIA MINERA S.A.A.,Confirmada,RADIADOR COMPLETO 3799901 P/. LHD CAT R1600H,20100287,RINTUSAC,1.0,12150.0,12150.0
026-0012079,OPP-0000000117,2026-08-19,2026-08,Arnold Hernández,VOLCAN COMPANIA MINERA S.A.A.,Confirmada,RADIADOR COMPLETO 3799901 P/. LHD CAT R1600H,20100287,RINTUSAC,1.0,12150.0,12150.0
026-0012079,OPP-0000000117,2026-08-19,2026-08,Arnold Hernández,VOLCAN COMPANIA MINERA S.A.A.,Confirmada,RADIADOR COMPLETO 3799901 P/. LHD CAT R1600H,20100287,RINTUSAC,1.0,12150.0,12150.0
026-0012080,OPP-0000000133,2026-08-14,2026-08,Rintusac,L & G INTERNATIONAL PARTS S.A.C.,Confirmada,SERVICIO DE FABRICACION (copiar),90000012,Otros,100.66,7.3,734.83
026-0012081,,2026-08-11,2026-08,Arnold Hernández,SINERMINCO SOCIEDAD ANONIMA CERRADA,Cancelada,ENFRIADOR COMPLETO ACEITE/AGUA/ACEITE BAP P/PAUS 853-S8 555-139 VER02,40600436,Heatex,1.0,2350.0,1997.5
026-0012082,,2026-08-12,2026-08,Jeancarlos Castillo,SOLUCIONES EN PROYECTOS DE ALIMENTOS S.A.C.,Cancelada,JUNTA PLACA TS6M-EPDMP-C / RIB GASKET GPHE / 3900581428,40100178,Alfa Laval,20.0,45.85,917.0
026-0012083,OPP-0000000131,2026-08-12,2026-08,Manuel Alvarez,SHOUGANG HIERRO PERU S.A.A.,Enviada,ENFRIADOR COMPLETO BAP HEATEX HTX-725-2-3 M/AC P/*040903010,40600443,Heatex,2.0,2690.0,5380.0
026-0012084,OPP-0000000124,2026-08-12,2026-08,Mercedes Quispe,BOART LONGYEAR SAC,Borrador,ENFRIADOR DE ACEITE COMPLETO P/ JUMBO EPIROC S1D 3217751236 (copiar),40600399,Heatex,2.0,4540.0,7718.0
026-0012085,OPP-0000000126,2026-08-12,2026-08,Mercedes Quispe,COMPAÑIA MINERA COIMOLACHE S.A.,Borrador,OTROS SERVICIOS,,,1.0,178.25,178.25
026-0012085,OPP-0000000126,2026-08-12,2026-08,Mercedes Quispe,COMPAÑIA MINERA COIMOLACHE S.A.,Borrador,OTROS SERVICIOS,,,172.0,144.7,24888.4
026-0012085,OPP-0000000126,2026-08-12,2026-08,Mercedes Quispe,COMPAÑIA MINERA COIMOLACHE S.A.,Borrador,OTROS SERVICIOS,,,2.0,158.9,317.8
026-0012085,OPP-0000000126,2026-08-12,2026-08,Mercedes Quispe,COMPAÑIA MINERA COIMOLACHE S.A.,Borrador,OTROS SERVICIOS,,,1.0,158.9,158.9
026-0012085,OPP-0000000126,2026-08-12,2026-08,Mercedes Quispe,COMPAÑIA MINERA COIMOLACHE S.A.,Borrador,OTROS SERVICIOS,,,1.0,226.48,226.48
026-0012086,OPP-0000000147,2026-08-22,2026-08,Jeancarlos Castillo,XIAN BUSINESS CORPORATION S.A.C.,Confirmada,ENFRIADOR DE ACEITE HIDR. HTXDC-011P-02-N-BW 24V DC (copiar),40600390,Heatex,1.0,540.0,540.0
026-0012087,,2026-08-13,2026-08,Arnold Hernández,JRC INGENIERÍA Y CONSTRUCCIÓN S.A.C.,Cancelada,COMBICOOLER 845483 P/. DESATADOR PAUS PSCALE 8T (copiar),40600414,Heatex,1.0,4320.0,3542.4
026-0012088,OPP-0000000123,2026-08-21,2026-08,Arnold Hernández,JRC INGENIERÍA Y CONSTRUCCIÓN S.A.C.,Confirmada,SERVICIO REPARACION,92000001,,1.0,2140.0,2140.0
026-0012089,OPP-0000000122,2026-08-19,2026-08,Manuel Alvarez,CONSORCIO FRAP S.A.C.,Confirmada,SERVICIO MANTENIMIENTO,91000001,,1.0,2000.0,1900.0
026-0012089,OPP-0000000122,2026-08-19,2026-08,Manuel Alvarez,CONSORCIO FRAP S.A.C.,Confirmada,SERVICIO MANTENIMIENTO,91000001,,2.0,1720.0,3233.6
026-0012089,OPP-0000000122,2026-08-19,2026-08,Manuel Alvarez,CONSORCIO FRAP S.A.C.,Confirmada,SERVICIO MANTENIMIENTO,91000001,,4.0,2750.0,10120.0
026-0012090,OPP-0000000127,2026-08-13,2026-08,Arnold Hernández,IESA S A,Confirmada,ENFRIADOR OIL HIDR. BOWMAN FG120 1427-3TC (3P) COBRE,40200015,Bowman,1.0,1150.0,1150.0
026-0012091,,2026-08-13,2026-08,Jeancarlos Castillo,ROBOCON SERVICIOS S.A.C.,Cancelada,KIT ENFRIADOR REFR / AIRE / OIL P / NORMET TCD2013 54825770 C/C,40600592,Heatex,1.0,2150.0,2150.0
026-0012093,,2026-08-14,2026-08,Arnold Hernández,GENESAL ENERGY PERU SAC,Cancelada,SERVICIO MANTENIMIENTO,91000001,,1.0,4850.0,4850.0
026-0012094,OPP-0000000148,2026-08-21,2026-08,Mercedes Quispe,GESTION MINERA INTEGRAL S.A.C.,Confirmada,SERVICIO MANTENIMIENTO,91000001,,1.0,550.0,550.0
026-0012095,,2026-08-15,2026-08,Jeancarlos Castillo,OYOLA ALFARO RONAL RODY,Cancelada,SELLO DESMONT. C / CANAL AGUA-AIRE-ACEITE HEATEX,40600512,Heatex,89.0,2.2,195.8
026-0012095,,2026-08-15,2026-08,Jeancarlos Castillo,OYOLA ALFARO RONAL RODY,Cancelada,SELLO DESMONT. S / CANAL AGUA-AIRE-ACEITE HEATEX,40600513,Heatex,89.0,2.2,195.8
026-0012096,OPP-0000000371,2026-08-17,2026-08,Rintusac,TP INTERCAMBIADORES S.A.C.,Confirmada,ENFRIADOR OIL HIDR. BOWMAN FG120 1427-3TC (3P) COBRE,40200015,Bowman,2.0,1250.0,2500.0
026-0012097,OPP-0000000217,2026-08-17,2026-08,Rintusac,TP INTERCAMBIADORES S.A.C.,Confirmada,ENFRIADOR OIL HIDR. BOWMAN FG120 1427-3TC (3P) COBRE,40200015,Bowman,2.0,1250.0,2500.0
026-0012098,OPP-0000000218,2026-08-17,2026-08,Manuel Alvarez,RADIADORES AREQUIPA S.A.C,Enviada,SELLO DESMONT. C / CANAL HEATEX 721201B V2,40600476,Heatex,325.0,1.85,541.13
026-0012099,,2026-08-17,2026-08,Jeancarlos Castillo,ANTESA S.A.C.,Cancelada,SELLO DESMONT. C / CANAL HEATEX 721201B V2,40600476,Heatex,109.0,6.5,708.5
026-0012099,,2026-08-17,2026-08,Jeancarlos Castillo,ANTESA S.A.C.,Cancelada,SELLO DESMONT. S / CANAL HEATEX 721201T V2,40600477,Heatex,109.0,6.5,708.5
026-0012100,,2026-08-18,2026-08,Arnold Hernández,JRC INGENIERÍA Y CONSTRUCCIÓN S.A.C.,Cancelada,RADIADOR 371314 P/. HAULAGE TRUCK KOMATSU 16TD,40600327,Heatex,1.0,7250.0,7250.0
026-0012101,OPP-0000000220,2026-08-19,2026-08,Arnold Hernández,HYDROMINING GROUP S.A.C.,Confirmada,ENFRIADOR DE ACEITE HIDR. HTXDC-011P-02-N-BW 24V DC (copiar),40600390,Heatex,1.0,590.0,590.0
026-0012101,OPP-0000000220,2026-08-19,2026-08,Arnold Hernández,HYDROMINING GROUP S.A.C.,Confirmada,ENFRIADOR OIL HIDR. BOWMAN FG120 1427-3TC (3P) COBRE,40200015,Bowman,1.0,1309.0,1276.28
026-0012102,OPP-0000000061,2026-08-24,2026-08,Manuel Alvarez,MOTORES DIESEL ANDINOS S.A.- MODASA,Confirmada,SERVICIO MANTENIMIENTO,91000001,,1.0,350.0,350.0
026-0012103,OPP-0000000221,2026-08-18,2026-08,Arnold Hernández,VOLCAN COMPANIA MINERA S.A.A.,Confirmada,ENFRIADOR OIL HIDR. BOWMAN GL140 3928-2 (3P) 90 / 10,40200108,Bowman,1.0,2363.0,2363.0
026-0012103,OPP-0000000221,2026-08-18,2026-08,Arnold Hernández,VOLCAN COMPANIA MINERA S.A.A.,Confirmada,ENFRIADOR OIL HIDR. BOWMAN GL140 3928-2 (3P) 90 / 10,40200108,Bowman,1.0,2363.0,2363.0
026-0012104,,2026-08-18,2026-08,Arnold Hernández,MINERA GIGANTE SRL.,Cancelada,ENFRIADOR OIL HIDR. BOWMAN FG120 1427-3TC (3P) COBRE,40200015,Bowman,1.0,1580.0,1311.4
026-0012105,OPP-0000000148,2026-08-21,2026-08,Mercedes Quispe,GESTION MINERA INTEGRAL S.A.C.,Confirmada,SERVICIO MANTENIMIENTO,91000001,,1.0,680.0,680.0
026-0012106,,2026-08-18,2026-08,Mario Li,RAMIREZ ILATOMA SANTOS ELOY,Cancelada,INTERCAMBIADOR SOLDADO ACH-230DQ-70H-F BPHE / 3287084569,40100315,Alfa Laval,1.0,3450.0,3450.0
026-0012107,,2026-08-18,2026-08,Jeancarlos Castillo,ECOCRUCEROS S.A.C.,Cancelada,ORING NITRILO BOWMAN EC AN12NT,40200139,Bowman,2.0,8.0,13.6
026-0012107,,2026-08-18,2026-08,Jeancarlos Castillo,ECOCRUCEROS S.A.C.,Cancelada,SERVICIO MANTENIMIENTO,91000001,,1.0,150.0,150.0
026-0012108,,2026-08-18,2026-08,Mercedes Quispe,CIA MINERA RAURA S A,Cancelada,OTROS SERVICIOS,,,1.0,0,0
026-0012108,,2026-08-18,2026-08,Mercedes Quispe,CIA MINERA RAURA S A,Cancelada,SERVICIO DE MANTENIMIENTO Y REPARACION,97000001,Otros,1.0,9890.0,8307.6
026-0012109,,2026-08-18,2026-08,Mercedes Quispe,CIA MINERA RAURA S A,Cancelada,SERVICIO DE MANTENIMIENTO Y REPARACION,97000001,Otros,1.0,10530.0,8950.5
026-0012110,OPP-0000000225,2026-08-21,2026-08,Jeancarlos Castillo,TECNOMECANICA SERVICIOS HIDRAULICOS SOCIEDAD ANONIMA CERRADA,Cancelada,ENFRIADOR SISTEMA DE ACEITE P / C4.4 P / N.HTX- 656549 -91 v4,40600164,Heatex,3.0,800.0,2400.0
026-0012111,,2026-08-19,2026-08,Arnold Hernández,FRESOMAC  S.A.C.,Cancelada,ENFRIADOR OIL HIDR. BOWMAN FG120 1427-3TC (3P) COBRE,40200015,Bowman,1.0,1540.0,1232.0
026-0012112,OPP-0000000227,2026-08-19,2026-08,Jeancarlos Castillo,HYDEXCORP S.A.C.,Cancelada,HAZ TUBULAR BOWMAN FG120 TUBO 90 / 10 BAFLE / AL 1959-3TN1A,40200070,Bowman,1.0,1030.0,896.1
026-0012112,OPP-0000000227,2026-08-19,2026-08,Jeancarlos Castillo,HYDEXCORP S.A.C.,Cancelada,ORING NITRILO 2-349 ( Ø5.33 * 113.67) FG120,10240115,Bowman,2.0,10.0,17.4
026-0012113,,2026-08-19,2026-08,Jeancarlos Castillo,ECOCRUCEROS S.A.C.,Cancelada,ENFRIADOR OIL HIDR. BOWMAN EC120 1425-3 (3P) 90 / 10,40200110,Bowman,1.0,640.0,624.0
026-0012114,,2026-08-19,2026-08,Jeancarlos Castillo,MUNDO CALOR PERU S.A.C.,Confirmada,FLEJE ACERO GALVANIZADO 0.4 MM X 10 MM ,10320069,Otros,30.45,25.5,776.48
026-0012115,OPP-0000000228,2026-08-21,2026-08,Arnold Hernández,OPERACIONES MINERAS SAN PEDRO SOCIEDAD ANONIMA CERRADA,Confirmada,SERVICIO REPARACION,92000001,,1.0,1199.48,1199.48
026-0012117,,2026-08-19,2026-08,Rintusac,RESEMIN S.A.,Cancelada,CARCASA BOWMAN GL320 1428-4TC CASCO AL  (copiar),40200249,Bowman,1.0,2000.0,2000.0
026-0012118,,2026-08-21,2026-08,Jeancarlos Castillo,HYDEXCORP S.A.C.,Confirmada,ENFRIADOR OIL HIDR. BOWMAN FG120 3427-3 (3P),40200017,Bowman,1.0,1540.0,1540.0
026-0012119,,2026-08-19,2026-08,Mario Li,TERMOTEM PERU S.A.C.,Cancelada,INTERCAMBIADOR SOLDADO CBH16-17H BPHE / 3287099032,40100203,Alfa Laval,1.0,290.0,290.0
026-0012120,,2026-08-19,2026-08,Mario Li,INDUSTRIAL EXCHANGER TUBILLAS S.A.C.,Enviada,JUNTA ANULAR M10BW-NBRP-C / PEAK RING GASKET GPHE / 3233016196,40100617,Alfa Laval,40.0,28.7,1148.0
026-0012121,OPP-0000000246,2026-08-20,2026-08,Arnold Hernández,MINERA GIGANTE SRL.,Confirmada,ORING VITON BOWMAN FG OS52VT,40200210,Bowman,2.0,27.0,54.0
026-0012122,OPP-0000000248,2026-08-20,2026-08,Arnold Hernández,MINERA GIGANTE SRL.,Confirmada,SERVICIO DE EVALUACION,90000011,,1.0,120.0,120.0
026-0012123,OPP-0000000238,2026-08-25,2026-08,Jeancarlos Castillo,RESEMIN S.A.,Borrador,ENFRIADOR DE ACEITE HIDR. HTXDC-011P-02-N-BW 24V DC (copiar),40600390,Heatex,10.0,450.0,4500.0
026-0012123,OPP-0000000238,2026-08-25,2026-08,Jeancarlos Castillo,RESEMIN S.A.,Borrador,ENFRIADOR DE ACEITE HIDRAULICO PARKER 016 (A539016) (copiar),40600330,Heatex,11.0,1998.0,21978.0
026-0012123,OPP-0000000238,2026-08-25,2026-08,Jeancarlos Castillo,RESEMIN S.A.,Borrador,ENFRIADOR OIL HIDR. BOWMAN FG120 1427-3TC (3P) COBRE,40200015,Bowman,20.0,1070.0,21400.0
026-0012123,OPP-0000000238,2026-08-25,2026-08,Jeancarlos Castillo,RESEMIN S.A.,Borrador,ENFRIADOR OIL HIDR. BOWMAN GL240 1428-4TC (3P) COBRE,40200034,Bowman,7.0,2060.0,14420.0
026-0012124,OPP-0000000237,2026-08-21,2026-08,Manuel Alvarez,INNOVA CHILLTEC S.A.C.,Enviada,SERVICIO MANTENIMIENTO,91000001,,1.0,750.0,750.0
026-0012125,OPP-0000000249,2026-08-28,2026-08,Jeancarlos Castillo,LA LLAVE S.A.,Confirmada,SERVICIO REPARACION,92000001,,1.0,1790.0,1790.0
026-0012126,OPP-0000000241,2026-08-21,2026-08,Manuel Alvarez,OPP FILM S.A.,Enviada,SERVICIO MANTENIMIENTO,91000001,,15.0,425.0,6247.5
026-0012126,OPP-0000000241,2026-08-21,2026-08,Manuel Alvarez,OPP FILM S.A.,Enviada,SERVICIO MANTENIMIENTO,91000001,,15.0,425.0,6247.5
026-0012127,OPP-0000000242,2026-08-27,2026-08,Arnold Hernández,OPERACIONES MINERAS SAN PEDRO SOCIEDAD ANONIMA CERRADA,Confirmada,SERVICIO REPARACION,92000001,,1.0,790.0,790.0
026-0012128,,2026-08-21,2026-08,Mario Li,MECANICA FINA INDUSTRIAL EMPRESA INDIVIDUAL DE RESPONSABILIDAD LIMITADA,Cancelada,FK/ARM. T5M-FG ALS SS Pipe ISO 228-G 2B LC287 NBRP GPHE/ 8061028145 ,40100805,Alfa Laval,1.0,1600.0,1600.0
026-0012129,,2026-08-21,2026-08,Manuel Alvarez,SERVICIOS MINEROS RF S.A.C.,Cancelada,ENFRIADOR OIL HIDR. BOWMAN GL140 3928-2 (3P) 90/10 REMAN,60300034,Bowman,1.0,1780.0,1780.0
026-0012130,,2026-08-21,2026-08,Jeancarlos Castillo,SOLUCIONES EN PROYECTOS DE ALIMENTOS S.A.C.,Cancelada,SERVICIO MANTENIMIENTO,91000001,,88.0,37.5,3300.0
026-0012130,,2026-08-21,2026-08,Jeancarlos Castillo,SOLUCIONES EN PROYECTOS DE ALIMENTOS S.A.C.,Cancelada,SERVICIO MANTENIMIENTO,91000001,,88.0,27.0,2376.0
026-0012131,OPP-0000000251,2026-08-21,2026-08,Jeancarlos Castillo,CORPORACION MACMINING E.I.R.L.,Enviada,ENFRIADOR OIL HIDR. BOWMAN FG120 1427-3TC (3P) COBRE,40200015,Bowman,2.0,1260.0,2520.0
026-0012132,OPP-0000000255,2026-08-24,2026-08,Arnold Hernández,ADMINISTRACION DE EMPRESAS S.A.C.,Confirmada,RADIADOR DE REFRIGERANTE TD 3F P/ CAT R1600H 522-2621 ,20100211,CAT,1.0,6390.0,6390.0
026-0012133,OPP-0000000258,2026-08-24,2026-08,Arnold Hernández,GRUPO ASEGA S.A.C.,Confirmada,ENFRIADOR OIL HIDR. BOWMAN FG120 1427-3TC (3P) COBRE,40200015,Bowman,1.0,1300.0,1300.0
026-0012134,,2026-08-24,2026-08,Mario Li,TP INTERCAMBIADORES S.A.C.,Cancelada,JUNTA PLACA DR6P-NBRB CG / Rib LP GASKET GPHE / 390084041307,40100340,Alfa Laval,29.0,25.35,735.15
026-0012134,,2026-08-24,2026-08,Mario Li,TP INTERCAMBIADORES S.A.C.,Cancelada,JUNTA PLACA DR6P-NBRP / CG / LP GASKET GPHE / 390084041306,40100598,Alfa Laval,30.0,33.18,995.4
026-0012134,,2026-08-24,2026-08,Mario Li,TP INTERCAMBIADORES S.A.C.,Cancelada,JUNTA PLACA DR6P-NBRP / CG GASKET II GPHE / 390084041406,40100338,Alfa Laval,2.0,49.75,99.5
026-0012135,,2026-08-24,2026-08,Mario Li,TP INTERCAMBIADORES S.A.C.,Cancelada,JUNTA PLACA DR6P-NBRP / CG / LP GASKET GPHE / 390084041306,40100598,Alfa Laval,59.0,34.93,2060.87
026-0012135,,2026-08-24,2026-08,Mario Li,TP INTERCAMBIADORES S.A.C.,Cancelada,JUNTA PLACA DR6P-NBRP / CG GASKET II GPHE / 390084041406,40100338,Alfa Laval,2.0,49.75,99.5
026-0012136,OPP-0000000259,2026-08-25,2026-08,Manuel Alvarez,MAQUIRENA S.A.C.,Confirmada,COMBICOOLER 845483 P/. DESATADOR PAUS PSCALE 8T (copiar),40600415,Heatex,1.0,1800.0,1800.0
026-0012137,OPP-0000000259,2026-08-24,2026-08,Manuel Alvarez,MAQUIRENA S.A.C.,Enviada,RADIADOR COMPLETO ACEITE/AGUA/ACEITE PAUS PSCALE 8T,40600545,Heatex,1.0,4995.0,4995.0
026-0012138,OPP-0000000262,2026-08-25,2026-08,Mercedes Quispe,OVERPRIME MANUFACTURING S.A.C.,Borrador,ENFRIADOR OIL HIDR. BOWMAN GL180 1428-3 (3P) 90 / 10,40200026,Bowman,2.0,2080.0,4160.0
026-0012139,OPP-0000000263,2026-09-05,2026-09,Arnold Hernández,RESEMIN S.A.,Confirmada,SERVICIO REPARACION,92000001,,1.0,520.0,520.0
026-0012140,,2026-08-25,2026-08,Mercedes Quispe,COMPAÑIA DE MINAS BUENAVENTURA S.A.A.,Cancelada,SERVICIO MANTENIMIENTO,91000001,,1.0,3290.0,3290.0
026-0012141,OPP-0000000265,2026-08-26,2026-08,Jeancarlos Castillo,TECNOMECANICA SERVICIOS HIDRAULICOS SOCIEDAD ANONIMA CERRADA,Confirmada,ENFRIADOR HIDRAULICO BAP COMPLETO CMS1/O/24V/002 66337005,40600503,Heatex,5.0,980.0,4900.0
026-0012142,OPP-0000000266,2026-09-01,2026-09,Jeancarlos Castillo,ROBOCON SERVICIOS S.A.C.,Confirmada,KIT ENFRIADOR REFR / AIRE / OIL P / NORMET TCD2013 54825770 C/C,40600592,Heatex,4.0,2150.0,8600.0
026-0012143,,2026-08-25,2026-08,Arnold Hernández,ATLAS COPCO PERU S.A.C.,Cancelada,SERVICIO REPARACION,92000001,,1.0,3980.0,3980.0
026-0012144,,2026-08-25,2026-08,Arnold Hernández,ATLAS COPCO PERU S.A.C.,Cancelada,SERVICIO REPARACION,92000001,,1.0,4980.0,4980.0
026-0012145,OPP-0000000269,2026-09-02,2026-09,Arnold Hernández,JRC INGENIERÍA Y CONSTRUCCIÓN S.A.C.,Confirmada,INTERCOOLER P/CAT C6.6 365-2908 BAP S/ALEROS,20100283,Otros,1.0,1850.0,1850.0
026-0012146,OPP-0000000270,2026-08-26,2026-08,Jeancarlos Castillo,KOMATSU-MITSUI MAQUINARIAS PERU S.A.,Borrador,SERVICIO REPARACION,92000001,,1.0,5800.0,5800.0
026-0012147,OPP-0000000273,2026-08-26,2026-08,Jeancarlos Castillo,KOMATSU-MITSUI MAQUINARIAS PERU S.A.,Borrador,KIT DE ENFRIAMIENTO SIST. HID. P/. LHD KOMATSU WX07,20100157,RINTUSAC,1.0,2190.0,2124.3
026-0012148,OPP-0000000271,2026-08-26,2026-08,Jeancarlos Castillo,XIAN BUSINESS CORPORATION S.A.C.,Confirmada,ENFRIADOR DE ACEITE HIDR. HTXDC-011P-02-N-BW 24V DC (copiar),40600390,Heatex,1.0,540.0,540.0
026-0012149,OPP-0000000272,2026-08-28,2026-08,Jeancarlos Castillo,VPTM IQUITOS S.A.C.,Confirmada,JUNTA PLACA NBR HT P/ INTERCAMBIADOR S62-IS10,40600599,,240.0,23.6,5664.0
026-0012150,,2026-08-27,2026-08,Rintusac,COOLING AIR PERU S.A.C.,Cancelada,ENFRIADOR OIL HIDR. BOWMAN GL180 1428-3 (3P) 90 / 10,40200026,Bowman,1.0,2180.0,2180.0
026-0012151,,2026-08-27,2026-08,Jeancarlos Castillo,ROBOCON SERVICIOS S.A.C.,Cancelada,ENFRIADOR HIDRAULICO BAP COMPLETO CMS1/O/24V/002 66337005,40600503,Heatex,1.0,980.0,980.0
026-0012152,OPP-0000000281,2026-08-27,2026-08,Arnold Hernández,VOLCAN COMPANIA MINERA S.A.A.,Enviada,SERVICIO REPARACION,92000001,,1.0,7010.0,6309.0
026-0012153,,2026-08-27,2026-08,Rintusac,HEATEX USA INC. - TAX I.D 81-0820045,Cancelada,ENFRIADOR OIL HIDR. BOWMAN GL180 1428-3 (3P) 90 / 10,40200026,Bowman,1.0,2000.0,2000.0
026-0012154,,2026-08-27,2026-08,Rintusac,HEATEX USA INC. - TAX I.D 81-0820045,Cancelada,ENFRIADOR OIL HIDR. BOWMAN GL180 1428-3 (3P) 90 / 10,40200026,Bowman,1.0,0,0
026-0012155,,2026-08-27,2026-08,Rintusac,HEATEX USA INC. - TAX I.D 81-0820045,Cancelada,ENFRIADOR OIL HIDR. BOWMAN GL180 1428-3 (3P) 90 / 10,40200026,Bowman,1.0,2000.0,2000.0
026-0012156,,2026-08-27,2026-08,Rintusac,HEATEX USA INC. - TAX I.D 81-0820045,Cancelada,ENFRIADOR OIL HIDR. BOWMAN GL180 1428-3 (3P) 90 / 10,40200026,Bowman,1.0,2000.0,2000.0
026-0012157,,2026-08-27,2026-08,Rintusac,HEATEX USA INC. - TAX I.D 81-0820045,Cancelada,ENFRIADOR OIL HIDR. BOWMAN GL180 1428-3 (3P) 90 / 10,40200026,Bowman,1.0,2000.0,2000.0
026-0012158,OPP-0000000287,2026-09-03,2026-09,Rintusac,L & G INTERNATIONAL PARTS S.A.C.,Confirmada,SERVICIO DE FABRICACION (copiar),90000012,Otros,99.28,6.67,662.71
026-0012159,OPP-0000000280,2026-08-28,2026-08,Manuel Alvarez,INDUSTRIA DE FORTIFICACION MINERA S.A.C.,Enviada,SERVICIO MANTENIMIENTO,91000001,,1.0,150.0,150.0
026-0012160,OPP-0000000288,2026-08-28,2026-08,Mercedes Quispe,OVERPRIME MANUFACTURING S.A.C.,Cancelada,ENFRIADOR DE ACEITE HTX0367 CON AC MOTOR ELECTRICO 220/380/440 3 HP - IP55 INCL. CON. HTX32U20,40600557,Heatex,1.0,2420.0,2420.0
026-0012161,OPP-0000000288,2026-09-03,2026-09,Mercedes Quispe,OVERPRIME MANUFACTURING S.A.C.,Confirmada,ENFRIADOR COMPLETO BAP HEATEX HTX-725-2-3 M/AC P/*040903010,40600443,Heatex,1.0,2250.0,2250.0
026-0012162,OPP-0000000289,2026-09-07,2026-09,Arnold Hernández,COMPAÑIA MINERA CHUNGAR S.A.C.,Confirmada,SERVICIO REPARACION,92000001,,1.0,3960.0,3564.0
026-0012163,OPP-0000000290,2026-09-07,2026-09,Arnold Hernández,COMPAÑIA MINERA CHUNGAR S.A.C.,Confirmada,SERVICIO REPARACION,92000001,,1.0,2350.0,2115.0
026-0012164,OPP-0000000108,2026-08-28,2026-08,Mario Li,INKA TUBOS S.A.,Enviada,INTERCAMBIADOR DE PLACAS GPHE T10-BFM 100PL-TI-0.50-NBRP 30125-43745 (copiar),40100686,Alfa Laval,1.0,11617.37,11617.37
026-0012165,OPP-0000000291,2026-08-28,2026-08,Mercedes Quispe,Imbarex S.A.,Enviada,SERVICIO MANTENIMIENTO,91000001,,1.0,950.0,950.0
026-0012166,OPP-0000000280,2026-08-28,2026-08,Manuel Alvarez,INDUSTRIA DE FORTIFICACION MINERA S.A.C.,Enviada,ENFRIADOR DE ACEITE HIDR. HTXDC-011P-02-N-BW 24V DC (copiar),40600390,Heatex,1.0,540.0,540.0
026-0012167,OPP-0000000293,2026-08-28,2026-08,Arnold Hernández,ADMINISTRACION DE EMPRESAS S.A.C.,Enviada,COMBICOOLER 845483 P/. DESATADOR PAUS PSCALE 8T (copiar),40600414,Heatex,1.0,3888.0,3888.0
026-0012168,,2026-08-28,2026-08,Mario Li,G & E COMERCIALIZADORA E IMPORTADORA E.I.R.L.,Cancelada,ENFRIADOR OIL HIDR. BOWMAN FG120 1427-3TC (3P) COBRE,40200015,Bowman,2.0,1280.0,2560.0
026-0012169,OPP-0000000295,2026-09-03,2026-09,Manuel Alvarez,MICHELL Y CIA S.A.,Confirmada,SERVICIO MANTENIMIENTO,91000001,,2.0,8800.0,16368.0
026-0012170,OPP-0000000296,2026-08-31,2026-08,Jeancarlos Castillo,FRITERM PERU S.A.C.,Borrador,INTERCAMBIADOR SOLDADO ACH-502DQ-142AH-F BPHE / 3075140882,40100799,Alfa Laval,1.0,15600.0,15600.0
026-0012171,OPP-0000000297,2026-08-31,2026-08,Rintusac,RADIADORES INDUSTRIAL MBA SOCIEDAD ANONIMA CERRADA-RIMBASAC,Confirmada,MOTOR HTX0367 1.75HP AC IP66 (copiar),40600373,Heatex,50.0,8.0,400.0
026-0012172,OPP-0000000298,2026-08-31,2026-08,Mario Li,LA. BRIN INDUSTRIAL S.A.C.,Enviada,INTERCAMBIADOR SOLDADO ACH-220EQ-90L-F BPHE / 3075060656,40100280,Alfa Laval,1.0,14032.84,14032.84
026-0012172,OPP-0000000298,2026-08-31,2026-08,Mario Li,LA. BRIN INDUSTRIAL S.A.C.,Enviada,INTERCAMBIADOR SOLDADO ACH-220EQ-90L-F BPHE / 3075060656,40100280,Alfa Laval,1.0,15753.49,15753.49
026-0012173,,2026-08-31,2026-08,Jeancarlos Castillo,RADIMEZA SOCIEDAD ANONIMA CERRADA,Cancelada,ENFRIADOR OIL HIDR. BOWMAN FG120 1427-3TC (3P) COBRE,40200015,Bowman,1.0,1260.0,1260.0
026-0012174,,2026-08-31,2026-08,Jeancarlos Castillo,RESEMIN S.A.,Cancelada,ENFRIADOR OIL HIDR. BOWMAN FG120 1427-3TC (3P) COBRE,40200015,Bowman,20.0,1070.0,21400.0
026-0012175,,2026-08-31,2026-08,Arnold Hernández,JRC INGENIERÍA Y CONSTRUCCIÓN S.A.C.,Cancelada,ENFRIADOR SISTEMA DE ACEITE HIDRAULICO CAT R1600H 558-1695,40600178,Heatex,1.0,2190.0,2190.0
026-0012176,,2026-08-31,2026-08,Jeancarlos Castillo,HEATFLUX INDUSTRIAL SOLUTIONS S.A.C.,Cancelada,ENFRIADOR OIL HIDR. BOWMAN FG120 1427-3TC (3P) COBRE,40200015,Bowman,1.0,1540.0,1309.0
026-0012177,,2026-08-31,2026-08,Jeancarlos Castillo,CORPORACION MACMINING E.I.R.L.,Cancelada,RADIADOR DE SISTEMA REFRIGERANTE P / CAT C4.4 P / 236-7766 BAR AND PLATE,40600295,Heatex,1.0,1590.0,1590.0
026-0012178,,2026-08-31,2026-08,Jeancarlos Castillo,CORPORACION MACMINING E.I.R.L.,Cancelada,RADIADOR COMPLETO P/CAT C4.4 236-7766 MEJORADO BAP C/C C/MOUNT*3 (copiar),40600337,Heatex,1.0,3120.0,3120.0
026-0012179,OPP-0000000303,2026-08-31,2026-08,Mario Li,"BARRA CCOLQUE JAIR RODOLFO, Jair Rodolfo Barra Ccolque",Enviada,INTERCAMBIADOR SOLDADO AC-30EQ-60H-F BPHE / 3288101432,40100186,Alfa Laval,1.0,4420.0,4420.0
026-0012180,OPP-0000000304,2026-09-04,2026-09,Arnold Hernández,FRESOMAC  S.A.C.,Confirmada,ENFRIADOR OIL HIDR. BOWMAN FG120 1427-3TC (3P) COBRE,40200015,Bowman,1.0,1540.0,1232.0
026-0012181,,2026-08-31,2026-08,Jeancarlos Castillo,ANTESA S.A.C.,Cancelada,ENFRIADOR OIL HIDR. BOWMAN FG120 1427-3TC (3P) COBRE,40200015,Bowman,1.0,1260.0,1260.0
026-0012182,OPP-0000000279,2026-08-31,2026-08,Manuel Alvarez,INCA RAIL S.A.,Borrador,SERVICIO MANTENIMIENTO,91000001,,1.0,1890.0,1890.0
026-0012183,OPP-0000000306,2026-09-02,2026-09,Arnold Hernández,HYDROMINING GROUP S.A.C.,Confirmada,ENFRIADOR DE ACEITE HIDR. HTXDC-011P-02-N-BW 24V DC (copiar),40600390,Heatex,1.0,590.0,590.0
026-0012183,OPP-0000000306,2026-09-02,2026-09,Arnold Hernández,HYDROMINING GROUP S.A.C.,Confirmada,ENFRIADOR OIL HIDR. BOWMAN FG120 1427-3TC (3P) COBRE,40200015,Bowman,2.0,1309.0,2552.55
026-0012184,,2026-08-31,2026-08,Rintusac,GUIAL SOLUTIONS E.I.R.L.,Cancelada,ENFRIADOR OIL HIDR. BOWMAN FC100 3876-2,40200283,Bowman,1.0,1180.0,1180.0
026-0012185,OPP-0000000308,2026-09-01,2026-09,Manuel Alvarez,MOTORES DIESEL ANDINOS S.A.- MODASA,Borrador,SERVICIO MANTENIMIENTO,91000001,,1.0,0,0
026-0012186,OPP-0000000309,2026-09-01,2026-09,Arnold Hernández,VOLCAN COMPANIA MINERA S.A.A.,Confirmada,ENFRIADOR OIL HIDR. BOWMAN GL140 3928-2 (3P) 90 / 10,40200108,Bowman,1.0,2363.0,2363.0
026-0012187,OPP-0000000310,2026-09-01,2026-09,Rintusac,RADIADORES ARNAO INDUSTRIAL S.A.C,Confirmada,"JEBE DESMONT. CENTRAL TIPO ""M"" MACHO HEATEX N / P 800829 * 14.88""",40600010,Heatex,28.0,20.0,560.0
026-0012188,OPP-0000000311,2026-09-01,2026-09,Mario Li,TP INTERCAMBIADORES S.A.C.,Enviada,JUNTA ANULAR TL6B-EPDMP-RIB RING GASKET GPHE / 3900728128,40100583,Alfa Laval,1.0,1784.39,1748.7
026-0012188,OPP-0000000311,2026-09-01,2026-09,Mario Li,TP INTERCAMBIADORES S.A.C.,Enviada,JUNTA PLACA DR6B-EPDMC / CG / RIB / LP GASKET GPHE / 390084041504,40100380,Alfa Laval,1.0,836.62,819.89
026-0012188,OPP-0000000311,2026-09-01,2026-09,Mario Li,TP INTERCAMBIADORES S.A.C.,Enviada,JUNTA PLACA DR6B-EPDMC / CG / RIB / LP GASKET GPHE / 390084041504,40100380,Alfa Laval,1.0,871.54,854.11
026-0012188,OPP-0000000311,2026-09-01,2026-09,Mario Li,TP INTERCAMBIADORES S.A.C.,Enviada,JUNTA PLACA M10B-NBRB-C / RIB GASKET GPHE / 3900175607,40100091,Alfa Laval,1.0,3079.22,3017.64
026-0012188,OPP-0000000311,2026-09-01,2026-09,Mario Li,TP INTERCAMBIADORES S.A.C.,Enviada,"PK / ARM. T6-B, LT, SS316, 0.5, NBRB GPHE / 8061000760",40100512,Alfa Laval,1.0,4699.41,4605.42
026-0012189,OPP-0000000312,2026-09-01,2026-09,Mario Li,TP INTERCAMBIADORES S.A.C.,Enviada,INTERCAMBIADOR DE PLACAS GPHE TL6-BFG 50PL-316-0.50-EPDMP EN1092,40100353,Alfa Laval,1.0,7673.83,7520.35
026-0012190,OPP-0000000313,2026-09-03,2026-09,Rintusac,L & G INTERNATIONAL PARTS S.A.C.,Confirmada,SERVICIO DE FABRICACION (copiar),90000012,Otros,99.3,6.67,662.84
026-0012191,OPP-0000000278,2026-09-01,2026-09,Manuel Alvarez,MASTERCOL S.A.,Enviada,SERVICIO MANTENIMIENTO,91000001,,1.0,1390.0,1390.0
026-0012192,,2026-09-02,2026-09,Arnold Hernández,HYDROMINING GROUP S.A.C.,Cancelada,ENFRIADOR DE ACEITE HIDR. HTXDC-011P-02-N-BW 24V DC (copiar),40600390,Heatex,1.0,590.0,590.0
026-0012193,OPP-0000000315,2026-09-01,2026-09,Jeancarlos Castillo,MARCO PERUANA S A,Enviada,SERVICIO MANTENIMIENTO,91000001,,2.0,6590.0,13180.0
026-0012193,OPP-0000000315,2026-09-01,2026-09,Jeancarlos Castillo,MARCO PERUANA S A,Enviada,SERVICIO MANTENIMIENTO,91000001,,2.0,6290.0,12580.0
026-0012194,,2026-09-01,2026-09,Jeancarlos Castillo,ROBOCON SERVICIOS S.A.C.,Cancelada,ENFRIADOR HIDRAULICO BAP COMPLETO CMS1/O/24V/002 66337005,40600503,Heatex,6.0,980.0,5880.0
026-0012195,,2026-09-02,2026-09,Manuel Alvarez,SERVICIOS MINEROS RF S.A.C.,Cancelada,SERVICIO MANTENIMIENTO,91000001,,1.0,0,0
026-0012196,OPP-0000000318,2026-09-02,2026-09,Manuel Alvarez,BJ CONTRATISTAS MINEROS S.A.C.,Enviada,RADIADOR DE REFRIGERANTE P / MOTOR TCD 2013 6609B 25.8-13.E,40600041,Heatex,1.0,1190.0,1190.0
026-0012197,OPP-0000000319,2026-09-02,2026-09,Jeancarlos Castillo,TUMI CONTRATISTAS MINEROS S.A.C.,Enviada,ENFRIADOR OIL HIDR. BOWMAN EC120 1425-3 (3P) 90 / 10,40200110,Bowman,2.0,590.0,1180.0
026-0012197,OPP-0000000319,2026-09-02,2026-09,Jeancarlos Castillo,TUMI CONTRATISTAS MINEROS S.A.C.,Enviada,ENFRIADOR OIL HIDR. BOWMAN GL240-1428-4 (3P) 90 / 10,40200219,Bowman,2.0,2400.0,4800.0
026-0012198,OPP-0000000320,2026-09-02,2026-09,Jeancarlos Castillo,RESEMIN S.A.,Confirmada,ENFRIADOR DE ACEITE HIDR. HTXDC-011P-02-N-BW 24V DC (copiar),40600390,Heatex,1.0,450.0,450.0
026-0012199,OPP-0000000321,2026-09-02,2026-09,Arnold Hernández,JRC INGENIERÍA Y CONSTRUCCIÓN S.A.C.,Confirmada,ENFRIADOR OIL HIDR. BOWMAN FG120 1427-3TC (3P) COBRE,40200015,Bowman,1.0,1360.0,1360.0
026-0012199,OPP-0000000321,2026-09-02,2026-09,Arnold Hernández,JRC INGENIERÍA Y CONSTRUCCIÓN S.A.C.,Confirmada,ENFRIADOR OIL HIDR. BOWMAN GL140 3928-2 (3P) 90 / 10,40200108,Bowman,1.0,2363.0,2363.0
026-0012200,,2026-09-02,2026-09,Arnold Hernández,JRC INGENIERÍA Y CONSTRUCCIÓN S.A.C.,Cancelada,"ENFRIADOR SIST. ACEITE T/ PLACAS CAT R1600H, 10PL (copiar)",40600398,Heatex,1.0,2980.0,2980.0
026-0012201,OPP-0000000324,2026-09-02,2026-09,Jeancarlos Castillo,SISTEMAS CONVENCIONALES S.A.C.,Borrador,ENFRIADOR OIL HIDR. BOWMAN FG120 1427-3TC (3P) COBRE,40200015,Bowman,2.0,1150.0,2300.0
026-0012202,OPP-0000000326,2026-09-03,2026-09,Arnold Hernández,PAN AMERICAN SILVER HUARON S.A.,Enviada,SERVICIO REPARACION,92000001,,1.0,4200.0,3780.0
026-0012202,OPP-0000000326,2026-09-03,2026-09,Arnold Hernández,PAN AMERICAN SILVER HUARON S.A.,Enviada,SERVICIO REPARACION,92000001,,1.0,2400.0,2160.0
026-0012203,OPP-0000000327,2026-09-03,2026-09,Manuel Alvarez,UNION DE CONCRETERAS S.A,Confirmada,RADIADOR REFRIGERANTE P/CAT C4.4 583-6045 MEJORADO BAP S/ALEROS (copiar),40600405,Heatex,1.0,1470.0,1470.0
026-0012204,OPP-0000000328,2026-09-03,2026-09,Manuel Alvarez,RADIADORES AREQUIPA S.A.C,Borrador,SERVICIO MANTENIMIENTO,91000001,,500.0,35.0,17500.0
026-0012205,OPP-0000000329,2026-09-03,2026-09,Jeancarlos Castillo,ROBOCON SERVICIOS S.A.C.,Confirmada,ENFRIADOR HIDRAULICO BAP COMPLETO CMS1/O/24V/002 66337005,40600503,Heatex,1.0,980.0,980.0
026-0012206,OPP-0000000331,2026-09-03,2026-09,Manuel Alvarez,UNION DE CONCRETERAS S.A,Confirmada,ENFRIADOR DE ACEITE HIDRAULICO P/MOTOR TCD 2013 ALPHA 30 V2,40600460,Heatex,1.0,1110.0,1110.0
026-0012207,OPP-0000000331,2026-09-03,2026-09,Manuel Alvarez,UNION DE CONCRETERAS S.A,Cancelada,RADIADOR DE SISTEMA REFRIGERANTE P / CAT C4.4 P / 236-7766 BAR AND PLATE,40600295,Heatex,1.0,1470.0,1470.0
026-0012208,OPP-0000000332,2026-09-03,2026-09,Mercedes Quispe,W. ANGELES SERVICIOS GENERALES S.A.C.,Borrador,SELLO DESMONT. C / CANAL HEATEX 721201B V2,40600476,Heatex,116.0,1.85,214.6
026-0012208,OPP-0000000332,2026-09-03,2026-09,Mercedes Quispe,W. ANGELES SERVICIOS GENERALES S.A.C.,Borrador,SELLO DESMONT. S / CANAL HEATEX 721201T V2,40600477,Heatex,116.0,1.85,214.6
026-0012209,OPP-0000000333,2026-09-03,2026-09,Mario Li,TP INTERCAMBIADORES S.A.C.,Enviada,EK / ARM. REVEST. NBRP / SS EN1092-1 PN16 GPHE / T6FG 8061000770,40100440,Alfa Laval,1.0,146.04,140.2
026-0012209,OPP-0000000333,2026-09-03,2026-09,Mario Li,TP INTERCAMBIADORES S.A.C.,Enviada,JUNTA PLACA M6-NBRP-C / PEAK GASKET GPHE / 3233014046,40100135,Alfa Laval,43.0,27.44,1132.72
026-0012209,OPP-0000000333,2026-09-03,2026-09,Mario Li,TP INTERCAMBIADORES S.A.C.,Enviada,JUNTA PLACA M6-NBRP-C GASKET II GPHE / 390084017206,40100205,Alfa Laval,1.0,40.12,38.52
026-0012210,OPP-0000000334,2026-09-03,2026-09,Arnold Hernández,REICAL LTDA,Enviada,PINZA MECANIZADA MESABI,75100001,RINTUSAC,6.0,270.0,1620.0
026-0012210,OPP-0000000334,2026-09-03,2026-09,Arnold Hernández,REICAL LTDA,Enviada,TAPA P / RADIADOR N / P 4532-2 (IMPORTACION) 14 PSI,40600001,Heatex,4.0,100.0,400.0
026-0012211,OPP-0000000335,2026-09-04,2026-09,Jeancarlos Castillo,VPTM IQUITOS S.A.C.,Borrador,SERVICIO MANTENIMIENTO,91000001,,45.0,35.8,1611.0
026-0012212,,2026-09-04,2026-09,Jeancarlos Castillo,SOLUCIONES EN PROYECTOS DE ALIMENTOS S.A.C.,Cancelada,JUNTA PLACA DR10M-EPDMC CG / Rib LP GASKET GPHE / 390084042204,40100427,Alfa Laval,40.0,54.78,2125.46
026-0012212,,2026-09-04,2026-09,Jeancarlos Castillo,SOLUCIONES EN PROYECTOS DE ALIMENTOS S.A.C.,Cancelada,JUNTA PLACA DR10M-EPDMP-CG-Rib-LP GASKET GPHE / 390084042228,40100817,,40.0,57.5,2300.0
026-0012213,OPP-0000000337,2026-09-10,2026-09,Mario Li,TP INTERCAMBIADORES S.A.C.,Confirmada,INTERCAMBIADOR SOLDADO DOC30-50H-F BPHE / 3287193999,40100302,Alfa Laval,1.0,1310.0,1244.5
026-0012214,OPP-0000000338,2026-09-04,2026-09,Jeancarlos Castillo,SISTEMAS CONVENCIONALES S.A.C.,Borrador,MOTOR HTX0367 1.5HP AC 230-460V IP65 (copiar),40600372,Heatex,1.0,390.0,390.0
026-0012215,OPP-0000000340,2026-09-09,2026-09,Mercedes Quispe,GEOTECH DRILLING PRODUCTS S.A.C.,Confirmada,ENFRIADOR DE ACEITE HIDRAULICO PARKER (A539011),40600301,Heatex,1.0,460.0,460.0
026-0012216,OPP-0000000339,2026-09-04,2026-09,Jeancarlos Castillo,GESTION TECNICA MINERA E INDUSTRIAL PERU SOCIEDAD ANONIMA CERRADA - GESTEMIND PERU S.A.C.,Borrador,ENFRIADOR OIL HIDR. BOWMAN EC120 1425-3TC (2P) COBRE (copiar),40200185,Bowman,1.0,1445.0,1083.75
026-0012216,OPP-0000000339,2026-09-04,2026-09,Jeancarlos Castillo,GESTION TECNICA MINERA E INDUSTRIAL PERU SOCIEDAD ANONIMA CERRADA - GESTEMIND PERU S.A.C.,Borrador,ORING VITON BOWMAN GL OS63VT,40200142,Bowman,2.0,40.0,60.0
026-0012216,OPP-0000000339,2026-09-04,2026-09,Jeancarlos Castillo,GESTION TECNICA MINERA E INDUSTRIAL PERU SOCIEDAD ANONIMA CERRADA - GESTEMIND PERU S.A.C.,Borrador,SERVICIO MANTENIMIENTO,91000001,,1.0,300.0,225.0
026-0012219,OPP-0000000342,2026-09-04,2026-09,Arnold Hernández,VOLCAN COMPANIA MINERA S.A.A.,Enviada,SERVICIO REPARACION,92000001,,1.0,7010.0,6309.0
026-0012220,OPP-0000000343,2026-09-14,2026-09,Manuel Alvarez,PESQUERA ZOILA ROSA S.A.C,Confirmada,SERVICIO MANTENIMIENTO,91000001,,1.0,400.0,400.0
026-0012221,OPP-0000000344,2026-09-04,2026-09,Mercedes Quispe,GESTION MINERA INTEGRAL S.A.C.,Confirmada,ENFRIADOR SISTEMA DE ACEITE HIDRAULICO CAT R1600H 558-1695,40600178,Heatex,1.0,1992.0,1992.0
026-0012223,OPP-0000000346,2026-09-05,2026-09,Mario Li,MANTENIMIENTO E INGENIERIA EN OPERACIONES UNITARIAS S.A.C.,Enviada,INTERCAMBIADOR SOLDADO AlfaNova 52-50H BPHE / 3287000943,40100193,Alfa Laval,1.0,3250.0,3250.0
026-0012224,,2026-09-05,2026-09,Jeancarlos Castillo,TP INTERCAMBIADORES S.A.C.,Cancelada,ENFRIADOR OIL HIDR. BOWMAN GL140-1428-2,40200274,Bowman,1.0,1950.0,1950.0
026-0012225,OPP-0000000348,2026-09-05,2026-09,Jeancarlos Castillo,ZANINGROUP MINING AND CONSTRUCTION S.A.C.-ZANINGROUP S.A.C.,Enviada,ENFRIADOR OIL HIDR. BOWMAN GL140 3928-2 (3P) 90 / 10,40200108,Bowman,1.0,2240.0,2240.0
026-0012226,OPP-0000000349,2026-09-07,2026-09,Mercedes Quispe,GESTION MINERA INTEGRAL S.A.C.,Borrador,SERVICIO MANTENIMIENTO,91000001,,1.0,1520.0,1520.0
026-0012227,OPP-0000000351,2026-09-07,2026-09,Jeancarlos Castillo,MINERA IRL S.A.,Enviada,JUNTA PLACA DR6P-EPDMC / CG / RIB / LP GASKET GPHE / 390084041304,40100402,Alfa Laval,16.0,41.5,664.0
026-0012227,OPP-0000000351,2026-09-07,2026-09,Jeancarlos Castillo,MINERA IRL S.A.,Enviada,JUNTA PLACA DR6P-EPDMP / CG GASKET II GPHE / 390084041428,40100403,Alfa Laval,2.0,61.9,123.8
026-0012227,OPP-0000000351,2026-09-07,2026-09,Jeancarlos Castillo,MINERA IRL S.A.,Enviada,PLACA DR6P1-316-0.5-4H MET.COMPLETE PLATE GPHE / 390300197703,40100426,Alfa Laval,7.0,110.0,770.0
026-0012227,OPP-0000000351,2026-09-07,2026-09,Jeancarlos Castillo,MINERA IRL S.A.,Enviada,PLACA DR6P1-316-0.6-0H MET.COMPLETE PLATE GPHE / 390300197816,40100405,Alfa Laval,1.0,122.0,122.0
026-0012227,OPP-0000000351,2026-09-07,2026-09,Jeancarlos Castillo,MINERA IRL S.A.,Enviada,PLACA DR6P1-316-0.6-4H MET.COMPLETE PLATE GPHE / 390300197803,40100404,Alfa Laval,1.0,122.0,122.0
026-0012227,OPP-0000000351,2026-09-07,2026-09,Jeancarlos Castillo,MINERA IRL S.A.,Enviada,PLACA DR6P2-316-0.5-4H MET.COMPLETE PLATE GPHE / 390300199303,40100409,Alfa Laval,8.0,110.0,880.0
026-0012228,OPP-0000000359,2026-09-07,2026-09,Rintusac,ARNAO SERVICES S.A.C,Confirmada,MOTOR HTX0367 1.75HP AC IP66 (copiar),40600373,Heatex,125.0,8.0,1000.0
026-0012229,OPP-0000000360,2026-09-07,2026-09,Mario Li,TP INTERCAMBIADORES S.A.C.,Enviada,INTERCAMBIADOR DE PLACAS GPHE M10-MFG 30PL-316-0.50-NBRP EN1092,40100215,Alfa Laval,1.0,14879.71,14582.12
026-0012230,OPP-0000000367,2026-09-09,2026-09,Arnold Hernández,JRC INGENIERÍA Y CONSTRUCCIÓN S.A.C.,Confirmada,COMBICOOLER 845483 P/. DESATADOR PAUS PSCALE 8T (copiar),40600414,Heatex,1.0,4320.0,3542.4
026-0012231,OPP-0000000372,2026-09-07,2026-09,Arnold Hernández,COMPAÑIA MINERA CHUNGAR S.A.C.,Enviada,SERVICIO REPARACION,92000001,,1.0,2590.0,2331.0
026-0012232,OPP-0000000373,2026-09-07,2026-09,Arnold Hernández,KROST INGENIERIA S.A.C.,Enviada,JUNTA PLACA TS6M-NBRP-C / RIB GASKET GPHE / 3233029346,40100176,Alfa Laval,2.0,7177.0,12487.98
026-0012233,,2026-09-07,2026-09,Mario Li,FCA PERUANA ETERNIT S A,Enviada,INTERCAMBIADOR SOLDADO DOC30-50H-F BPHE / 3287193999,40100302,Alfa Laval,1.0,1373.37,1345.9
026-0012234,OPP-0000000374,2026-09-07,2026-09,Jeancarlos Castillo,RESEMIN S.A.,Confirmada,ENFRIADOR DE ACEITE HIDR. HTXDC-011P-02-N-BW 24V DC (copiar),40600390,Heatex,1.0,450.0,450.0
026-0012235,OPP-0000000375,2026-09-07,2026-09,Arnold Hernández,L & M REPUESTOS Y SUMINISTROS S.A.C.,Confirmada,HAZ TUBULAR BOWMAN FG120 TUBO COBRE BAFLE / AL,40200071,Bowman,2.0,920.0,1564.0
026-0012235,OPP-0000000375,2026-09-07,2026-09,Arnold Hernández,L & M REPUESTOS Y SUMINISTROS S.A.C.,Confirmada,ORING NITRILO 2-349 ( Ø5.33 * 113.67) FG120,10240115,Bowman,4.0,10.0,34.0
026-0012236,OPP-0000000376,2026-09-07,2026-09,Arnold Hernández,OPERACIONES MINERAS SAN PEDRO SOCIEDAD ANONIMA CERRADA,Enviada,SERVICIO REPARACION,92000001,,1.0,5778.56,5778.56
026-0012237,OPP-0000000377,2026-09-08,2026-09,Jeancarlos Castillo,DRILLING MACHINERY SPECIALISTS E.I.R.L.,Enviada,ENFRIADOR DE ACEITE HTX0367AH11 HYD (copiar),40600369,Heatex,1.0,800.0,800.0
026-0012238,OPP-0000000378,2026-09-08,2026-09,Arnold Hernández,H-E PARTS INTERNATIONAL PERU S.A.C.,Borrador,SERVICIO REPARACION,92000001,,1.0,0,0
026-0012239,OPP-0000000379,2026-09-08,2026-09,Jeancarlos Castillo,KONTROL R & M PERU S.A.C.,Enviada,ENFRIADOR OIL HIDR. BOWMAN GL240 1428-4TC (3P) COBRE,40200034,Bowman,1.0,2150.0,2150.0
026-0012240,OPP-0000000380,2026-09-08,2026-09,Jeancarlos Castillo,DRILLING MACHINERY SPECIALISTS E.I.R.L.,Enviada,KIT ENFRIADORES PARA JUMBO D3,40600272,Heatex,1.0,2290.0,2290.0
026-0012241,OPP-0000000381,2026-09-08,2026-09,Jeancarlos Castillo,RESEMIN S.A.,Confirmada,ENFRIADOR OIL HIDR. BOWMAN GL240 1428-4TC (3P) COBRE,40200034,Bowman,3.0,2060.0,6180.0
026-0012242,,2026-09-08,2026-09,Arnold Hernández,MAQUINAS Y EQUIPOS PARA MINERIA TEO'S E.I.R.L.,Cancelada,RADIADOR DE REFRIGERANTE MANITOU ,40600542,Heatex,1.0,1800.0,1800.0
026-0012243,OPP-0000000383,2026-09-08,2026-09,Mario Li,INDUSTRIAL EXCHANGER TUBILLAS S.A.C.,Enviada, INTERCAMBIADOR DE PLACAS GPHE T6-BFG 43PL-316-0.50-NBRB,40100786,Alfa Laval,1.0,6240.0,6240.0
026-0012244,OPP-0000000384,2026-09-08,2026-09,Mercedes Quispe,OVERPRIME MANUFACTURING S.A.C.,Borrador,RADIADOR REFRIGERANTE R1300G TIPO TUBOS DESMONT. 4F (copiar),20100143,Otros,1.0,11890.0,11890.0
026-0012245,OPP-0000000384,2026-09-08,2026-09,Mercedes Quispe,OVERPRIME MANUFACTURING S.A.C.,Borrador,RADIADOR REFRIGERANTE R1300G TIPO TUBOS DESMONT. 4F (copiar),20100143,Otros,1.0,10190.0,10190.0
026-0012246,,2026-09-08,2026-09,Mercedes Quispe,NEXA RESOURCES PERU S.A.A.,Borrador,VENTA DE ENFRIADOR DE ACEITE ASATT11RA25 OUTOTEC INCL. CON. HTXSET5U16,40750102,Heatex,1.0,1850.0,1850.0
026-0012247,OPP-0000000386,2026-09-09,2026-09,Mario Li,MECANICA FINA INDUSTRIAL EMPRESA INDIVIDUAL DE RESPONSABILIDAD LIMITADA,Enviada,JUNTA PLACA TL10B-NBRP-C / RIB GASKET GPHE / 3900487206,40100607,Alfa Laval,50.0,48.1,2356.9
026-0012248,OPP-0000000387,2026-09-09,2026-09,Mario Li,MECANICA FINA INDUSTRIAL EMPRESA INDIVIDUAL DE RESPONSABILIDAD LIMITADA,Enviada,INTERCAMBIADOR DE PLACAS GPHE ALFA LAVAL T10-BFM 51 PL 316-0.5-NBRB,40100788,Alfa Laval,1.0,24749.0,24254.02
026-0012248,OPP-0000000387,2026-09-09,2026-09,Mario Li,MECANICA FINA INDUSTRIAL EMPRESA INDIVIDUAL DE RESPONSABILIDAD LIMITADA,Enviada,INTERCAMBIADOR DE PLACAS GPHE ALFA LAVAL T10-BFM 51 PL 316-0.5-NBRB,40100788,Alfa Laval,1.0,20071.0,19669.58
026-0012249,OPP-0000000388,2026-09-10,2026-09,Jeancarlos Castillo,ROBOCON SERVICIOS S.A.C.,Borrador,INTERCOOLER HORMIGONERA PUTZMEISTER MIXCRET 4 365-2908,40600142,Heatex,1.0,1780.0,1780.0
026-0012249,OPP-0000000388,2026-09-10,2026-09,Jeancarlos Castillo,ROBOCON SERVICIOS S.A.C.,Borrador,RADIADOR REFRIGERANTE P/CAT C6.6 365-2909 BAP C/ALEROS,40600311,Heatex,1.0,1640.0,1640.0
026-0012250,OPP-0000000383,2026-09-10,2026-09,Mario Li,INDUSTRIAL EXCHANGER TUBILLAS S.A.C.,Enviada, INTERCAMBIADOR DE PLACAS GPHE T6-BFG 43PL-316-0.50-NBRB,40100786,Alfa Laval,1.0,3720.0,3720.0
026-0012251,OPP-0000000389,2026-09-10,2026-09,Arnold Hernández,JRC INGENIERÍA Y CONSTRUCCIÓN S.A.C.,Confirmada,ENFRIADOR OIL HIDR. BOWMAN FG120 1427-3TC (3P) COBRE,40200015,Bowman,1.0,1360.0,1360.0
026-0012252,OPP-0000000391,2026-09-10,2026-09,Mercedes Quispe,GESTION MINERA INTEGRAL S.A.C.,Borrador,SERVICIO MANTENIMIENTO,91000001,,1.0,380.0,380.0
026-0012253,OPP-0000000390,2026-09-10,2026-09,Rintusac,CORPORACION INDUSTRIAL Y SERVICIOS GENERALES S.A.C.,Enviada,ENFRIADOR OIL HIDR. BOWMAN FG120 1427-3TC (3P) COBRE,40200015,Bowman,1.0,1260.0,1260.0
026-0012254,OPP-0000000392,2026-09-10,2026-09,Rintusac,TRANSLOG PERU S.A.C.,Enviada,ENFRIADOR OIL HIDR. BOWMAN FG120 1427-3TC (3P) COBRE,40200015,Bowman,4.0,1210.0,4840.0
026-0012255,OPP-0000000393,2026-09-10,2026-09,Arnold Hernández,JRC INGENIERÍA Y CONSTRUCCIÓN S.A.C.,Confirmada,"ENFRIADOR SIST. ACEITE T/ PLACAS CAT R1600H, 10PL (copiar)",40600398,Heatex,1.0,2980.0,2980.0
026-0012256,OPP-0000000394,2026-09-10,2026-09,Mercedes Quispe,GESTION MINERA INTEGRAL S.A.C.,Borrador,ENFRIADOR SISTEMA DE ACEITE HIDRAULICO CAT R1300G 351-1248,40600235,Heatex,1.0,1890.0,1890.0
026-0012257,OPP-0000000395,2026-09-11,2026-09,Manuel Alvarez,UNION DE CONCRETERAS S.A,Confirmada,RADIADOR REFRIGERANTE P/CAT C6.6 365-2909 BAP C/ALEROS,40600311,Heatex,1.0,1595.0,1595.0
026-0012258,OPP-0000000396,2026-09-14,2026-09,Manuel Alvarez,UNION DE CONCRETERAS S.A,Confirmada,INTERCOOLER DE AIRE C4.4 V02/COMPLETO CON TINA C/ALERO			 ,40600529,Heatex,1.0,5745.0,5745.0
026-0012259,OPP-0000000397,2026-09-11,2026-09,Rintusac,SERVICIOS EN CONSTRUCCION Y MINERIA DEL CENTRO SOCIEDAD COMERCIAL DE RESPONSABILIDAD LIMITADA,Enviada,SERVICIO DE EVALUACION,90000011,,1.0,2390.0,2390.0
026-0012260,OPP-0000000398,2026-09-11,2026-09,Mercedes Quispe,NEXA RESOURCES PERU S.A.A.,Enviada,JUNTA PLACA M6-NBRP-C GASKET II GPHE / 390084017206,40100205,Alfa Laval,30.0,40.12,1203.6
026-0012261,OPP-0000000399,2026-09-11,2026-09,Mario Li,GLOBAL PROCESSING SOLUTIONS S.A.C,Enviada,INTERCAMBIADOR SOLDADO AC-70X-30M-F BPHE / 3287065788,40100552,Alfa Laval,1.0,1193.0,1169.14
026-0012262,,2026-09-11,2026-09,Arnold Hernández,GRUPO ASEGA S.A.C.,Cancelada,ENFRIADOR M / DEUTZ BF4L-91420 (PANAL 14 3 / 4) 41585847891394,40600045,Heatex,1.0,750.0,750.0
026-0012263,,2026-09-11,2026-09,Arnold Hernández,JRC INGENIERÍA Y CONSTRUCCIÓN S.A.C.,Cancelada,RADIADOR REFRIGERANTE BAP P/MOTOR CAT C7.1 365-2909 C/ALEROS (40600311),40600423,Heatex,1.0,1690.0,1690.0
026-0012264,OPP-0000000402,2026-09-11,2026-09,Mercedes Quispe,GESTION MINERA INTEGRAL S.A.C.,Borrador,RADIADOR 371314 P/. HAULAGE TRUCK KOMATSU 16TD,40600327,Heatex,1.0,6680.0,6680.0
026-0012265,OPP-0000000404,2026-09-12,2026-09,Jeancarlos Castillo,SOLUCIONES EN PROYECTOS DE ALIMENTOS S.A.C.,Enviada,JUNTA PLACA M6M-NBRP-C / PEAK GASKET GPHE / 3233014146,40100144,Alfa Laval,50.0,36.0,1800.0
026-0012266,OPP-0000000405,2026-09-12,2026-09,Jeancarlos Castillo,GESTION TECNICA MINERA E INDUSTRIAL PERU SOCIEDAD ANONIMA CERRADA - GESTEMIND PERU S.A.C.,Borrador,SERVICIO REPARACION,92000001,,1.0,5390.0,5390.0
026-0012267,OPP-0000000406,2026-09-14,2026-09,Arnold Hernández,OPERACIONES MINERAS SAN PEDRO SOCIEDAD ANONIMA CERRADA,Confirmada,ENFRIADOR SISTEMA DE ACEITE TRAN. P / JUMBO S7D 6060003915,40600113,Heatex,1.0,2050.0,2050.0
026-0012268,OPP-0000000408,2026-09-14,2026-09,Jeancarlos Castillo,GESTION TECNICA MINERA E INDUSTRIAL PERU SOCIEDAD ANONIMA CERRADA - GESTEMIND PERU S.A.C.,Borrador,SERVICIO MANTENIMIENTO,91000001,,1.0,420.0,420.0
026-0012269,OPP-0000000407,2026-09-14,2026-09,Manuel Alvarez,SERVICIOS MINEROS RF S.A.C.,Enviada,SELLO DESMONT. C / CANAL HEATEX 721201B V2,40600476,Heatex,20.0,1.85,37.0
026-0012269,OPP-0000000407,2026-09-14,2026-09,Manuel Alvarez,SERVICIOS MINEROS RF S.A.C.,Enviada,SELLO DESMONT. S / CANAL HEATEX 721201T V2,40600477,Heatex,20.0,1.85,37.0
026-0012270,OPP-0000000403,2026-09-14,2026-09,Manuel Alvarez,UBF INDUSTRIAL SOCIEDAD ANONIMA CERRADA,Enviada,ENFRIADOR HIDRAULICO BAP COMPLETO CMS1/O/24V/002 66337005,40600503,Heatex,1.0,1050.0,1050.0
026-0012271,OPP-0000000409,2026-09-14,2026-09,Jeancarlos Castillo,GESTION TECNICA MINERA E INDUSTRIAL PERU SOCIEDAD ANONIMA CERRADA - GESTEMIND PERU S.A.C.,Borrador,SERVICIO MANTENIMIENTO,91000001,,1.0,320.0,320.0
026-0012272,OPP-0000000410,2026-09-14,2026-09,Arnold Hernández,GRUPO ASEGA S.A.C.,Enviada,ENFRIADOR COMPLETO BAP HEATEX HTX-725-2-3 M/AC P/*040903010,40600443,Heatex,1.0,3670.0,3119.5
