NroFactura,N_Cotizacion,Cod_OPP,F_Emision,Periodo,Anio,Mes,Cliente,Vendedor,Sector,Producto,Codigo,Marca,Tipo_Venta,Cantidad,Moneda,Tipo_Cambio,Monto_USD,Tipo_Transaccion
F 004-00002311,026-0012015,OPP-0000000065,14/09/2026,2026-09,2026,9,INDUSTRIA ESPECIALIZADA Y REPRESENTACIONES SOCIEDAD ANONIMA CERRADA,Jeancarlos Castillo,Servicios / Otros,ENFRIADOR OIL HIDR. BOWMAN FG120 1427-3TC (3P) COBRE,40200015,Bowman,Comercializacion,3.0,USD,3.371,3720.0,VENTA
F 004-00002310,026-0012255,OPP-0000000393,12/09/2026,2026-09,2026,9,JRC INGENIERÍA Y CONSTRUCCIÓN S.A.C.,Arnold Hernández,Construcción / EPC / Contratistas,"ENFRIADOR SIST. ACEITE T/ PLACAS CAT R1600H, 10PL (copiar)",40600398,Heatex,Comercializacion,1.0,USD,3.371,2980.0,VENTA
F 004-00002309,026-0012251,OPP-0000000389,12/09/2026,2026-09,2026,9,JRC INGENIERÍA Y CONSTRUCCIÓN S.A.C.,Arnold Hernández,Construcción / EPC / Contratistas,ENFRIADOR OIL HIDR. BOWMAN FG120 1427-3TC (3P) COBRE,40200015,Bowman,Comercializacion,1.0,USD,3.371,1360.0,VENTA
F 004-00002308,026-0012213,OPP-0000000337,12/09/2026,2026-09,2026,9,TP INTERCAMBIADORES S.A.C.,Rintusac,Metalmecánica / Siderurgia,INTERCAMBIADOR SOLDADO DOC30-50H-F BPHE / 3287193999,40100302,Alfa Laval,Comercializacion,1.0,USD,3.371,1244.5,VENTA
F 004-00002307,026-0011964,OPP-0000000089,12/09/2026,2026-09,2026,9,CATALINA HUANCA SOCIEDAD MINERA S.A.C.,Mercedes Quispe,Mining,ENFRIADOR DE ACEITE PARA COMPRESORA ATLAS COPCO GA280 (NP: 1092116720),40600594,Heatex,Comercializacion,1.0,USD,3.371,6370.0,VENTA
F 004-00002306,026-0011972,OPP-0000000008,11/09/2026,2026-09,2026,9,COMPAÑIA MINERA CHUNGAR S.A.C.,Arnold Hernández,Mining,ENFRIADOR DE AIRE BAP P/DUMPER EPIROC MT2200 6060007954,40600508,Heatex,Comercializacion,1.0,USD,3.373,4003.5,VENTA
F 004-00002306,026-0011972,OPP-0000000008,11/09/2026,2026-09,2026,9,COMPAÑIA MINERA CHUNGAR S.A.C.,Arnold Hernández,Mining,ENFRIADOR DE ACEITE BAP P/DUMPER EPIROC MT2200 6060007953,40600507,Heatex,Comercializacion,1.0,USD,3.373,5720.0,VENTA
F 004-00002305,026-0012186,OPP-0000000309,11/09/2026,2026-09,2026,9,VOLCAN COMPANIA MINERA S.A.A.,Arnold Hernández,Mining,ENFRIADOR OIL HIDR. BOWMAN GL140 3928-2 (3P) 90 / 10,40200108,Bowman,Comercializacion,1.0,USD,3.373,2363.0,VENTA
F 004-00002304,026-0011993,OPP-0000000028,11/09/2026,2026-09,2026,9,FAMAX SEAL PERU S.A.C,Manuel Alvarez,Servicios / Otros,SERVICIO MANTENIMIENTO,91000001,,Mantenimiento,1.0,USD,3.373,954.0,VENTA
F 004-00002303,026-0012205,OPP-0000000329,10/09/2026,2026-09,2026,9,ROBOCON SERVICIOS S.A.C.,Jeancarlos Castillo,Servicios / Otros,ENFRIADOR HIDRAULICO BAP COMPLETO CMS1/O/24V/002 66337005,40600503,Heatex,Comercializacion,1.0,USD,3.362,980.0,VENTA
F 004-00002302,026-0012234,OPP-0000000374,09/09/2026,2026-09,2026,9,RESEMIN S.A.,Rintusac,Metalmecánica / Siderurgia,ENFRIADOR DE ACEITE HIDR. HTXDC-011P-02-N-BW 24V DC (copiar),40600390,Heatex,Comercializacion,1.0,USD,3.36,450.0,VENTA
F 004-00002301,026-0012198,OPP-0000000320,09/09/2026,2026-09,2026,9,RESEMIN S.A.,Rintusac,Metalmecánica / Siderurgia,ENFRIADOR DE ACEITE HIDR. HTXDC-011P-02-N-BW 24V DC (copiar),40600390,Heatex,Comercializacion,1.0,USD,3.36,450.0,VENTA
F 004-00002300,026-0012215,OPP-0000000340,09/09/2026,2026-09,2026,9,GEOTECH DRILLING PRODUCTS S.A.C.,Mercedes Quispe,Servicios / Otros,ENFRIADOR DE ACEITE HIDRAULICO PARKER (A539011),40600301,Heatex,Comercializacion,1.0,USD,3.36,460.0,VENTA
F 004-00002299,026-0012070,OPP-0000000098,09/09/2026,2026-09,2026,9,KOMATSU-MITSUI MAQUINARIAS PERU S.A.,Jeancarlos Castillo,Servicios / Otros,SERVICIO REPARACION,92000001,,Mantenimiento,1.0,USD,3.36,1840.0,VENTA
F 004-00002298,026-0012180,OPP-0000000304,08/09/2026,2026-09,2026,9,FRESOMAC  S.A.C.,Arnold Hernández,Metalmecánica / Siderurgia,ENFRIADOR OIL HIDR. BOWMAN FG120 1427-3TC (3P) COBRE,40200015,Bowman,Comercializacion,1.0,USD,3.372,1232.0,VENTA
F 004-00002297,026-0012235,OPP-0000000375,08/09/2026,2026-09,2026,9,L & M REPUESTOS Y SUMINISTROS S.A.C.,Arnold Hernández,Servicios / Otros,HAZ TUBULAR BOWMAN FG120 TUBO COBRE BAFLE / AL,40200071,Bowman,Comercializacion,2.0,USD,3.372,1564.0,VENTA
F 004-00002297,026-0012235,OPP-0000000375,08/09/2026,2026-09,2026,9,L & M REPUESTOS Y SUMINISTROS S.A.C.,Arnold Hernández,Servicios / Otros,ORING NITRILO 2-349 ( Ø5.33 * 113.67) FG120,10240115,Bowman,Comercializacion,4.0,USD,3.372,34.0,VENTA
F 004-00002296,026-0011839,OPP-0000000362,08/09/2026,2026-09,2026,9,RESEMIN S.A.,Rintusac,Metalmecánica / Siderurgia,ENFRIADOR OIL HIDR. BOWMAN FG120 1427-3TC (3P) COBRE,40200015,Bowman,Comercializacion,8.0,USD,3.372,8560.0,VENTA
F 004-00002295,026-0012190,OPP-0000000313,07/09/2026,2026-09,2026,9,L & G INTERNATIONAL PARTS S.A.C.,Rintusac,Automotriz / Transporte,SERVICIO DE FABRICACION (copiar),90000012,Otros,Mantenimiento,99.3,USD,3.369,662.84,VENTA
F 004-00002294,026-0012228,OPP-0000000359,07/09/2026,2026-09,2026,9,ARNAO SERVICES S.A.C,Rintusac,Metalmecánica / Siderurgia,MOTOR HTX0367 1.75HP AC IP66 (copiar),40600373,Heatex,Comercializacion,125.0,USD,3.369,1000.0,VENTA
F 004-00002293,026-0012183,OPP-0000000306,05/09/2026,2026-09,2026,9,HYDROMINING GROUP S.A.C.,Arnold Hernández,Mining,ENFRIADOR OIL HIDR. BOWMAN FG120 1427-3TC (3P) COBRE,40200015,Bowman,Comercializacion,2.0,USD,3.369,2552.55,VENTA
F 004-00002293,026-0012183,OPP-0000000306,05/09/2026,2026-09,2026,9,HYDROMINING GROUP S.A.C.,Arnold Hernández,Mining,ENFRIADOR DE ACEITE HIDR. HTXDC-011P-02-N-BW 24V DC (copiar),40600390,Heatex,Comercializacion,1.0,USD,3.369,590.0,VENTA
F 004-00002292,026-0012132,OPP-0000000255,05/09/2026,2026-09,2026,9,ADMINISTRACION DE EMPRESAS S.A.C.,Arnold Hernández,IT/Communication,RADIADOR DE REFRIGERANTE TD 3F P/ CAT R1600H 522-2621 ,20100211,CAT,Mantenimiento,1.0,USD,3.369,6390.0,VENTA
F 004-00002291,026-0012125,OPP-0000000249,05/09/2026,2026-09,2026,9,LA LLAVE S.A.,Jeancarlos Castillo,Servicios / Otros,SERVICIO REPARACION,92000001,,Mantenimiento,1.0,USD,3.369,1790.0,VENTA
F 004-00002290,026-0012060,OPP-0000000090,04/09/2026,2026-09,2026,9,JRC INGENIERÍA Y CONSTRUCCIÓN S.A.C.,Arnold Hernández,Construcción / EPC / Contratistas,"ENFRIADOR SIST. ACEITE T/ PLACAS CAT R1600H, 10PL (copiar)",40600398,Heatex,Comercializacion,1.0,USD,3.365,2980.0,VENTA
F 004-00002289,026-0012145,OPP-0000000269,04/09/2026,2026-09,2026,9,JRC INGENIERÍA Y CONSTRUCCIÓN S.A.C.,Arnold Hernández,Construcción / EPC / Contratistas,INTERCOOLER P/CAT C6.6 365-2908 BAP S/ALEROS,20100283,Otros,Mantenimiento,1.0,USD,3.365,1850.0,VENTA
F 004-00002288,026-0012199,OPP-0000000321,04/09/2026,2026-09,2026,9,JRC INGENIERÍA Y CONSTRUCCIÓN S.A.C.,Arnold Hernández,Construcción / EPC / Contratistas,ENFRIADOR OIL HIDR. BOWMAN FG120 1427-3TC (3P) COBRE,40200015,Bowman,Comercializacion,1.0,USD,3.365,1360.0,VENTA
F 004-00002288,026-0012199,OPP-0000000321,04/09/2026,2026-09,2026,9,JRC INGENIERÍA Y CONSTRUCCIÓN S.A.C.,Arnold Hernández,Construcción / EPC / Contratistas,ENFRIADOR OIL HIDR. BOWMAN GL140 3928-2 (3P) 90 / 10,40200108,Bowman,Comercializacion,1.0,USD,3.365,2363.0,VENTA
F 004-00002287,026-0012158,OPP-0000000287,04/09/2026,2026-09,2026,9,L & G INTERNATIONAL PARTS S.A.C.,Rintusac,Automotriz / Transporte,SERVICIO DE FABRICACION (copiar),90000012,Otros,Mantenimiento,99.28,USD,3.365,662.71,VENTA
E001-1246,026-0012022,OPP-0000000070,04/09/2026,2026-09,2026,9,TP INTERCAMBIADORES S.A.C.,Rintusac,Metalmecánica / Siderurgia,Sin producto,,,,1.0,USD,3.365,5065.97,VENTA
F 004-00002286,026-0012142,OPP-0000000266,03/09/2026,2026-09,2026,9,ROBOCON SERVICIOS S.A.C.,Jeancarlos Castillo,Servicios / Otros,KIT ENFRIADOR REFR / AIRE / OIL P / NORMET TCD2013 54825770 C/C,40600592,Heatex,Comercializacion,4.0,USD,3.36,8600.0,VENTA
F 004-00002285,026-0012161,OPP-0000000288,03/09/2026,2026-09,2026,9,OVERPRIME MANUFACTURING S.A.C.,Mercedes Quispe,Metalmecánica / Siderurgia,ENFRIADOR COMPLETO BAP HEATEX HTX-725-2-3 M/AC P/*040903010,40600443,Heatex,Comercializacion,1.0,USD,3.36,2250.0,VENTA
F 004-00002284,026-0011675,OPP-0000000322,03/09/2026,2026-09,2026,9,MAQPOWER S.A.C.,Jeancarlos Castillo,Metalmecánica / Siderurgia,ENFRIADOR DE ACEITE HIDRAULICO PARKER (A539011),40600301,Heatex,Comercializacion,2.0,USD,3.36,820.0,VENTA
E001-1245,026-0012169,OPP-0000000295,03/09/2026,2026-09,2026,9,MICHELL Y CIA S.A.,Manuel Alvarez,Textil,Sin producto,,,,2.0,USD,3.36,8184.0,VENTA
F 004-00002283,026-0012056,OPP-0000000057,02/09/2026,2026-09,2026,9,DRILLING CORP S.A.C.,Mercedes Quispe,Mining,ENFRIADOR OIL HIDR. BOWMAN FG120 1427-3TC (3P) COBRE,40200015,Bowman,Comercializacion,2.0,USD,3.368,2464.0,VENTA
F 004-00002282,026-0012076,OPP-0000000112,02/09/2026,2026-09,2026,9,NEXA RESOURCES CAJAMARQUILLA S.A.,Mercedes Quispe,Mining,SERVICIO MANTENIMIENTO,91000001,,Mantenimiento,1.0,USD,3.368,5650.0,VENTA
F 004-00002281,026-0012018,OPP-0000000068,02/09/2026,2026-09,2026,9,GESTION MINERA INTEGRAL S.A.C.,Mercedes Quispe,Construcción / EPC / Contratistas,SERVICIO DE MANTENIMIENTO Y REPARACION,97000001,Otros,Mantenimiento,1.0,USD,3.368,8940.0,VENTA
F 004-00002280,026-0012094,OPP-0000000148,02/09/2026,2026-09,2026,9,GESTION MINERA INTEGRAL S.A.C.,Mercedes Quispe,Construcción / EPC / Contratistas,SERVICIO MANTENIMIENTO,91000001,,Mantenimiento,1.0,USD,3.368,550.0,VENTA
F 004-00002279,026-0012105,OPP-0000000148,02/09/2026,2026-09,2026,9,GESTION MINERA INTEGRAL S.A.C.,Mercedes Quispe,Construcción / EPC / Contratistas,SERVICIO MANTENIMIENTO,91000001,,Mantenimiento,1.0,USD,3.368,680.0,VENTA
F 004-00002278,026-0012149,OPP-0000000272,01/09/2026,2026-09,2026,9,VPTM IQUITOS S.A.C.,Jeancarlos Castillo,Servicios / Otros,JUNTA PLACA NBR HT P/ INTERCAMBIADOR S62-IS10,40600599,,Comercializacion,240.0,USD,0.0,5664.0,VENTA
F 004-00002277,026-0012187,OPP-0000000310,01/09/2026,2026-09,2026,9,RADIADORES ARNAO INDUSTRIAL S.A.C,Rintusac,Servicios / Otros,"JEBE DESMONT. CENTRAL TIPO ""M"" MACHO HEATEX N / P 800829 * 14.88""",40600010,Heatex,Comercializacion,28.0,USD,0.0,560.0,VENTA
E001-106,026-0012187,OPP-0000000310,01/09/2026,2026-09,2026,9,RADIADORES ARNAO INDUSTRIAL S.A.C,Rintusac,Servicios / Otros,Sin producto,,,,-28.0,USD,0.0,-560.0,NOTA CREDITO
F CF0-00000071,026-0012149,OPP-0000000272,31/08/2026,2026-08,2026,8,VPTM IQUITOS S.A.C.,Jeancarlos Castillo,Servicios / Otros,JUNTA PLACA NBR HT P/ INTERCAMBIADOR S62-IS10,40600599,,Comercializacion,-240.0,USD,3.356,-5664.0,NOTA CREDITO
F 004-00002276,026-0012097,OPP-0000000217,31/08/2026,2026-08,2026,8,TP INTERCAMBIADORES S.A.C.,Rintusac,Metalmecánica / Siderurgia,ENFRIADOR OIL HIDR. BOWMAN FG120 1427-3TC (3P) COBRE,40200015,Bowman,Comercializacion,2.0,USD,3.356,2500.0,VENTA
F 004-00002275,026-0011970,OPP-0000000004,31/08/2026,2026-08,2026,8,ZANINGROUP MINING AND CONSTRUCTION S.A.C.-ZANINGROUP S.A.C.,Jeancarlos Castillo,Mining,SERVICIO REPARACION,92000001,,Mantenimiento,1.0,USD,3.356,1390.0,VENTA
F 004-00002274,026-0012141,OPP-0000000265,31/08/2026,2026-08,2026,8,TECNOMECANICA SERVICIOS HIDRAULICOS SOCIEDAD ANONIMA CERRADA,Jeancarlos Castillo,Servicios / Otros,ENFRIADOR HIDRAULICO BAP COMPLETO CMS1/O/24V/002 66337005,40600503,Heatex,Comercializacion,5.0,USD,3.356,4900.0,VENTA
F 004-00002273,026-0012171,OPP-0000000297,31/08/2026,2026-08,2026,8,RADIADORES INDUSTRIAL MBA SOCIEDAD ANONIMA CERRADA-RIMBASAC,Rintusac,Servicios / Otros,MOTOR HTX0367 1.75HP AC IP66 (copiar),40600373,Heatex,Comercializacion,50.0,USD,3.356,400.0,VENTA
E001-1244,026-0012187,OPP-0000000310,31/08/2026,2026-08,2026,8,RADIADORES ARNAO INDUSTRIAL S.A.C,Rintusac,Servicios / Otros,Sin producto,,,,28.0,USD,3.356,560.0,VENTA
E001-1243,026-0011881,OPP-0000000240,29/08/2026,2026-08,2026,8,KANAY S.A.C.,Arnold Hernández,Petroquímica / Química,Sin producto,,,,1.0,USD,3.356,3636.0,VENTA
F 004-00002272,026-0012036,OPP-0000000366,28/08/2026,2026-08,2026,8,INDUSTRIAL EXCHANGER TUBILLAS S.A.C.,Rintusac,Manufacturing,LAMINA ALUMINIO X 0.23MM (BOBINA),40900049,Heatex,Comercializacion,0.9,USD,3.348,4.05,VENTA
F 004-00002271,026-0012148,OPP-0000000271,28/08/2026,2026-08,2026,8,XIAN BUSINESS CORPORATION S.A.C.,Jeancarlos Castillo,Servicios / Otros,ENFRIADOR DE ACEITE HIDR. HTXDC-011P-02-N-BW 24V DC (copiar),40600390,Heatex,Comercializacion,1.0,USD,3.348,540.0,VENTA
F 004-00002270,026-0012149,OPP-0000000272,28/08/2026,2026-08,2026,8,VPTM IQUITOS S.A.C.,Jeancarlos Castillo,Servicios / Otros,JUNTA PLACA NBR HT P/ INTERCAMBIADOR S62-IS10,40600599,,Comercializacion,240.0,USD,3.348,5664.0,VENTA
F 004-00002269,026-0012127,OPP-0000000242,27/08/2026,2026-08,2026,8,OPERACIONES MINERAS SAN PEDRO SOCIEDAD ANONIMA CERRADA,Arnold Hernández,Mining,SERVICIO REPARACION,92000001,,Mantenimiento,1.0,USD,3.35,790.0,VENTA
F 004-00002267,026-0012136,OPP-0000000259,26/08/2026,2026-08,2026,8,MAQUIRENA S.A.C.,Manuel Alvarez,Cemento y Materiales de Construcción,COMBICOOLER 845483 P/. DESATADOR PAUS PSCALE 8T (copiar),40600415,Heatex,Comercializacion,1.0,USD,3.35,1800.0,VENTA
F 004-00002266,,,25/08/2026,2026-08,2026,8,PERUPLAST S A,Mercedes Quispe,Petroquímica / Química,SERVICIO DE MANTENIMIENTO Y REPARACION,97000001,Otros,Mantenimiento,1.0,USD,3.356,5090.0,VENTA
F 004-00002264,026-0011936,OPP-0000000109,25/08/2026,2026-08,2026,8,PERUPLAST S A,Mercedes Quispe,Petroquímica / Química,SERVICIO DE MANTENIMIENTO Y REPARACION,97000001,Otros,Mantenimiento,1.0,USD,3.356,3990.0,VENTA
F 004-00002263,026-0012133,OPP-0000000258,25/08/2026,2026-08,2026,8,GRUPO ASEGA S.A.C.,Arnold Hernández,Servicios / Otros,ENFRIADOR OIL HIDR. BOWMAN FG120 1427-3TC (3P) COBRE,40200015,Bowman,Comercializacion,1.0,USD,3.356,1300.0,VENTA
F 004-00002262,026-0012023,OPP-0000000153,25/08/2026,2026-08,2026,8,PAN AMERICAN SILVER HUARON S.A.,Arnold Hernández,Mining,SERVICIO REPARACION,92000001,,Mantenimiento,1.0,USD,3.356,4851.0,VENTA
F 004-00002261,026-0012103,OPP-0000000221,25/08/2026,2026-08,2026,8,VOLCAN COMPANIA MINERA S.A.A.,Arnold Hernández,Mining,ENFRIADOR OIL HIDR. BOWMAN GL140 3928-2 (3P) 90 / 10,40200108,Bowman,Comercializacion,1.0,USD,3.356,2363.0,VENTA
F 004-00002261,026-0012103,OPP-0000000221,25/08/2026,2026-08,2026,8,VOLCAN COMPANIA MINERA S.A.A.,Arnold Hernández,Mining,ENFRIADOR OIL HIDR. BOWMAN GL140 3928-2 (3P) 90 / 10,40200108,Bowman,Comercializacion,1.0,USD,3.356,2363.0,VENTA
F 004-00002260,026-0011777,,25/08/2026,2026-08,2026,8,VOLCAN COMPANIA MINERA S.A.A.,Arnold Hernández,Mining,SERVICIO REPARACION,92000001,,Mantenimiento,1.0,USD,3.356,8588.8,VENTA
F 004-00002260,026-0011777,,25/08/2026,2026-08,2026,8,VOLCAN COMPANIA MINERA S.A.A.,Arnold Hernández,Mining,SERVICIO REPARACION,92000001,,Mantenimiento,1.0,USD,3.356,5975.2,VENTA
F 004-00002259,026-0012038,,25/08/2026,2026-08,2026,8,RESEMIN S.A.,Rintusac,Metalmecánica / Siderurgia,SERVICIO REPARACION,92000001,,Mantenimiento,1.0,USD,3.356,764.0,VENTA
F 004-00002258,026-0011984,,25/08/2026,2026-08,2026,8,RESEMIN S.A.,Rintusac,Metalmecánica / Siderurgia,SERVICIO MANTENIMIENTO,91000001,,Mantenimiento,1.0,USD,3.356,775.0,VENTA
F 004-00002257,026-0011831,OPP-0000000206,25/08/2026,2026-08,2026,8,RESEMIN S.A.,Rintusac,Metalmecánica / Siderurgia,SERVICIO REPARACION,92000001,,Mantenimiento,1.0,USD,3.356,795.0,VENTA
F 004-00002256,026-0012089,OPP-0000000122,25/08/2026,2026-08,2026,8,CONSORCIO FRAP S.A.C.,Manuel Alvarez,Agroindustria y Alimentos,SERVICIO MANTENIMIENTO,91000001,,Mantenimiento,1.0,USD,3.356,1900.0,VENTA
F 004-00002256,026-0012089,OPP-0000000122,25/08/2026,2026-08,2026,8,CONSORCIO FRAP S.A.C.,Manuel Alvarez,Agroindustria y Alimentos,SERVICIO MANTENIMIENTO,91000001,,Mantenimiento,2.0,USD,3.356,3233.6,VENTA
F 004-00002256,026-0012089,OPP-0000000122,25/08/2026,2026-08,2026,8,CONSORCIO FRAP S.A.C.,Manuel Alvarez,Agroindustria y Alimentos,SERVICIO MANTENIMIENTO,91000001,,Mantenimiento,4.0,USD,3.356,10120.0,VENTA
F 004-00002254,,,25/08/2026,2026-08,2026,8,SALVADOR ZA FISHING S.A.C.,Jeancarlos Castillo,Pesca,SERVICIO REPARACION,92000001,,Mantenimiento,1.0,USD,3.356,1390.0,VENTA
F 004-00002253,026-0012115,OPP-0000000228,24/08/2026,2026-08,2026,8,OPERACIONES MINERAS SAN PEDRO SOCIEDAD ANONIMA CERRADA,Arnold Hernández,Mining,SERVICIO REPARACION,92000001,,Mantenimiento,1.0,USD,3.352,1199.48,VENTA
F 004-00002252,026-0012096,OPP-0000000371,24/08/2026,2026-08,2026,8,TP INTERCAMBIADORES S.A.C.,Rintusac,Metalmecánica / Siderurgia,ENFRIADOR OIL HIDR. BOWMAN FG120 1427-3TC (3P) COBRE,40200015,Bowman,Comercializacion,2.0,USD,3.352,2500.0,VENTA
F 004-00002251,026-0012086,OPP-0000000147,24/08/2026,2026-08,2026,8,XIAN BUSINESS CORPORATION S.A.C.,Jeancarlos Castillo,Servicios / Otros,ENFRIADOR DE ACEITE HIDR. HTXDC-011P-02-N-BW 24V DC (copiar),40600390,Heatex,Comercializacion,1.0,USD,3.352,540.0,VENTA
F 004-00002250,,,24/08/2026,2026-08,2026,8,ITALMECAN S.A.C.,Mercedes Quispe,Metalmecánica / Siderurgia,ENFRIADOR HIDRAULICO NS 4649977,40600581,Heatex,Comercializacion,1.0,USD,3.352,550.0,VENTA
F 004-00002248,026-0012101,OPP-0000000220,22/08/2026,2026-08,2026,8,HYDROMINING GROUP S.A.C.,Arnold Hernández,Mining,ENFRIADOR DE ACEITE HIDR. HTXDC-011P-02-N-BW 24V DC (copiar),40600390,Heatex,Comercializacion,1.0,USD,3.352,590.0,VENTA
F 004-00002248,026-0012101,OPP-0000000220,22/08/2026,2026-08,2026,8,HYDROMINING GROUP S.A.C.,Arnold Hernández,Mining,ENFRIADOR OIL HIDR. BOWMAN FG120 1427-3TC (3P) COBRE,40200015,Bowman,Comercializacion,1.0,USD,3.352,1276.28,VENTA
F 004-00002247,026-0012078,OPP-0000000116,21/08/2026,2026-08,2026,8,OPERACIONES MINERAS SAN PEDRO SOCIEDAD ANONIMA CERRADA,Arnold Hernández,Mining,SERVICIO REPARACION,92000001,,Mantenimiento,1.0,USD,3.361,1450.0,VENTA
F 004-00002246,026-0011954,OPP-0000000042,21/08/2026,2026-08,2026,8,SISTEMAS CONVENCIONALES S.A.C.,Jeancarlos Castillo,Servicios / Otros,ENFRIADOR OIL HIDR. BOWMAN FG120 1427-3TC (3P) COBRE,40200015,Bowman,Comercializacion,1.0,USD,3.361,1150.0,VENTA
F 004-00002245,026-0011920,,20/08/2026,2026-08,2026,8,TECNOMECANICA SERVICIOS HIDRAULICOS SOCIEDAD ANONIMA CERRADA,Jeancarlos Castillo,Servicios / Otros,ENFRIADOR SISTEMA DE ACEITE P / C4.4 P / N.HTX- 656549 -91 v4,40600164,Heatex,Comercializacion,2.0,USD,3.361,1600.0,VENTA
F 004-00002244,026-0011942,OPP-0000000356,20/08/2026,2026-08,2026,8,MINSUR S. A.,Mercedes Quispe,Mining,SERVICIO REPARACION,92000001,,Mantenimiento,1.0,USD,3.361,5868.0,VENTA
F 004-00002243,026-0011876,,20/08/2026,2026-08,2026,8,GESTION MINERA INTEGRAL S.A.C.,Mercedes Quispe,Construcción / EPC / Contratistas,SERVICIO REPARACION,92000001,,Mantenimiento,1.0,USD,3.361,3203.0,VENTA
F 004-00002243,026-0011876,,20/08/2026,2026-08,2026,8,GESTION MINERA INTEGRAL S.A.C.,Mercedes Quispe,Construcción / EPC / Contratistas,SERVICIO REPARACION,92000001,,Mantenimiento,1.0,USD,3.361,3290.0,VENTA
F 004-00002243,026-0011876,,20/08/2026,2026-08,2026,8,GESTION MINERA INTEGRAL S.A.C.,Mercedes Quispe,Construcción / EPC / Contratistas,SERVICIO MANTENIMIENTO,91000001,,Mantenimiento,1.0,USD,3.361,320.0,VENTA
F 004-00002243,026-0011876,,20/08/2026,2026-08,2026,8,GESTION MINERA INTEGRAL S.A.C.,Mercedes Quispe,Construcción / EPC / Contratistas,BASE DE SOPORTE P/MONTAJE RADIADOR P/CAT 7N-7988,20100164,RINTUSAC,Mantenimiento,2.0,USD,3.361,187.0,VENTA
F 004-00002241,026-0012122,OPP-0000000248,20/08/2026,2026-08,2026,8,MINERA GIGANTE SRL.,Arnold Hernández,Mining,SERVICIO DE EVALUACION,90000011,,Mantenimiento,1.0,USD,3.361,120.0,VENTA
F 004-00002240,026-0012121,OPP-0000000246,20/08/2026,2026-08,2026,8,MINERA GIGANTE SRL.,Arnold Hernández,Mining,ORING VITON BOWMAN FG OS52VT,40200210,Bowman,Comercializacion,2.0,USD,3.361,54.0,VENTA
F 004-00002239,026-0012114,,19/08/2026,2026-08,2026,8,MUNDO CALOR PERU S.A.C.,Jeancarlos Castillo,Servicios / Otros,FLEJE ACERO GALVANIZADO 0.4 MM X 10 MM ,10320069,Otros,Comercializacion,30.45,PEN,3.362,230.96,VENTA
F 004-00002238,026-0012118,,19/08/2026,2026-08,2026,8,HYDEXCORP S.A.C.,Jeancarlos Castillo,Metalmecánica / Siderurgia,ENFRIADOR OIL HIDR. BOWMAN FG120 3427-3 (3P),40200017,Bowman,Comercializacion,1.0,USD,3.362,1540.0,VENTA
F 004-00002237,026-0011449,,18/08/2026,2026-08,2026,8,COMPAÑIA MINERA CHUNGAR S.A.C.,Arnold Hernández,Mining,SERVICIO REPARACION,92000001,,Mantenimiento,1.0,USD,3.37,12002.0,VENTA
F 004-00002236,026-0012090,OPP-0000000127,18/08/2026,2026-08,2026,8,IESA S A,Arnold Hernández,Servicios / Otros,ENFRIADOR OIL HIDR. BOWMAN FG120 1427-3TC (3P) COBRE,40200015,Bowman,Comercializacion,1.0,USD,3.37,1150.0,VENTA
F 004-00002235,026-0011968,OPP-0000000003,17/08/2026,2026-08,2026,8,ANTESA S.A.C.,Jeancarlos Castillo,Metalmecánica / Siderurgia,"GRAPA DESMONT. TIPO ""M"" HEATEX COSTILLADAS 160906 P / 106570",40600008,Heatex,Comercializacion,146.0,PEN,3.368,176.86,VENTA
F 004-00002235,026-0011968,OPP-0000000003,17/08/2026,2026-08,2026,8,ANTESA S.A.C.,Jeancarlos Castillo,Metalmecánica / Siderurgia,SELLO DESMONT. C / CANAL HEATEX 721201B V2,40600476,Heatex,Comercializacion,146.0,PEN,3.368,281.77,VENTA
F 004-00002235,026-0011968,OPP-0000000003,17/08/2026,2026-08,2026,8,ANTESA S.A.C.,Jeancarlos Castillo,Metalmecánica / Siderurgia,SELLO DESMONT. S / CANAL HEATEX 721201T V2,40600477,Heatex,Comercializacion,146.0,PEN,3.368,281.77,VENTA
F 004-00002234,026-0011710,,17/08/2026,2026-08,2026,8,RESEMIN S.A.,Rintusac,Metalmecánica / Siderurgia,ENFRIADOR OIL HIDR. BOWMAN FG120 1427-3TC (3P) COBRE,40200015,Bowman,Comercializacion,4.0,USD,3.368,4280.0,VENTA
F 004-00002233,026-0011706,OPP-0000000358,17/08/2026,2026-08,2026,8,RESEMIN S.A.,Rintusac,Metalmecánica / Siderurgia,ENFRIADOR OIL HIDR. BOWMAN FG120 1427-3TC (3P) COBRE,40200015,Bowman,Comercializacion,20.0,USD,3.368,21400.0,VENTA
F 004-00002232,026-0011591,OPP-0000000355,17/08/2026,2026-08,2026,8,RESEMIN S.A.,Rintusac,Metalmecánica / Siderurgia,ENFRIADOR OIL HIDR. BOWMAN FG120 1427-3 (3P),40200016,Bowman,Comercializacion,1.0,USD,3.368,1290.0,VENTA
F 004-00002231,026-0012073,OPP-0000000105,17/08/2026,2026-08,2026,8,IESA S A,Arnold Hernández,Servicios / Otros,ENFRIADOR OIL HIDR. BOWMAN FG120 1427-3TC (3P) COBRE,40200015,Bowman,Comercializacion,1.0,USD,3.368,1150.0,VENTA
F 004-00002230,026-0012047,,17/08/2026,2026-08,2026,8,TECNOMECANICA SERVICIOS HIDRAULICOS SOCIEDAD ANONIMA CERRADA,Jeancarlos Castillo,Servicios / Otros,ENFRIADOR HIDRAULICO BAP COMPLETO CMS1/O/24V/002 66337005,40600503,Heatex,Comercializacion,1.0,USD,3.368,980.0,VENTA
F 004-00002229,026-0011533,,17/08/2026,2026-08,2026,8,COMPAÑIA MINERA CHUNGAR S.A.C.,Arnold Hernández,Mining,SERVICIO REPARACION,92000001,,Mantenimiento,1.0,USD,3.368,4745.25,VENTA
F CF0-00000070,026-0011692,,15/08/2026,2026-08,2026,8,OYOLA ALFARO RONAL RODY,Jeancarlos Castillo,Servicios / Otros,"TUBO DESMONT. CU 29.25"" ""M"" WATER-AIR",20100151,RINTUSAC,Mantenimiento,-128.0,USD,3.368,-3072.0,NOTA CREDITO
F CF0-00000070,026-0011692,,15/08/2026,2026-08,2026,8,OYOLA ALFARO RONAL RODY,Jeancarlos Castillo,Servicios / Otros,SELLO DESMONT. C / CANAL HEATEX 721201B V2,40600476,Heatex,Comercializacion,-72.0,USD,3.368,-122.4,NOTA CREDITO
F CF0-00000070,026-0011692,,15/08/2026,2026-08,2026,8,OYOLA ALFARO RONAL RODY,Jeancarlos Castillo,Servicios / Otros,SELLO DESMONT. S / CANAL HEATEX 721201T V2,40600477,Heatex,Comercializacion,-72.0,USD,3.368,-122.4,NOTA CREDITO
F CF0-00000070,026-0011692,,15/08/2026,2026-08,2026,8,OYOLA ALFARO RONAL RODY,Jeancarlos Castillo,Servicios / Otros,SELLO DESMONT. C / CANAL AGUA-AIRE-ACEITE HEATEX,40600512,Heatex,Comercializacion,-56.0,USD,3.368,-123.2,NOTA CREDITO
F CF0-00000070,026-0011692,,15/08/2026,2026-08,2026,8,OYOLA ALFARO RONAL RODY,Jeancarlos Castillo,Servicios / Otros,SELLO DESMONT. S / CANAL AGUA-AIRE-ACEITE HEATEX,40600513,Heatex,Comercializacion,-56.0,USD,3.368,-123.2,NOTA CREDITO
F 004-00002227,026-0011692,,15/08/2026,2026-08,2026,8,OYOLA ALFARO RONAL RODY,Jeancarlos Castillo,Servicios / Otros,"TUBO DESMONT. CU 29.25"" ""M"" WATER-AIR",20100151,RINTUSAC,Mantenimiento,128.0,USD,3.368,3072.0,VENTA
F 004-00002227,026-0011692,,15/08/2026,2026-08,2026,8,OYOLA ALFARO RONAL RODY,Jeancarlos Castillo,Servicios / Otros,SELLO DESMONT. C / CANAL HEATEX 721201B V2,40600476,Heatex,Comercializacion,72.0,USD,3.368,122.4,VENTA
F 004-00002227,026-0011692,,15/08/2026,2026-08,2026,8,OYOLA ALFARO RONAL RODY,Jeancarlos Castillo,Servicios / Otros,SELLO DESMONT. S / CANAL HEATEX 721201T V2,40600477,Heatex,Comercializacion,72.0,USD,3.368,122.4,VENTA
F 004-00002227,026-0011692,,15/08/2026,2026-08,2026,8,OYOLA ALFARO RONAL RODY,Jeancarlos Castillo,Servicios / Otros,SELLO DESMONT. C / CANAL AGUA-AIRE-ACEITE HEATEX,40600512,Heatex,Comercializacion,56.0,USD,3.368,123.2,VENTA
F 004-00002227,026-0011692,,15/08/2026,2026-08,2026,8,OYOLA ALFARO RONAL RODY,Jeancarlos Castillo,Servicios / Otros,SELLO DESMONT. S / CANAL AGUA-AIRE-ACEITE HEATEX,40600513,Heatex,Comercializacion,56.0,USD,3.368,123.2,VENTA
F 004-00002226,026-0012080,OPP-0000000133,14/08/2026,2026-08,2026,8,L & G INTERNATIONAL PARTS S.A.C.,Rintusac,Automotriz / Transporte,SERVICIO DE FABRICACION (copiar),90000012,Otros,Mantenimiento,100.66,USD,3.371,734.83,VENTA
F 004-00002225,,,14/08/2026,2026-08,2026,8,SERVICIOS Y EQUIPOS AMAZONICOS S.A.C,Arnold Hernández,Transportation/Logistics,AFTERCOOLER 21922701 P/  VOLVO PENTA,40600578,Heatex,Comercializacion,2.0,USD,3.371,2550.0,VENTA
F 004-00002223,026-0012050,OPP-0000000082,14/08/2026,2026-08,2026,8,JRC INGENIERÍA Y CONSTRUCCIÓN S.A.C.,Arnold Hernández,Construcción / EPC / Contratistas,RADIADOR AFTERCOOLER R1600H,20100078,RINTUSAC,Mantenimiento,1.0,USD,3.371,4693.0,VENTA
F 004-00002222,026-0012058,OPP-0000000088,14/08/2026,2026-08,2026,8,JRC INGENIERÍA Y CONSTRUCCIÓN S.A.C.,Arnold Hernández,Construcción / EPC / Contratistas,INTERCOOLER DE AIRE C4.4 V02/COMPLETO CON TINA C/ALERO			 ,40600529,Heatex,Comercializacion,1.0,USD,3.371,2190.0,VENTA
F 004-00002221,026-0011829,OPP-0000000352,14/08/2026,2026-08,2026,8,METAL TECNICA S A,Manuel Alvarez,Wholesale/Retail,SERVICIO MANTENIMIENTO,91000001,,Mantenimiento,1.0,USD,3.371,355.0,VENTA
F 004-00002220,025-0010889,,13/08/2026,2026-08,2026,8,UNION DE CONCRETERAS S.A,Manuel Alvarez,Construcción / EPC / Contratistas,RADIADOR DE SISTEMA REFRIGERANTE P / CAT C4.4 P / 236-7766 BAR AND PLATE,40600295,Heatex,Comercializacion,1.0,USD,3.365,1470.0,VENTA
F 004-00002219,026-0011965,,13/08/2026,2026-08,2026,8,UNION DE CONCRETERAS S.A,Manuel Alvarez,Construcción / EPC / Contratistas,RADIADOR DE SISTEMA REFRIGERANTE P / CAT C4.4 P / 236-7766 BAR AND PLATE,40600295,Heatex,Comercializacion,1.0,USD,3.365,1470.0,VENTA
F 004-00002218,026-0012052,OPP-0000000083,13/08/2026,2026-08,2026,8,MINERA CRC SOCIEDAD ANONIMA CERRADA,Manuel Alvarez,Mining,SERVICIO MANTENIMIENTO,91000001,,Mantenimiento,1.0,USD,3.365,727.5,VENTA
F 004-00002217,026-0012051,,13/08/2026,2026-08,2026,8,RESEMIN S.A.,Rintusac,Metalmecánica / Siderurgia,VENTILADOR HEATEX P/ENFRIADOR HTX0367AH11 HYD,40600426,Heatex,Comercializacion,3.0,USD,3.365,1080.0,VENTA
F 004-00002216,026-0011951,OPP-0000000005,12/08/2026,2026-08,2026,8,XIAN BUSINESS CORPORATION S.A.C.,Jeancarlos Castillo,Servicios / Otros,ENFRIADOR COMPLETO ACEITE/AGUA/ACEITE BAP P/PAUS 853-S8 555-139 VER02,40600436,Heatex,Comercializacion,1.0,USD,3.372,1850.0,VENTA
F 004-00002215,026-0012075,OPP-0000000113,12/08/2026,2026-08,2026,8,JRC INGENIERÍA Y CONSTRUCCIÓN S.A.C.,Arnold Hernández,Construcción / EPC / Contratistas,ENFRIADOR OIL HIDR. BOWMAN GL140 3928-2 (3P) 90 / 10,40200108,Bowman,Comercializacion,1.0,USD,3.372,2363.0,VENTA
F 004-00002214,026-0011848,OPP-0000000364,12/08/2026,2026-08,2026,8,INTERCAMBIADORES BALVIN S.R.L.,Rintusac,Metalmecánica / Siderurgia,ENFRIADOR SISTEMA DE ACEITE HEATEX P / N. 133-0125,40600119,Heatex,Comercializacion,1.0,USD,3.372,1140.0,VENTA
F 004-00002213,,,12/08/2026,2026-08,2026,8,VPTM IQUITOS S.A.C.,Jeancarlos Castillo,Servicios / Otros,SERVICIO MANTENIMIENTO,91000001,,Mantenimiento,1.0,USD,3.372,3400.0,VENTA
F 004-00002212,026-0012031,OPP-0000000115,12/08/2026,2026-08,2026,8,OPERACIONES MINERAS SAN PEDRO SOCIEDAD ANONIMA CERRADA,Arnold Hernández,Mining,SERVICIO REPARACION,92000001,,Mantenimiento,1.0,USD,3.372,2938.54,VENTA
F 004-00002211,026-0011835,,12/08/2026,2026-08,2026,8,ADMINISTRACION DE EMPRESAS S.A.C.,Arnold Hernández,IT/Communication,RADIADOR COMPLE ALUM. REFRIG R1600H 3860012,40600296,Heatex,Comercializacion,1.0,USD,3.372,6072.0,VENTA
F 004-00002210,026-0012049,OPP-0000000077,11/08/2026,2026-08,2026,8,UNION DE CONCRETERAS S.A,Manuel Alvarez,Construcción / EPC / Contratistas,RADIADOR DE SISTEMA REFRIGERANTE P / CAT C4.4 P / 236-7766 BAR AND PLATE,40600295,Heatex,Comercializacion,1.0,USD,3.387,1470.0,VENTA
F 004-00002209,026-0012054,OPP-0000000086,11/08/2026,2026-08,2026,8,JRC INGENIERÍA Y CONSTRUCCIÓN S.A.C.,Arnold Hernández,Construcción / EPC / Contratistas,COMBICOOLER 845483 P/. DESATADOR PAUS PSCALE 8T (copiar),40600414,Heatex,Comercializacion,1.0,USD,3.387,3542.4,VENTA
F 004-00002208,026-0011875,,11/08/2026,2026-08,2026,8,VOLCAN COMPANIA MINERA S.A.A.,Arnold Hernández,Mining,RADIADOR REFRIGERANTE TD P/DUMPER EPIROC MT2200 6060007952,20100174,RINTUSAC,Mantenimiento,1.0,USD,3.387,5907.5,VENTA
F 004-00002207,026-0012028,OPP-0000000072,11/08/2026,2026-08,2026,8,VOLCAN COMPANIA MINERA S.A.A.,Arnold Hernández,Mining,ENFRIADOR DE AIRE MANITOU ,40600544,Heatex,Comercializacion,1.0,PEN,3.387,1097.72,VENTA
F 004-00002207,026-0012028,OPP-0000000072,11/08/2026,2026-08,2026,8,VOLCAN COMPANIA MINERA S.A.A.,Arnold Hernández,Mining,RADIADOR DE REFRIGERANTE MANITOU ,40600542,Heatex,Comercializacion,1.0,PEN,3.387,1762.4,VENTA
F CF0-00000069,026-0011424,,10/08/2026,2026-08,2026,8,STRACON PERÚ S.A.,Arnold Hernández,Mining,SELLO DESMONT. C / CANAL AGUA-AIRE-ACEITE HEATEX,40600512,Heatex,Comercializacion,-932.0,USD,3.391,-2330.0,NOTA CREDITO
F CF0-00000069,026-0011424,,10/08/2026,2026-08,2026,8,STRACON PERÚ S.A.,Arnold Hernández,Mining,SELLO DESMONT. S / CANAL AGUA-AIRE-ACEITE HEATEX,40600513,Heatex,Comercializacion,-1632.0,USD,3.391,-4080.0,NOTA CREDITO
F 004-00002206,026-0011424,,10/08/2026,2026-08,2026,8,STRACON PERÚ S.A.,Arnold Hernández,Mining,SELLO DESMONT. C / CANAL AGUA-AIRE-ACEITE HEATEX,40600512,Heatex,Comercializacion,932.0,USD,3.391,2330.0,VENTA
F 004-00002206,026-0011424,,10/08/2026,2026-08,2026,8,STRACON PERÚ S.A.,Arnold Hernández,Mining,SELLO DESMONT. S / CANAL AGUA-AIRE-ACEITE HEATEX,40600513,Heatex,Comercializacion,1632.0,USD,3.391,4080.0,VENTA
F 004-00002204,026-0011990,OPP-0000000038,10/08/2026,2026-08,2026,8,VPTM IQUITOS S.A.C.,Jeancarlos Castillo,Servicios / Otros,REVESTIMIENTO PARA S62-IS10 238PL,10540238,Otros,Comercializacion,4.0,USD,3.391,340.0,VENTA
F 004-00002203,026-0011940,OPP-0000000062,10/08/2026,2026-08,2026,8,SERVICIOS MINEROS RF S.A.C.,Manuel Alvarez,Mining,SERVICIO MANTENIMIENTO,91000001,,Mantenimiento,1.0,USD,3.391,7263.3,VENTA
F 004-00002201,026-0012055,OPP-0000000369,07/08/2026,2026-08,2026,8,RESEMIN S.A.,Rintusac,Metalmecánica / Siderurgia,ENFRIADOR SISTEMA DE ACEITE P / C4.4 P / N.HTX- 656549 -91 v4,40600164,Heatex,Comercializacion,10.0,USD,0.0,8000.0,VENTA
F 004-00002200,026-0011554,,07/08/2026,2026-08,2026,8,RESEMIN S.A.,Rintusac,Metalmecánica / Siderurgia,ENFRIADOR DE ACEITE HIDRAULICO PARKER 016 (A539016) (copiar),40600330,Heatex,Comercializacion,4.0,USD,0.0,7992.0,VENTA
F 004-00002198,026-0011945,OPP-0000000020,07/08/2026,2026-08,2026,8,RESEMIN S.A.,Rintusac,Metalmecánica / Siderurgia,SERVICIO MANTENIMIENTO,91000001,,Mantenimiento,1.0,USD,0.0,825.0,VENTA
F 004-00002197,026-0011774,,07/08/2026,2026-08,2026,8,RESEMIN S.A.,Rintusac,Metalmecánica / Siderurgia,SERVICIO REPARACION,92000001,,Mantenimiento,1.0,USD,0.0,476.0,VENTA
F 004-00002196,026-0012026,OPP-0000000074,07/08/2026,2026-08,2026,8,TECNOMECANICA SERVICIOS HIDRAULICOS SOCIEDAD ANONIMA CERRADA,Jeancarlos Castillo,Servicios / Otros,RADIADOR DE REFRIGERANTE C4.4 V02/ COMPLETO CON TINA C/ALERO			 ,40600530,Heatex,Comercializacion,1.0,USD,0.0,1390.0,VENTA
F 004-00002194,026-0012048,OPP-0000000210,07/08/2026,2026-08,2026,8,METALTEC ENGENEERING STEELS E.I.R.L.,Manuel Alvarez,Metalmecánica / Siderurgia,SELLO DESMONT. C / CANAL AGUA-AIRE-ACEITE HEATEX,40600512,Heatex,Comercializacion,10.0,USD,0.0,23.5,VENTA
F 004-00002194,026-0012048,OPP-0000000210,07/08/2026,2026-08,2026,8,METALTEC ENGENEERING STEELS E.I.R.L.,Manuel Alvarez,Metalmecánica / Siderurgia,SELLO DESMONT. S / CANAL AGUA-AIRE-ACEITE HEATEX,40600513,Heatex,Comercializacion,10.0,USD,0.0,23.5,VENTA
F 004-00002193,026-0012029,,07/08/2026,2026-08,2026,8,JRC INGENIERÍA Y CONSTRUCCIÓN S.A.C.,Arnold Hernández,Construcción / EPC / Contratistas,RADIADOR REFRIGERANTE P/CAT C6.6 365-2909 BAP C/ALEROS,40600311,Heatex,Comercializacion,1.0,USD,0.0,1690.0,VENTA
