Fecha,Mes,Anio,Periodo,Nro_Factura,Orden,Cod_OPP,Cod_RM,Cliente,Sector,Cod_Producto,Producto,Categoria,Marca,Vendedor,Equipo,Cantidad,Precio_Unit,Moneda,TC,Venta_USD,Costo_USD,Margen_USD,Pct_Margen,Venta_PEN,Costo_PEN,Cuenta_Venta
29/08/2026,8,2026,2026-08,E001-1243,026-0011881,OPP-0000000240,,KANAY S.A.C.,Petroquímica / Química,,ANTICIPO -VENTA DE INTERCAMBIADOR SOLDADO CB200-90M BPHE / 3287085089,,,Arnold Hernández,VENTAS-MANTENIMIENTO,1.0,3636.0,USD,3.356,3636.0,3636.0,0.0,0.0,12202.42,1083.43,7012100 Mercaderías - Mercaderías - venta local - Terceros
31/08/2026,8,2026,2026-08,E001-1244,026-0012187,OPP-0000000310,,RADIADORES ARNAO INDUSTRIAL S.A.C,Servicios / Otros,,"Anticipo - JEBE DESMONT. CENTRAL TIPO ""M"" MACHO HEATEX N / P 800829 * 14.88""",,,Rintusac,VENTAS-MANTENIMIENTO,28.0,20.0,USD,3.356,560.0,560.0,0.0,0.0,1879.36,166.87,7012100 Mercaderías - Mercaderías - venta local - Terceros
07/08/2026,8,2026,2026-08,F 004-00002193,026-0012029,,,JRC INGENIERÍA Y CONSTRUCCIÓN S.A.C.,Construcción / EPC / Contratistas,40600311,RADIADOR REFRIGERANTE P/CAT C6.6 365-2909 BAP C/ALEROS,ORIGINAL / HEATEX / RADIADORES,Heatex,Arnold Hernández,VENTAS-COMERCIALIZACION,1.0,1690.0,USD,0.0,1690.0,404.22,1285.78,0.7608,0.0,0.0,7011100 Mercaderías - Mercaderías - venta de exportación - Terceros
07/08/2026,8,2026,2026-08,F 004-00002194,026-0012048,OPP-0000000210,,METALTEC ENGENEERING STEELS E.I.R.L.,Metalmecánica / Siderurgia,40600512,SELLO DESMONT. C / CANAL AGUA-AIRE-ACEITE HEATEX,ORIGINAL / HEATEX / SELLOS DESMONTABLES,Heatex,Manuel Alvarez,VENTAS-MANTENIMIENTO,10.0,2.35,USD,0.0,23.5,8.95,14.55,0.6191,0.0,0.0,7111010 Variacion productos terminados
07/08/2026,8,2026,2026-08,F 004-00002194,026-0012048,OPP-0000000210,,METALTEC ENGENEERING STEELS E.I.R.L.,Metalmecánica / Siderurgia,40600513,SELLO DESMONT. S / CANAL AGUA-AIRE-ACEITE HEATEX,ORIGINAL / HEATEX / SELLOS DESMONTABLES,Heatex,Manuel Alvarez,VENTAS-MANTENIMIENTO,10.0,2.35,USD,0.0,23.5,8.95,14.55,0.6191,0.0,0.0,7111010 Variacion productos terminados
07/08/2026,8,2026,2026-08,F 004-00002196,026-0012026,OPP-0000000074,,TECNOMECANICA SERVICIOS HIDRAULICOS SOCIEDAD ANONIMA CERRADA,Servicios / Otros,40600530,RADIADOR DE REFRIGERANTE C4.4 V02/ COMPLETO CON TINA C/ALERO			 ,ORIGINAL / HEATEX / RADIADORES,Heatex,Jeancarlos Castillo,VENTAS-MANTENIMIENTO,1.0,1390.0,USD,0.0,1390.0,389.07,1000.93,0.7201,0.0,0.0,7011100 Mercaderías - Mercaderías - venta de exportación - Terceros
07/08/2026,8,2026,2026-08,F 004-00002197,026-0011774,,RM-24503,RESEMIN S.A.,Metalmecánica / Siderurgia,92000001,SERVICIO REPARACION,SERV. CLIENTE / VARIOS LINEA / VARIOS,,Rintusac,VENTAS-MANTENIMIENTO,1.0,476.0,USD,0.0,476.0,0.0,476.0,1.0,0.0,123.07,7032110 Servicio de reparación
07/08/2026,8,2026,2026-08,F 004-00002198,026-0011945,OPP-0000000020,RM-24605,RESEMIN S.A.,Metalmecánica / Siderurgia,91000001,SERVICIO MANTENIMIENTO,SERV. CLIENTE / VARIOS LINEA / VARIOS,,Rintusac,VENTAS-MANTENIMIENTO,1.0,825.0,USD,0.0,825.0,0.0,825.0,1.0,0.0,211.15,7032100 Servicio de mantenimiento
07/08/2026,8,2026,2026-08,F 004-00002200,026-0011554,,RM-24633,RESEMIN S.A.,Metalmecánica / Siderurgia,40600330,ENFRIADOR DE ACEITE HIDRAULICO PARKER 016 (A539016) (copiar),ORIGINAL / HEATEX / ENFRIADORES,Heatex,Rintusac,VENTAS-MANTENIMIENTO,4.0,1998.0,USD,0.0,7992.0,0.0,7992.0,1.0,0.0,14071.92,7012100 Mercaderías - Mercaderías - venta local - Terceros
07/08/2026,8,2026,2026-08,F 004-00002201,026-0012055,OPP-0000000369,,RESEMIN S.A.,Metalmecánica / Siderurgia,40600164,ENFRIADOR SISTEMA DE ACEITE P / C4.4 P / N.HTX- 656549 -91 v4,ORIGINAL / HEATEX / ENFRIADORES,Heatex,Rintusac,VENTAS-FABRICACION,10.0,800.0,USD,0.0,8000.0,2929.66,5070.34,0.6338,0.0,0.0,7012100 Mercaderías - Mercaderías - venta local - Terceros
10/08/2026,8,2026,2026-08,F 004-00002203,026-0011940,OPP-0000000062,RM-24599,SERVICIOS MINEROS RF S.A.C.,Mining,91000001,SERVICIO MANTENIMIENTO,SERV. CLIENTE / VARIOS LINEA / VARIOS,,Manuel Alvarez,VENTAS-COMERCIALIZACION,1.0,7810.0,USD,3.391,7263.3,2056.53,5206.77,0.7169,24629.85,6973.7,7032100 Servicio de mantenimiento
10/08/2026,8,2026,2026-08,F 004-00002204,026-0011990,OPP-0000000038,,VPTM IQUITOS S.A.C.,Servicios / Otros,10540238,REVESTIMIENTO PARA S62-IS10 238PL,SUMINISTROS / REPUESTO EQUIPO / VARIOS,Otros,Jeancarlos Castillo,VENTAS-COMERCIALIZACION,4.0,85.0,USD,3.391,340.0,0.0,340.0,1.0,1152.94,0.0,7111010 Variacion productos terminados
10/08/2026,8,2026,2026-08,F 004-00002206,026-0011424,,,STRACON PERÚ S.A.,Mining,40600512,SELLO DESMONT. C / CANAL AGUA-AIRE-ACEITE HEATEX,ORIGINAL / HEATEX / SELLOS DESMONTABLES,Heatex,Arnold Hernández,VENTAS-COMERCIALIZACION,932.0,2.5,USD,3.391,2330.0,837.39,1492.61,0.6406,7901.03,246.95,7111010 Variacion productos terminados
10/08/2026,8,2026,2026-08,F 004-00002206,026-0011424,,,STRACON PERÚ S.A.,Mining,40600513,SELLO DESMONT. S / CANAL AGUA-AIRE-ACEITE HEATEX,ORIGINAL / HEATEX / SELLOS DESMONTABLES,Heatex,Arnold Hernández,VENTAS-COMERCIALIZACION,1632.0,2.5,USD,3.391,4080.0,1466.34,2613.66,0.6406,13835.28,432.42,7111010 Variacion productos terminados
11/08/2026,8,2026,2026-08,F 004-00002207,026-0012028,OPP-0000000072,,VOLCAN COMPANIA MINERA S.A.A.,Mining,40600544,ENFRIADOR DE AIRE MANITOU ,ORIGINAL / HEATEX / ENFRIADORES,Heatex,Arnold Hernández,VENTAS-COMERCIALIZACION,1.0,3717.99,PEN,3.387,1097.72,234.82,862.9,0.7861,3717.98,69.33,7012100 Mercaderías - Mercaderías - venta local - Terceros
11/08/2026,8,2026,2026-08,F 004-00002207,026-0012028,OPP-0000000072,,VOLCAN COMPANIA MINERA S.A.A.,Mining,40600542,RADIADOR DE REFRIGERANTE MANITOU ,ORIGINAL / HEATEX / RADIADORES,Heatex,Arnold Hernández,VENTAS-COMERCIALIZACION,1.0,5969.25,PEN,3.387,1762.4,377.01,1385.39,0.7861,5969.25,111.31,7011100 Mercaderías - Mercaderías - venta de exportación - Terceros
11/08/2026,8,2026,2026-08,F 004-00002208,026-0011875,,RM-24578,VOLCAN COMPANIA MINERA S.A.A.,Mining,20100174,RADIADOR REFRIGERANTE TD P/DUMPER EPIROC MT2200 6060007952,PROD. TERMINADO/ENSAMBLADO,RINTUSAC,Arnold Hernández,VENTAS-FABRICACION,1.0,6950.0,USD,3.387,5907.5,1370.34,4537.16,0.768,20008.7,4641.33,7012100 Mercaderías - Mercaderías - venta local - Terceros
11/08/2026,8,2026,2026-08,F 004-00002209,026-0012054,OPP-0000000086,,JRC INGENIERÍA Y CONSTRUCCIÓN S.A.C.,Construcción / EPC / Contratistas,40600414,COMBICOOLER 845483 P/. DESATADOR PAUS PSCALE 8T (copiar),ORIGINAL / HEATEX / ENFRIADORES,Heatex,Arnold Hernández,VENTAS-COMERCIALIZACION,1.0,4320.0,USD,3.387,3542.4,939.34,2603.06,0.7348,11998.11,277.34,7012100 Mercaderías - Mercaderías - venta local - Terceros
11/08/2026,8,2026,2026-08,F 004-00002210,026-0012049,OPP-0000000077,,UNION DE CONCRETERAS S.A,Construcción / EPC / Contratistas,40600295,RADIADOR DE SISTEMA REFRIGERANTE P / CAT C4.4 P / 236-7766 BAR AND PLATE,ORIGINAL / HEATEX / ENFRIADORES,Heatex,Manuel Alvarez,VENTAS-COMERCIALIZACION,1.0,1470.0,USD,3.387,1470.0,429.04,1040.96,0.7081,4978.89,126.67,7012100 Mercaderías - Mercaderías - venta local - Terceros
12/08/2026,8,2026,2026-08,F 004-00002211,026-0011835,,RM-24562,ADMINISTRACION DE EMPRESAS S.A.C.,IT/Communication,40600296,RADIADOR COMPLE ALUM. REFRIG R1600H 3860012,ORIGINAL / HEATEX / ENFRIADORES,Heatex,Arnold Hernández,VENTAS-COMERCIALIZACION,1.0,6072.0,USD,3.372,6072.0,1899.39,4172.61,0.6872,20474.78,6404.75,7012100 Mercaderías - Mercaderías - venta local - Terceros
12/08/2026,8,2026,2026-08,F 004-00002212,026-0012031,OPP-0000000115,RM-24626,OPERACIONES MINERAS SAN PEDRO SOCIEDAD ANONIMA CERRADA,Mining,92000001,SERVICIO REPARACION,SERV. CLIENTE / VARIOS LINEA / VARIOS,,Arnold Hernández,VENTAS-MANTENIMIENTO,1.0,2938.54,USD,3.372,2938.54,628.9,2309.64,0.786,9908.76,2120.64,7032110 Servicio de reparación
12/08/2026,8,2026,2026-08,F 004-00002213,,,,VPTM IQUITOS S.A.C.,Servicios / Otros,91000001,SERVICIO MANTENIMIENTO,SERV. CLIENTE / VARIOS LINEA / VARIOS,,Jeancarlos Castillo,VENTAS-MANTENIMIENTO,1.0,6800.0,USD,3.372,3400.0,3400.0,0.0,0.0,11464.8,1008.3,7032100 Servicio de mantenimiento
12/08/2026,8,2026,2026-08,F 004-00002214,026-0011848,OPP-0000000364,,INTERCAMBIADORES BALVIN S.R.L.,Metalmecánica / Siderurgia,40600119,ENFRIADOR SISTEMA DE ACEITE HEATEX P / N. 133-0125,ORIGINAL / HEATEX / ENFRIADORES,Heatex,Rintusac,VENTAS-FABRICACION,1.0,1140.0,USD,3.372,1140.0,353.91,786.09,0.6896,3844.08,104.96,7012100 Mercaderías - Mercaderías - venta local - Terceros
12/08/2026,8,2026,2026-08,F 004-00002215,026-0012075,OPP-0000000113,,JRC INGENIERÍA Y CONSTRUCCIÓN S.A.C.,Construcción / EPC / Contratistas,40200108,ENFRIADOR OIL HIDR. BOWMAN GL140 3928-2 (3P) 90 / 10,ORIGINAL / BOWMAN / ENFRIADORES,Bowman,Arnold Hernández,VENTAS-COMERCIALIZACION,1.0,2780.0,USD,3.372,2363.0,1104.31,1258.69,0.5327,7968.04,327.49,7012100 Mercaderías - Mercaderías - venta local - Terceros
12/08/2026,8,2026,2026-08,F 004-00002216,026-0011951,OPP-0000000005,RM-24606,XIAN BUSINESS CORPORATION S.A.C.,Servicios / Otros,40600436,ENFRIADOR COMPLETO ACEITE/AGUA/ACEITE BAP P/PAUS 853-S8 555-139 VER02,ORIGINAL / HEATEX / ENFRIADORES,Heatex,Jeancarlos Castillo,VENTAS-MANTENIMIENTO,1.0,1850.0,USD,3.372,1850.0,14.94,1835.06,0.9919,6238.2,50.39,7012100 Mercaderías - Mercaderías - venta local - Terceros
13/08/2026,8,2026,2026-08,F 004-00002217,026-0012051,,,RESEMIN S.A.,Metalmecánica / Siderurgia,40600426,VENTILADOR HEATEX P/ENFRIADOR HTX0367AH11 HYD,ORIGINAL / HEATEX / VARIOS,Heatex,Rintusac,VENTAS-MANTENIMIENTO,3.0,360.0,USD,3.365,1080.0,406.86,673.14,0.6233,3634.2,120.91,7111010 Variacion productos terminados
13/08/2026,8,2026,2026-08,F 004-00002218,026-0012052,OPP-0000000083,RM-24632,MINERA CRC SOCIEDAD ANONIMA CERRADA,Mining,91000001,SERVICIO MANTENIMIENTO,SERV. CLIENTE / VARIOS LINEA / VARIOS,,Manuel Alvarez,VENTAS-MANTENIMIENTO,1.0,750.0,USD,3.365,727.5,132.23,595.27,0.8182,2448.04,444.96,7032100 Servicio de mantenimiento
13/08/2026,8,2026,2026-08,F 004-00002219,026-0011965,,,UNION DE CONCRETERAS S.A,Construcción / EPC / Contratistas,40600295,RADIADOR DE SISTEMA REFRIGERANTE P / CAT C4.4 P / 236-7766 BAR AND PLATE,ORIGINAL / HEATEX / ENFRIADORES,Heatex,Manuel Alvarez,VENTAS-COMERCIALIZACION,1.0,1470.0,USD,3.365,1470.0,430.18,1039.82,0.7074,4946.55,127.84,7012100 Mercaderías - Mercaderías - venta local - Terceros
13/08/2026,8,2026,2026-08,F 004-00002220,025-0010889,,,UNION DE CONCRETERAS S.A,Construcción / EPC / Contratistas,40600295,RADIADOR DE SISTEMA REFRIGERANTE P / CAT C4.4 P / 236-7766 BAR AND PLATE,ORIGINAL / HEATEX / ENFRIADORES,Heatex,Manuel Alvarez,VENTAS-FABRICACION,1.0,1470.0,USD,3.365,1470.0,432.99,1037.01,0.7054,4946.55,128.67,7012100 Mercaderías - Mercaderías - venta local - Terceros
14/08/2026,8,2026,2026-08,F 004-00002221,026-0011829,OPP-0000000352,RM-24525,METAL TECNICA S A,Wholesale/Retail,91000001,SERVICIO MANTENIMIENTO,SERV. CLIENTE / VARIOS LINEA / VARIOS,,Manuel Alvarez,VENTAS-MANTENIMIENTO,1.0,355.0,USD,3.371,355.0,52.98,302.02,0.8508,1196.7,178.58,7032100 Servicio de mantenimiento
14/08/2026,8,2026,2026-08,F 004-00002222,026-0012058,OPP-0000000088,,JRC INGENIERÍA Y CONSTRUCCIÓN S.A.C.,Construcción / EPC / Contratistas,40600529,INTERCOOLER DE AIRE C4.4 V02/COMPLETO CON TINA C/ALERO			 ,ORIGINAL / HEATEX / INTERCOOLER,Heatex,Arnold Hernández,VENTAS-COMERCIALIZACION,1.0,2190.0,USD,3.371,2190.0,410.24,1779.76,0.8127,7382.49,121.7,7111010 Variacion productos terminados
14/08/2026,8,2026,2026-08,F 004-00002223,026-0012050,OPP-0000000082,RM-24631,JRC INGENIERÍA Y CONSTRUCCIÓN S.A.C.,Construcción / EPC / Contratistas,20100078,RADIADOR AFTERCOOLER R1600H,MERCANCIA LOCAL / RINTUSAC / RADIADORES,RINTUSAC,Arnold Hernández,VENTAS-COMERCIALIZACION,1.0,4940.0,USD,3.371,4693.0,1191.28,3501.72,0.7462,15820.1,4015.81,7111010 Variacion productos terminados
14/08/2026,8,2026,2026-08,F 004-00002225,,,,SERVICIOS Y EQUIPOS AMAZONICOS S.A.C,Transportation/Logistics,40600578,AFTERCOOLER 21922701 P/  VOLVO PENTA,ORIGINAL / HEATEX / AFTERCOOLER,Heatex,Arnold Hernández,VENTAS-MANTENIMIENTO,2.0,2270.0,USD,3.371,2550.0,2550.0,0.0,0.0,8596.05,756.45,7111010 Variacion productos terminados
14/08/2026,8,2026,2026-08,F 004-00002226,026-0012080,OPP-0000000133,RM-24645,L & G INTERNATIONAL PARTS S.A.C.,Automotriz / Transporte,90000012,SERVICIO DE FABRICACION (copiar),SERV. CLIENTE / PLANTA / VARIOS,Otros,Rintusac,VENTAS-MANTENIMIENTO,100.66,7.3,USD,3.371,734.83,0.0,734.83,1.0,2477.11,0.0,7012100 Mercaderías - Mercaderías - venta local - Terceros
15/08/2026,8,2026,2026-08,F 004-00002227,026-0011692,,,OYOLA ALFARO RONAL RODY,Servicios / Otros,20100151,"TUBO DESMONT. CU 29.25"" ""M"" WATER-AIR",FABRICACION / RINTUSAC / VARIOS,RINTUSAC,Jeancarlos Castillo,VENTAS-FABRICACION,128.0,24.0,USD,3.368,3072.0,11003.35,-7931.35,-2.5818,10346.5,3267.03,7111010 Variacion productos terminados
15/08/2026,8,2026,2026-08,F 004-00002227,026-0011692,,,OYOLA ALFARO RONAL RODY,Servicios / Otros,40600476,SELLO DESMONT. C / CANAL HEATEX 721201B V2,ORIGINAL / HEATEX / VARIOS,Heatex,Jeancarlos Castillo,VENTAS-FABRICACION,72.0,1.7,USD,3.368,122.4,438.41,-316.01,-2.5818,412.24,130.17,7111010 Variacion productos terminados
15/08/2026,8,2026,2026-08,F 004-00002227,026-0011692,,,OYOLA ALFARO RONAL RODY,Servicios / Otros,40600477,SELLO DESMONT. S / CANAL HEATEX 721201T V2,ORIGINAL / HEATEX / VARIOS,Heatex,Jeancarlos Castillo,VENTAS-FABRICACION,72.0,1.7,USD,3.368,122.4,438.41,-316.01,-2.5818,412.24,130.17,7111010 Variacion productos terminados
15/08/2026,8,2026,2026-08,F 004-00002227,026-0011692,,,OYOLA ALFARO RONAL RODY,Servicios / Otros,40600512,SELLO DESMONT. C / CANAL AGUA-AIRE-ACEITE HEATEX,ORIGINAL / HEATEX / SELLOS DESMONTABLES,Heatex,Jeancarlos Castillo,VENTAS-FABRICACION,56.0,2.2,USD,3.368,123.2,441.28,-318.08,-2.5818,414.94,131.02,7111010 Variacion productos terminados
15/08/2026,8,2026,2026-08,F 004-00002227,026-0011692,,,OYOLA ALFARO RONAL RODY,Servicios / Otros,40600513,SELLO DESMONT. S / CANAL AGUA-AIRE-ACEITE HEATEX,ORIGINAL / HEATEX / SELLOS DESMONTABLES,Heatex,Jeancarlos Castillo,VENTAS-FABRICACION,56.0,2.2,USD,3.368,123.2,441.28,-318.08,-2.5818,414.94,131.02,7111010 Variacion productos terminados
17/08/2026,8,2026,2026-08,F 004-00002229,026-0011533,,RM-24364,COMPAÑIA MINERA CHUNGAR S.A.C.,Mining,92000001,SERVICIO REPARACION,SERV. CLIENTE / VARIOS LINEA / VARIOS,,Arnold Hernández,VENTAS-MANTENIMIENTO,1.0,4745.25,USD,3.368,4745.25,2450.2,2295.05,0.4837,15982.0,8252.27,7032110 Servicio de reparación
17/08/2026,8,2026,2026-08,F 004-00002230,026-0012047,,,TECNOMECANICA SERVICIOS HIDRAULICOS SOCIEDAD ANONIMA CERRADA,Servicios / Otros,40600503,ENFRIADOR HIDRAULICO BAP COMPLETO CMS1/O/24V/002 66337005,ORIGINAL / HEATEX / MOTOR,Heatex,Jeancarlos Castillo,VENTAS-COMERCIALIZACION,1.0,980.0,USD,3.368,980.0,337.51,642.49,0.6556,3300.64,100.21,7012100 Mercaderías - Mercaderías - venta local - Terceros
17/08/2026,8,2026,2026-08,F 004-00002231,026-0012073,OPP-0000000105,RM-24641,IESA S A,Servicios / Otros,40200015,ENFRIADOR OIL HIDR. BOWMAN FG120 1427-3TC (3P) COBRE,ORIGINAL / BOWMAN / ENFRIADORES,Bowman,Arnold Hernández,VENTAS-COMERCIALIZACION,1.0,1150.0,USD,3.368,1150.0,885.74,264.26,0.2298,3873.2,2983.18,7012100 Mercaderías - Mercaderías - venta local - Terceros
17/08/2026,8,2026,2026-08,F 004-00002232,026-0011591,OPP-0000000355,RM-24675,RESEMIN S.A.,Metalmecánica / Siderurgia,40200016,ENFRIADOR OIL HIDR. BOWMAN FG120 1427-3 (3P),ORIGINAL / BOWMAN / ENFRIADORES,Bowman,Rintusac,VENTAS-FABRICACION,1.0,1290.0,USD,3.368,1290.0,1447.46,-157.46,-0.1221,4344.72,4875.05,7012100 Mercaderías - Mercaderías - venta local - Terceros
17/08/2026,8,2026,2026-08,F 004-00002233,026-0011706,OPP-0000000358,,RESEMIN S.A.,Metalmecánica / Siderurgia,40200015,ENFRIADOR OIL HIDR. BOWMAN FG120 1427-3TC (3P) COBRE,ORIGINAL / BOWMAN / ENFRIADORES,Bowman,Rintusac,VENTAS-FABRICACION,20.0,1070.0,USD,3.368,21400.0,12321.93,9078.07,0.4242,72075.2,3658.53,7012100 Mercaderías - Mercaderías - venta local - Terceros
17/08/2026,8,2026,2026-08,F 004-00002234,026-0011710,,,RESEMIN S.A.,Metalmecánica / Siderurgia,40200015,ENFRIADOR OIL HIDR. BOWMAN FG120 1427-3TC (3P) COBRE,ORIGINAL / BOWMAN / ENFRIADORES,Bowman,Rintusac,VENTAS-FABRICACION,4.0,1070.0,USD,3.368,4280.0,2431.15,1848.85,0.432,14415.04,721.84,7012100 Mercaderías - Mercaderías - venta local - Terceros
17/08/2026,8,2026,2026-08,F 004-00002235,026-0011968,OPP-0000000003,,ANTESA S.A.C.,Metalmecánica / Siderurgia,40600008,"GRAPA DESMONT. TIPO ""M"" HEATEX COSTILLADAS 160906 P / 106570",ORIGINAL / HEATEX / GRAPAS DESMONTABLES,Heatex,Jeancarlos Castillo,VENTAS-COMERCIALIZACION,146.0,4.08,PEN,3.368,176.86,72.76,104.1,0.5886,595.66,21.61,7111010 Variacion productos terminados
17/08/2026,8,2026,2026-08,F 004-00002235,026-0011968,OPP-0000000003,,ANTESA S.A.C.,Metalmecánica / Siderurgia,40600476,SELLO DESMONT. C / CANAL HEATEX 721201B V2,ORIGINAL / HEATEX / VARIOS,Heatex,Jeancarlos Castillo,VENTAS-COMERCIALIZACION,146.0,6.5,PEN,3.368,281.77,115.93,165.84,0.5886,949.0,34.42,7111010 Variacion productos terminados
17/08/2026,8,2026,2026-08,F 004-00002235,026-0011968,OPP-0000000003,,ANTESA S.A.C.,Metalmecánica / Siderurgia,40600477,SELLO DESMONT. S / CANAL HEATEX 721201T V2,ORIGINAL / HEATEX / VARIOS,Heatex,Jeancarlos Castillo,VENTAS-COMERCIALIZACION,146.0,6.5,PEN,3.368,281.77,115.93,165.84,0.5886,949.0,34.42,7111010 Variacion productos terminados
18/08/2026,8,2026,2026-08,F 004-00002236,026-0012090,OPP-0000000127,,IESA S A,Servicios / Otros,40200015,ENFRIADOR OIL HIDR. BOWMAN FG120 1427-3TC (3P) COBRE,ORIGINAL / BOWMAN / ENFRIADORES,Bowman,Arnold Hernández,VENTAS-COMERCIALIZACION,1.0,1150.0,USD,3.37,1150.0,616.1,533.9,0.4643,3875.5,182.82,7012100 Mercaderías - Mercaderías - venta local - Terceros
18/08/2026,8,2026,2026-08,F 004-00002237,026-0011449,,RM-24332,COMPAÑIA MINERA CHUNGAR S.A.C.,Mining,92000001,SERVICIO REPARACION,SERV. CLIENTE / VARIOS LINEA / VARIOS,,Arnold Hernández,VENTAS-MANTENIMIENTO,1.0,12002.0,USD,3.37,12002.0,1196.38,10805.62,0.9003,40446.74,4031.8,7032110 Servicio de reparación
19/08/2026,8,2026,2026-08,F 004-00002238,026-0012118,,RM-24674,HYDEXCORP S.A.C.,Metalmecánica / Siderurgia,40200017,ENFRIADOR OIL HIDR. BOWMAN FG120 3427-3 (3P),ORIGINAL / BOWMAN / ENFRIADORES,Bowman,Jeancarlos Castillo,VENTAS-FABRICACION,1.0,1540.0,USD,3.362,1540.0,1177.82,362.18,0.2352,5177.48,3959.82,7012100 Mercaderías - Mercaderías - venta local - Terceros
19/08/2026,8,2026,2026-08,F 004-00002239,026-0012114,,,MUNDO CALOR PERU S.A.C.,Servicios / Otros,10320069,FLEJE ACERO GALVANIZADO 0.4 MM X 10 MM ,SUMINISTROS / FLEJE / FLEJES,Otros,Jeancarlos Castillo,VENTAS-FABRICACION,30.45,25.5,PEN,3.362,230.96,23.84,207.12,0.8968,776.49,7.09,7111010 Variacion productos terminados
20/08/2026,8,2026,2026-08,F 004-00002240,026-0012121,OPP-0000000246,,MINERA GIGANTE SRL.,Mining,40200210,ORING VITON BOWMAN FG OS52VT,ORIGINAL / BOWMAN / ORING Y RETENES,Bowman,Arnold Hernández,VENTAS-MANTENIMIENTO,2.0,27.0,USD,3.361,54.0,17.25,36.75,0.6806,181.49,5.13,7111010 Variacion productos terminados
20/08/2026,8,2026,2026-08,F 004-00002241,026-0012122,OPP-0000000248,RM-24664,MINERA GIGANTE SRL.,Mining,90000011,SERVICIO DE EVALUACION,SERV. CLIENTE / VARIOS LINEA / VARIOS,,Arnold Hernández,VENTAS-MANTENIMIENTO,1.0,120.0,USD,3.361,120.0,18.31,101.69,0.8474,403.32,61.54,7032120 Servicio de evaluación
20/08/2026,8,2026,2026-08,F 004-00002243,026-0011876,,RM-24550,GESTION MINERA INTEGRAL S.A.C.,Construcción / EPC / Contratistas,92000001,SERVICIO REPARACION,SERV. CLIENTE / VARIOS LINEA / VARIOS,,Mercedes Quispe,VENTAS-FABRICACION,1.0,3203.0,USD,3.361,3203.0,419.64,2783.36,0.869,10765.28,1410.43,7032110 Servicio de reparación
20/08/2026,8,2026,2026-08,F 004-00002243,026-0011876,,RM-24550,GESTION MINERA INTEGRAL S.A.C.,Construcción / EPC / Contratistas,92000001,SERVICIO REPARACION,SERV. CLIENTE / VARIOS LINEA / VARIOS,,Mercedes Quispe,VENTAS-FABRICACION,1.0,3290.0,USD,3.361,3290.0,431.04,2858.96,0.869,11057.69,1448.74,7032110 Servicio de reparación
20/08/2026,8,2026,2026-08,F 004-00002243,026-0011876,,RM-24550,GESTION MINERA INTEGRAL S.A.C.,Construcción / EPC / Contratistas,91000001,SERVICIO MANTENIMIENTO,SERV. CLIENTE / VARIOS LINEA / VARIOS,,Mercedes Quispe,VENTAS-FABRICACION,1.0,320.0,USD,3.361,320.0,41.93,278.07,0.869,1075.52,140.91,7032100 Servicio de mantenimiento
20/08/2026,8,2026,2026-08,F 004-00002243,026-0011876,,RM-24550,GESTION MINERA INTEGRAL S.A.C.,Construcción / EPC / Contratistas,20100164,BASE DE SOPORTE P/MONTAJE RADIADOR P/CAT 7N-7988,PROD. FABRICADO / VARIOS FAM. PT / VARIOS,RINTUSAC,Mercedes Quispe,VENTAS-FABRICACION,2.0,93.5,USD,3.361,187.0,24.5,162.5,0.869,628.51,82.34,7111010 Variacion productos terminados
20/08/2026,8,2026,2026-08,F 004-00002244,026-0011942,OPP-0000000356,RM-24595,MINSUR S. A.,Mining,92000001,SERVICIO REPARACION,SERV. CLIENTE / VARIOS LINEA / VARIOS,,Mercedes Quispe,VENTAS-COMERCIALIZACION,1.0,7200.0,USD,3.361,5868.0,1499.65,4368.35,0.7444,19722.35,5040.31,7032110 Servicio de reparación
20/08/2026,8,2026,2026-08,F 004-00002245,026-0011920,,,TECNOMECANICA SERVICIOS HIDRAULICOS SOCIEDAD ANONIMA CERRADA,Servicios / Otros,40600164,ENFRIADOR SISTEMA DE ACEITE P / C4.4 P / N.HTX- 656549 -91 v4,ORIGINAL / HEATEX / ENFRIADORES,Heatex,Jeancarlos Castillo,VENTAS-COMERCIALIZACION,2.0,800.0,USD,3.361,1600.0,871.35,728.65,0.4554,5377.6,259.25,7012100 Mercaderías - Mercaderías - venta local - Terceros
21/08/2026,8,2026,2026-08,F 004-00002246,026-0011954,OPP-0000000042,,SISTEMAS CONVENCIONALES S.A.C.,Servicios / Otros,40200015,ENFRIADOR OIL HIDR. BOWMAN FG120 1427-3TC (3P) COBRE,ORIGINAL / BOWMAN / ENFRIADORES,Bowman,Jeancarlos Castillo,VENTAS-COMERCIALIZACION,1.0,1150.0,USD,3.361,1150.0,608.32,541.68,0.471,3865.15,180.99,7012100 Mercaderías - Mercaderías - venta local - Terceros
21/08/2026,8,2026,2026-08,F 004-00002247,026-0012078,OPP-0000000116,RM-24654,OPERACIONES MINERAS SAN PEDRO SOCIEDAD ANONIMA CERRADA,Mining,92000001,SERVICIO REPARACION,SERV. CLIENTE / VARIOS LINEA / VARIOS,,Arnold Hernández,VENTAS-MANTENIMIENTO,1.0,1450.0,USD,3.361,1450.0,56.21,1393.79,0.9612,4873.45,188.92,7032110 Servicio de reparación
22/08/2026,8,2026,2026-08,F 004-00002248,026-0012101,OPP-0000000220,,HYDROMINING GROUP S.A.C.,Mining,40600390,ENFRIADOR DE ACEITE HIDR. HTXDC-011P-02-N-BW 24V DC (copiar),ORIGINAL / HEATEX / ENFRIADORES,Heatex,Arnold Hernández,VENTAS-COMERCIALIZACION,1.0,590.0,USD,3.352,590.0,259.1,330.9,0.5608,1977.68,77.3,7012100 Mercaderías - Mercaderías - venta local - Terceros
22/08/2026,8,2026,2026-08,F 004-00002248,026-0012101,OPP-0000000220,,HYDROMINING GROUP S.A.C.,Mining,40200015,ENFRIADOR OIL HIDR. BOWMAN FG120 1427-3TC (3P) COBRE,ORIGINAL / BOWMAN / ENFRIADORES,Bowman,Arnold Hernández,VENTAS-COMERCIALIZACION,1.0,1309.0,USD,3.352,1276.28,560.49,715.79,0.5608,4278.09,167.21,7012100 Mercaderías - Mercaderías - venta local - Terceros
24/08/2026,8,2026,2026-08,F 004-00002250,,,,ITALMECAN S.A.C.,Metalmecánica / Siderurgia,40600581,ENFRIADOR HIDRAULICO NS 4649977,ORIGINAL / HEATEX / ENFRIADORES,Heatex,Mercedes Quispe,VENTAS-FABRICACION,1.0,1100.0,USD,3.352,550.0,550.0,0.0,0.0,1843.6,164.08,7012100 Mercaderías - Mercaderías - venta local - Terceros
24/08/2026,8,2026,2026-08,F 004-00002251,026-0012086,OPP-0000000147,,XIAN BUSINESS CORPORATION S.A.C.,Servicios / Otros,40600390,ENFRIADOR DE ACEITE HIDR. HTXDC-011P-02-N-BW 24V DC (copiar),ORIGINAL / HEATEX / ENFRIADORES,Heatex,Jeancarlos Castillo,VENTAS-FABRICACION,1.0,540.0,USD,3.352,540.0,203.55,336.45,0.6231,1810.08,60.72,7012100 Mercaderías - Mercaderías - venta local - Terceros
24/08/2026,8,2026,2026-08,F 004-00002252,026-0012096,OPP-0000000371,,TP INTERCAMBIADORES S.A.C.,Metalmecánica / Siderurgia,40200015,ENFRIADOR OIL HIDR. BOWMAN FG120 1427-3TC (3P) COBRE,ORIGINAL / BOWMAN / ENFRIADORES,Bowman,Rintusac,VENTAS-COMERCIALIZACION,2.0,1250.0,USD,3.352,2500.0,1231.1,1268.9,0.5076,8380.0,367.27,7012100 Mercaderías - Mercaderías - venta local - Terceros
24/08/2026,8,2026,2026-08,F 004-00002253,026-0012115,OPP-0000000228,RM-24676,OPERACIONES MINERAS SAN PEDRO SOCIEDAD ANONIMA CERRADA,Mining,92000001,SERVICIO REPARACION,SERV. CLIENTE / VARIOS LINEA / VARIOS,,Arnold Hernández,VENTAS-MANTENIMIENTO,1.0,1199.48,USD,3.352,1199.48,323.62,875.86,0.7302,4020.66,1084.78,7032110 Servicio de reparación
25/08/2026,8,2026,2026-08,F 004-00002254,,,,SALVADOR ZA FISHING S.A.C.,Pesca,92000001,SERVICIO REPARACION,SERV. CLIENTE / VARIOS LINEA / VARIOS,,Jeancarlos Castillo,VENTAS-FABRICACION,1.0,2780.0,USD,3.356,1390.0,1390.0,0.0,0.0,4664.84,414.18,7032110 Servicio de reparación
25/08/2026,8,2026,2026-08,F 004-00002256,026-0012089,OPP-0000000122,RM-24672 | RM-24673 | RM-24671,CONSORCIO FRAP S.A.C.,Agroindustria y Alimentos,91000001,SERVICIO MANTENIMIENTO,SERV. CLIENTE / VARIOS LINEA / VARIOS,,Manuel Alvarez,VENTAS-MANTENIMIENTO,1.0,2000.0,USD,3.356,1900.0,253.29,1646.71,0.8667,6376.4,850.05,7032100 Servicio de mantenimiento
25/08/2026,8,2026,2026-08,F 004-00002256,026-0012089,OPP-0000000122,RM-24672 | RM-24673 | RM-24671,CONSORCIO FRAP S.A.C.,Agroindustria y Alimentos,91000001,SERVICIO MANTENIMIENTO,SERV. CLIENTE / VARIOS LINEA / VARIOS,,Manuel Alvarez,VENTAS-MANTENIMIENTO,2.0,1720.0,USD,3.356,3233.6,431.08,2802.52,0.8667,10851.96,1446.69,7032100 Servicio de mantenimiento
25/08/2026,8,2026,2026-08,F 004-00002256,026-0012089,OPP-0000000122,RM-24672 | RM-24673 | RM-24671,CONSORCIO FRAP S.A.C.,Agroindustria y Alimentos,91000001,SERVICIO MANTENIMIENTO,SERV. CLIENTE / VARIOS LINEA / VARIOS,,Manuel Alvarez,VENTAS-MANTENIMIENTO,4.0,2750.0,USD,3.356,10120.0,1349.11,8770.89,0.8667,33962.72,4527.62,7032100 Servicio de mantenimiento
25/08/2026,8,2026,2026-08,F 004-00002257,026-0011831,OPP-0000000206,RM-24564,RESEMIN S.A.,Metalmecánica / Siderurgia,92000001,SERVICIO REPARACION,SERV. CLIENTE / VARIOS LINEA / VARIOS,,Rintusac,VENTAS-MANTENIMIENTO,1.0,795.0,USD,3.356,795.0,1433.5,-638.5,-0.8031,2668.02,4810.82,7032110 Servicio de reparación
25/08/2026,8,2026,2026-08,F 004-00002258,026-0011984,,RM-24519,RESEMIN S.A.,Metalmecánica / Siderurgia,91000001,SERVICIO MANTENIMIENTO,SERV. CLIENTE / VARIOS LINEA / VARIOS,,Rintusac,VENTAS-MANTENIMIENTO,1.0,775.0,USD,3.356,775.0,1434.53,-659.53,-0.851,2600.9,4814.29,7032100 Servicio de mantenimiento
25/08/2026,8,2026,2026-08,F 004-00002259,026-0012038,,RM-24627,RESEMIN S.A.,Metalmecánica / Siderurgia,92000001,SERVICIO REPARACION,SERV. CLIENTE / VARIOS LINEA / VARIOS,,Rintusac,VENTAS-MANTENIMIENTO,1.0,764.0,USD,3.356,764.0,1517.22,-753.22,-0.9859,2563.98,5091.8,7032110 Servicio de reparación
25/08/2026,8,2026,2026-08,F 004-00002260,026-0011777,,RM-24514 | RM-24515,VOLCAN COMPANIA MINERA S.A.A.,Mining,92000001,SERVICIO REPARACION,SERV. CLIENTE / VARIOS LINEA / VARIOS,,Arnold Hernández,VENTAS-FABRICACION,1.0,9760.0,USD,3.356,8588.8,2433.9,6154.9,0.7166,28824.01,8168.15,7032110 Servicio de reparación
25/08/2026,8,2026,2026-08,F 004-00002260,026-0011777,,RM-24514 | RM-24515,VOLCAN COMPANIA MINERA S.A.A.,Mining,92000001,SERVICIO REPARACION,SERV. CLIENTE / VARIOS LINEA / VARIOS,,Arnold Hernández,VENTAS-FABRICACION,1.0,6790.0,USD,3.356,5975.2,1693.25,4281.95,0.7166,20052.77,5682.55,7032110 Servicio de reparación
25/08/2026,8,2026,2026-08,F 004-00002261,026-0012103,OPP-0000000221,,VOLCAN COMPANIA MINERA S.A.A.,Mining,40200108,ENFRIADOR OIL HIDR. BOWMAN GL140 3928-2 (3P) 90 / 10,ORIGINAL / BOWMAN / ENFRIADORES,Bowman,Arnold Hernández,VENTAS-COMERCIALIZACION,1.0,2363.0,USD,3.356,2363.0,1111.19,1251.81,0.5298,7930.23,331.11,7012100 Mercaderías - Mercaderías - venta local - Terceros
25/08/2026,8,2026,2026-08,F 004-00002261,026-0012103,OPP-0000000221,,VOLCAN COMPANIA MINERA S.A.A.,Mining,40200108,ENFRIADOR OIL HIDR. BOWMAN GL140 3928-2 (3P) 90 / 10,ORIGINAL / BOWMAN / ENFRIADORES,Bowman,Arnold Hernández,VENTAS-COMERCIALIZACION,1.0,2363.0,USD,3.356,2363.0,1111.19,1251.81,0.5298,7930.23,331.11,7012100 Mercaderías - Mercaderías - venta local - Terceros
25/08/2026,8,2026,2026-08,F 004-00002262,026-0012023,OPP-0000000153,RM-24625,PAN AMERICAN SILVER HUARON S.A.,Mining,92000001,SERVICIO REPARACION,SERV. CLIENTE / VARIOS LINEA / VARIOS,,Arnold Hernández,VENTAS-MANTENIMIENTO,1.0,5390.0,USD,3.356,4851.0,1621.82,3229.18,0.6657,16279.96,5442.84,7032110 Servicio de reparación
25/08/2026,8,2026,2026-08,F 004-00002263,026-0012133,OPP-0000000258,,GRUPO ASEGA S.A.C.,Servicios / Otros,40200015,ENFRIADOR OIL HIDR. BOWMAN FG120 1427-3TC (3P) COBRE,ORIGINAL / BOWMAN / ENFRIADORES,Bowman,Arnold Hernández,VENTAS-COMERCIALIZACION,1.0,1300.0,USD,3.356,1300.0,618.49,681.51,0.5242,4362.8,184.29,7012100 Mercaderías - Mercaderías - venta local - Terceros
25/08/2026,8,2026,2026-08,F 004-00002264,026-0011936,OPP-0000000109,RM-24597,PERUPLAST S A,Petroquímica / Química,97000001,SERVICIO DE MANTENIMIENTO Y REPARACION,SERV. CLIENTE / VARIOS LINEA / VARIOS,Otros,Mercedes Quispe,VENTAS-FABRICACION,1.0,3990.0,USD,3.356,3990.0,487.35,3502.65,0.8779,13390.44,1635.56,7032140 Otros servicios
25/08/2026,8,2026,2026-08,F 004-00002266,,,,PERUPLAST S A,Petroquímica / Química,97000001,SERVICIO DE MANTENIMIENTO Y REPARACION,SERV. CLIENTE / VARIOS LINEA / VARIOS,Otros,Mercedes Quispe,VENTAS-MANTENIMIENTO,1.0,5090.0,USD,3.356,5090.0,5090.0,0.0,0.0,17082.04,1516.69,7032140 Otros servicios
26/08/2026,8,2026,2026-08,F 004-00002267,026-0012136,OPP-0000000259,,MAQUIRENA S.A.C.,Cemento y Materiales de Construcción,40600415,COMBICOOLER 845483 P/. DESATADOR PAUS PSCALE 8T (copiar),ORIGINAL / HEATEX / ENFRIADORES,Heatex,Manuel Alvarez,VENTAS-COMERCIALIZACION,1.0,1800.0,USD,3.35,1800.0,877.06,922.94,0.5127,6030.0,261.81,7012100 Mercaderías - Mercaderías - venta local - Terceros
27/08/2026,8,2026,2026-08,F 004-00002269,026-0012127,OPP-0000000242,RM-24677,OPERACIONES MINERAS SAN PEDRO SOCIEDAD ANONIMA CERRADA,Mining,92000001,SERVICIO REPARACION,SERV. CLIENTE / VARIOS LINEA / VARIOS,,Arnold Hernández,VENTAS-MANTENIMIENTO,1.0,790.0,USD,3.35,790.0,53.91,736.09,0.9318,2646.5,180.6,7032110 Servicio de reparación
28/08/2026,8,2026,2026-08,F 004-00002270,026-0012149,OPP-0000000272,,VPTM IQUITOS S.A.C.,Servicios / Otros,40600599,JUNTA PLACA NBR HT P/ INTERCAMBIADOR S62-IS10,ORIGINAL / HEATEX / JEBE DESMONTABLE,,Jeancarlos Castillo,VENTAS-MANTENIMIENTO,240.0,23.6,USD,3.348,5664.0,0.0,5664.0,1.0,18963.07,0.0,7111010 Variacion productos terminados
28/08/2026,8,2026,2026-08,F 004-00002271,026-0012148,OPP-0000000271,,XIAN BUSINESS CORPORATION S.A.C.,Servicios / Otros,40600390,ENFRIADOR DE ACEITE HIDR. HTXDC-011P-02-N-BW 24V DC (copiar),ORIGINAL / HEATEX / ENFRIADORES,Heatex,Jeancarlos Castillo,VENTAS-COMERCIALIZACION,1.0,540.0,USD,3.348,540.0,203.67,336.33,0.6228,1807.92,60.83,7012100 Mercaderías - Mercaderías - venta local - Terceros
28/08/2026,8,2026,2026-08,F 004-00002272,026-0012036,OPP-0000000366,,INDUSTRIAL EXCHANGER TUBILLAS S.A.C.,Manufacturing,40900049,LAMINA ALUMINIO X 0.23MM (BOBINA),ORIGINAL / GHT / LAMINAS,Heatex,Rintusac,VENTAS-MANTENIMIENTO,0.9,4.5,USD,3.348,4.05,3.72,0.33,0.0815,13.56,1.11,7111010 Variacion productos terminados
31/08/2026,8,2026,2026-08,F 004-00002273,026-0012171,OPP-0000000297,,RADIADORES INDUSTRIAL MBA SOCIEDAD ANONIMA CERRADA-RIMBASAC,Servicios / Otros,40600373,MOTOR HTX0367 1.75HP AC IP66 (copiar),ORIGINAL / HEATEX / VARIOS,Heatex,Rintusac,VENTAS-COMERCIALIZACION,50.0,8.0,USD,3.356,400.0,50.38,349.62,0.874,1342.4,15.01,7111010 Variacion productos terminados
31/08/2026,8,2026,2026-08,F 004-00002274,026-0012141,OPP-0000000265,,TECNOMECANICA SERVICIOS HIDRAULICOS SOCIEDAD ANONIMA CERRADA,Servicios / Otros,40600503,ENFRIADOR HIDRAULICO BAP COMPLETO CMS1/O/24V/002 66337005,ORIGINAL / HEATEX / MOTOR,Heatex,Jeancarlos Castillo,VENTAS-COMERCIALIZACION,5.0,980.0,USD,3.356,4900.0,1706.17,3193.83,0.6518,16444.4,508.39,7012100 Mercaderías - Mercaderías - venta local - Terceros
31/08/2026,8,2026,2026-08,F 004-00002275,026-0011970,OPP-0000000004,RM-24611,ZANINGROUP MINING AND CONSTRUCTION S.A.C.-ZANINGROUP S.A.C.,Mining,92000001,SERVICIO REPARACION,SERV. CLIENTE / VARIOS LINEA / VARIOS,,Jeancarlos Castillo,VENTAS-MANTENIMIENTO,1.0,1390.0,USD,3.356,1390.0,826.62,563.38,0.4053,4664.84,2774.15,7032110 Servicio de reparación
31/08/2026,8,2026,2026-08,F 004-00002276,026-0012097,OPP-0000000217,,TP INTERCAMBIADORES S.A.C.,Metalmecánica / Siderurgia,40200015,ENFRIADOR OIL HIDR. BOWMAN FG120 1427-3TC (3P) COBRE,ORIGINAL / BOWMAN / ENFRIADORES,Bowman,Rintusac,VENTAS-COMERCIALIZACION,2.0,1250.0,USD,3.356,2500.0,1282.15,1217.85,0.4871,8390.0,382.05,7012100 Mercaderías - Mercaderías - venta local - Terceros
10/08/2026,8,2026,2026-08,F CF0-00000069,026-0011424,,,STRACON PERÚ S.A.,Mining,40600512,SELLO DESMONT. C / CANAL AGUA-AIRE-ACEITE HEATEX,ORIGINAL / HEATEX / SELLOS DESMONTABLES,Heatex,Arnold Hernández,VENTAS-FABRICACION,-932.0,2.5,USD,3.391,-2330.0,-3822.61,1492.61,-0.6406,-7901.03,-1127.28,7111010 Variacion productos terminados
10/08/2026,8,2026,2026-08,F CF0-00000069,026-0011424,,,STRACON PERÚ S.A.,Mining,40600513,SELLO DESMONT. S / CANAL AGUA-AIRE-ACEITE HEATEX,ORIGINAL / HEATEX / SELLOS DESMONTABLES,Heatex,Arnold Hernández,VENTAS-FABRICACION,-1632.0,2.5,USD,3.391,-4080.0,-6693.66,2613.66,-0.6406,-13835.28,-1973.95,7111010 Variacion productos terminados
15/08/2026,8,2026,2026-08,F CF0-00000070,026-0011692,,,OYOLA ALFARO RONAL RODY,Servicios / Otros,20100151,"TUBO DESMONT. CU 29.25"" ""M"" WATER-AIR",FABRICACION / RINTUSAC / VARIOS,RINTUSAC,Jeancarlos Castillo,VENTAS-FABRICACION,-128.0,24.0,USD,3.368,-3072.0,4859.35,-7931.35,2.5818,-10346.5,1442.8,7111010 Variacion productos terminados
15/08/2026,8,2026,2026-08,F CF0-00000070,026-0011692,,,OYOLA ALFARO RONAL RODY,Servicios / Otros,40600476,SELLO DESMONT. C / CANAL HEATEX 721201B V2,ORIGINAL / HEATEX / VARIOS,Heatex,Jeancarlos Castillo,VENTAS-FABRICACION,-72.0,1.7,USD,3.368,-122.4,193.61,-316.01,2.5818,-412.24,57.49,7111010 Variacion productos terminados
15/08/2026,8,2026,2026-08,F CF0-00000070,026-0011692,,,OYOLA ALFARO RONAL RODY,Servicios / Otros,40600477,SELLO DESMONT. S / CANAL HEATEX 721201T V2,ORIGINAL / HEATEX / VARIOS,Heatex,Jeancarlos Castillo,VENTAS-FABRICACION,-72.0,1.7,USD,3.368,-122.4,193.61,-316.01,2.5818,-412.24,57.49,7111010 Variacion productos terminados
15/08/2026,8,2026,2026-08,F CF0-00000070,026-0011692,,,OYOLA ALFARO RONAL RODY,Servicios / Otros,40600512,SELLO DESMONT. C / CANAL AGUA-AIRE-ACEITE HEATEX,ORIGINAL / HEATEX / SELLOS DESMONTABLES,Heatex,Jeancarlos Castillo,VENTAS-FABRICACION,-56.0,2.2,USD,3.368,-123.2,194.88,-318.08,2.5818,-414.94,57.86,7111010 Variacion productos terminados
15/08/2026,8,2026,2026-08,F CF0-00000070,026-0011692,,,OYOLA ALFARO RONAL RODY,Servicios / Otros,40600513,SELLO DESMONT. S / CANAL AGUA-AIRE-ACEITE HEATEX,ORIGINAL / HEATEX / SELLOS DESMONTABLES,Heatex,Jeancarlos Castillo,VENTAS-FABRICACION,-56.0,2.2,USD,3.368,-123.2,194.88,-318.08,2.5818,-414.94,57.86,7111010 Variacion productos terminados
31/08/2026,8,2026,2026-08,F CF0-00000071,026-0012149,OPP-0000000272,,VPTM IQUITOS S.A.C.,Servicios / Otros,40600599,JUNTA PLACA NBR HT P/ INTERCAMBIADOR S62-IS10,ORIGINAL / HEATEX / JEBE DESMONTABLE,,Jeancarlos Castillo,VENTAS-MANTENIMIENTO,-240.0,23.6,USD,3.356,-5664.0,-11328.0,5664.0,-1.0,-19008.38,-3375.45,7111010 Variacion productos terminados
01/09/2026,9,2026,2026-09,E001-106,026-0012187,OPP-0000000310,,RADIADORES ARNAO INDUSTRIAL S.A.C,Servicios / Otros,,"Anticipo - JEBE DESMONT. CENTRAL TIPO ""M"" MACHO HEATEX N / P 800829 * 14.88""",,,Rintusac,VENTAS-MANTENIMIENTO,-28.0,20.0,USD,0.0,-560.0,-560.0,0.0,-0.0,0.0,0.0,7012100 Mercaderías - Mercaderías - venta local - Terceros
03/09/2026,9,2026,2026-09,E001-1245,026-0012169,OPP-0000000295,,MICHELL Y CIA S.A.,Textil,,Anticipo - RADIADOR DE TUBOS ALETEADOS,,,Manuel Alvarez,VENTAS-MANTENIMIENTO,2.0,4092.0,USD,3.36,8184.0,8184.0,0.0,0.0,27498.24,2435.71,7012100 Mercaderías - Mercaderías - venta local - Terceros
04/09/2026,9,2026,2026-09,E001-1246,026-0012022,OPP-0000000070,,TP INTERCAMBIADORES S.A.C.,Metalmecánica / Siderurgia,,ANTICIPO 50% - INTERCAMBIADOR SOLDADO ACP220EQ-196L-F / 3075201881,,,Rintusac,VENTAS-MANTENIMIENTO,1.0,5065.9661,USD,3.365,5065.97,5065.97,0.0,0.0,17046.99,1505.49,7012100 Mercaderías - Mercaderías - venta local - Terceros
01/09/2026,9,2026,2026-09,F 004-00002277,026-0012187,OPP-0000000310,,RADIADORES ARNAO INDUSTRIAL S.A.C,Servicios / Otros,40600010,"JEBE DESMONT. CENTRAL TIPO ""M"" MACHO HEATEX N / P 800829 * 14.88""",ORIGINAL / HEATEX / JEBE DESMONTABLE,Heatex,Rintusac,VENTAS-COMERCIALIZACION,28.0,20.0,USD,0.0,560.0,180.88,379.12,0.677,0.0,0.0,7111010 Variacion productos terminados
01/09/2026,9,2026,2026-09,F 004-00002278,026-0012149,OPP-0000000272,,VPTM IQUITOS S.A.C.,Servicios / Otros,40600599,JUNTA PLACA NBR HT P/ INTERCAMBIADOR S62-IS10,ORIGINAL / HEATEX / JEBE DESMONTABLE,,Jeancarlos Castillo,VENTAS-MANTENIMIENTO,240.0,23.6,USD,0.0,5664.0,0.0,5664.0,1.0,0.0,0.0,7111010 Variacion productos terminados
02/09/2026,9,2026,2026-09,F 004-00002279,026-0012105,OPP-0000000148,RM-24659,GESTION MINERA INTEGRAL S.A.C.,Construcción / EPC / Contratistas,91000001,SERVICIO MANTENIMIENTO,SERV. CLIENTE / VARIOS LINEA / VARIOS,,Mercedes Quispe,VENTAS-MANTENIMIENTO,1.0,680.0,USD,3.368,680.0,25.64,654.36,0.9623,2290.24,86.35,7032100 Servicio de mantenimiento
02/09/2026,9,2026,2026-09,F 004-00002280,026-0012094,OPP-0000000148,RM-24658,GESTION MINERA INTEGRAL S.A.C.,Construcción / EPC / Contratistas,91000001,SERVICIO MANTENIMIENTO,SERV. CLIENTE / VARIOS LINEA / VARIOS,,Mercedes Quispe,VENTAS-MANTENIMIENTO,1.0,550.0,USD,3.368,550.0,31.13,518.87,0.9434,1852.4,104.84,7032100 Servicio de mantenimiento
02/09/2026,9,2026,2026-09,F 004-00002281,026-0012018,OPP-0000000068,RM-24624,GESTION MINERA INTEGRAL S.A.C.,Construcción / EPC / Contratistas,97000001,SERVICIO DE MANTENIMIENTO Y REPARACION,SERV. CLIENTE / VARIOS LINEA / VARIOS,Otros,Mercedes Quispe,VENTAS-FABRICACION,1.0,10530.0,USD,3.368,8940.0,2577.42,6362.58,0.7117,30109.92,8680.75,7032140 Otros servicios
02/09/2026,9,2026,2026-09,F 004-00002282,026-0012076,OPP-0000000112,RM-24686,NEXA RESOURCES CAJAMARQUILLA S.A.,Mining,91000001,SERVICIO MANTENIMIENTO,SERV. CLIENTE / VARIOS LINEA / VARIOS,,Mercedes Quispe,VENTAS-MANTENIMIENTO,1.0,5650.0,USD,3.368,5650.0,403.97,5246.03,0.9285,19029.2,1360.57,7032100 Servicio de mantenimiento
02/09/2026,9,2026,2026-09,F 004-00002283,026-0012056,OPP-0000000057,,DRILLING CORP S.A.C.,Mining,40200015,ENFRIADOR OIL HIDR. BOWMAN FG120 1427-3TC (3P) COBRE,ORIGINAL / BOWMAN / ENFRIADORES,Bowman,Mercedes Quispe,VENTAS-COMERCIALIZACION,2.0,1232.0,USD,3.368,2464.0,1282.15,1181.85,0.4796,8298.75,380.69,7012100 Mercaderías - Mercaderías - venta local - Terceros
03/09/2026,9,2026,2026-09,F 004-00002284,026-0011675,OPP-0000000322,,MAQPOWER S.A.C.,Metalmecánica / Siderurgia,40600301,ENFRIADOR DE ACEITE HIDRAULICO PARKER (A539011),ORIGINAL / HEATEX / ENFRIADORES,Heatex,Jeancarlos Castillo,VENTAS-COMERCIALIZACION,2.0,410.0,USD,3.36,820.0,270.24,549.76,0.6704,2755.2,80.43,7012100 Mercaderías - Mercaderías - venta local - Terceros
03/09/2026,9,2026,2026-09,F 004-00002285,026-0012161,OPP-0000000288,,OVERPRIME MANUFACTURING S.A.C.,Metalmecánica / Siderurgia,40600443,ENFRIADOR COMPLETO BAP HEATEX HTX-725-2-3 M/AC P/*040903010,ORIGINAL / HEATEX / ENFRIADORES,Heatex,Mercedes Quispe,VENTAS-COMERCIALIZACION,1.0,2250.0,USD,3.36,2250.0,821.02,1428.98,0.6351,7560.0,244.35,7012100 Mercaderías - Mercaderías - venta local - Terceros
03/09/2026,9,2026,2026-09,F 004-00002286,026-0012142,OPP-0000000266,,ROBOCON SERVICIOS S.A.C.,Servicios / Otros,40600592,KIT ENFRIADOR REFR / AIRE / OIL P / NORMET TCD2013 54825770 C/C,ORIGINAL / HEATEX / VARIOS,Heatex,Jeancarlos Castillo,VENTAS-COMERCIALIZACION,4.0,2150.0,USD,3.36,8600.0,4331.59,4268.41,0.4963,28896.0,1289.16,7111010 Variacion productos terminados
04/09/2026,9,2026,2026-09,F 004-00002287,026-0012158,OPP-0000000287,RM-24693,L & G INTERNATIONAL PARTS S.A.C.,Automotriz / Transporte,90000012,SERVICIO DE FABRICACION (copiar),SERV. CLIENTE / PLANTA / VARIOS,Otros,Rintusac,VENTAS-FABRICACION,99.28,6.675,USD,3.365,662.71,155.62,507.09,0.7652,2230.02,523.66,7012100 Mercaderías - Mercaderías - venta local - Terceros
04/09/2026,9,2026,2026-09,F 004-00002288,026-0012199,OPP-0000000321,,JRC INGENIERÍA Y CONSTRUCCIÓN S.A.C.,Construcción / EPC / Contratistas,40200015,ENFRIADOR OIL HIDR. BOWMAN FG120 1427-3TC (3P) COBRE,ORIGINAL / BOWMAN / ENFRIADORES,Bowman,Arnold Hernández,VENTAS-COMERCIALIZACION,1.0,1360.0,USD,3.365,1360.0,640.34,719.66,0.5292,4576.4,190.29,7012100 Mercaderías - Mercaderías - venta local - Terceros
04/09/2026,9,2026,2026-09,F 004-00002288,026-0012199,OPP-0000000321,,JRC INGENIERÍA Y CONSTRUCCIÓN S.A.C.,Construcción / EPC / Contratistas,40200108,ENFRIADOR OIL HIDR. BOWMAN GL140 3928-2 (3P) 90 / 10,ORIGINAL / BOWMAN / ENFRIADORES,Bowman,Arnold Hernández,VENTAS-COMERCIALIZACION,1.0,2363.0,USD,3.365,2363.0,1112.58,1250.42,0.5292,7951.5,330.64,7012100 Mercaderías - Mercaderías - venta local - Terceros
04/09/2026,9,2026,2026-09,F 004-00002289,026-0012145,OPP-0000000269,,JRC INGENIERÍA Y CONSTRUCCIÓN S.A.C.,Construcción / EPC / Contratistas,20100283,INTERCOOLER P/CAT C6.6 365-2908 BAP S/ALEROS,Todas,Otros,Arnold Hernández,VENTAS-COMERCIALIZACION,1.0,1850.0,USD,3.365,1850.0,0.0,1850.0,1.0,6225.25,0.0,7012100 Mercaderías - Mercaderías - venta local - Terceros
04/09/2026,9,2026,2026-09,F 004-00002290,026-0012060,OPP-0000000090,RM-24681,JRC INGENIERÍA Y CONSTRUCCIÓN S.A.C.,Construcción / EPC / Contratistas,40600398,"ENFRIADOR SIST. ACEITE T/ PLACAS CAT R1600H, 10PL (copiar)",ORIGINAL / HEATEX / ENFRIADORES,Heatex,Arnold Hernández,VENTAS-COMERCIALIZACION,1.0,2980.0,USD,3.365,2980.0,538.7,2441.3,0.8192,10027.7,1812.74,7012100 Mercaderías - Mercaderías - venta local - Terceros
05/09/2026,9,2026,2026-09,F 004-00002291,026-0012125,OPP-0000000249,RM-24678,LA LLAVE S.A.,Servicios / Otros,92000001,SERVICIO REPARACION,SERV. CLIENTE / VARIOS LINEA / VARIOS,,Jeancarlos Castillo,VENTAS-MANTENIMIENTO,1.0,1790.0,USD,3.369,1790.0,150.57,1639.43,0.9159,6030.51,507.27,7032110 Servicio de reparación
05/09/2026,9,2026,2026-09,F 004-00002292,026-0012132,OPP-0000000255,RM-24685,ADMINISTRACION DE EMPRESAS S.A.C.,IT/Communication,20100211,RADIADOR DE REFRIGERANTE TD 3F P/ CAT R1600H 522-2621 ,PROD. TERMINADO/ENSAMBLADO,CAT,Arnold Hernández,VENTAS-FABRICACION,1.0,6390.0,USD,3.369,6390.0,1397.69,4992.31,0.7813,21527.91,4708.82,7012100 Mercaderías - Mercaderías - venta local - Terceros
05/09/2026,9,2026,2026-09,F 004-00002293,026-0012183,OPP-0000000306,,HYDROMINING GROUP S.A.C.,Mining,40200015,ENFRIADOR OIL HIDR. BOWMAN FG120 1427-3TC (3P) COBRE,ORIGINAL / BOWMAN / ENFRIADORES,Bowman,Arnold Hernández,VENTAS-COMERCIALIZACION,2.0,1309.0,USD,3.369,2552.55,1205.98,1346.57,0.5275,8599.54,357.96,7012100 Mercaderías - Mercaderías - venta local - Terceros
05/09/2026,9,2026,2026-09,F 004-00002293,026-0012183,OPP-0000000306,,HYDROMINING GROUP S.A.C.,Mining,40600390,ENFRIADOR DE ACEITE HIDR. HTXDC-011P-02-N-BW 24V DC (copiar),ORIGINAL / HEATEX / ENFRIADORES,Heatex,Arnold Hernández,VENTAS-COMERCIALIZACION,1.0,590.0,USD,3.369,590.0,278.75,311.25,0.5275,1987.71,82.74,7012100 Mercaderías - Mercaderías - venta local - Terceros
07/09/2026,9,2026,2026-09,F 004-00002294,026-0012228,OPP-0000000359,,ARNAO SERVICES S.A.C,Metalmecánica / Siderurgia,40600373,MOTOR HTX0367 1.75HP AC IP66 (copiar),ORIGINAL / HEATEX / VARIOS,Heatex,Rintusac,VENTAS-COMERCIALIZACION,125.0,8.0,USD,3.369,1000.0,125.48,874.52,0.8745,3369.0,37.25,7111010 Variacion productos terminados
07/09/2026,9,2026,2026-09,F 004-00002295,026-0012190,OPP-0000000313,RM-24701,L & G INTERNATIONAL PARTS S.A.C.,Automotriz / Transporte,90000012,SERVICIO DE FABRICACION (copiar),SERV. CLIENTE / PLANTA / VARIOS,Otros,Rintusac,VENTAS-COMERCIALIZACION,99.3,6.675,USD,3.369,662.84,135.89,526.95,0.795,2233.11,457.8,7012100 Mercaderías - Mercaderías - venta local - Terceros
08/09/2026,9,2026,2026-09,F 004-00002296,026-0011839,OPP-0000000362,,RESEMIN S.A.,Metalmecánica / Siderurgia,40200015,ENFRIADOR OIL HIDR. BOWMAN FG120 1427-3TC (3P) COBRE,ORIGINAL / BOWMAN / ENFRIADORES,Bowman,Rintusac,VENTAS-FABRICACION,8.0,1070.0,USD,3.372,8560.0,5133.16,3426.84,0.4003,28864.32,1522.29,7012100 Mercaderías - Mercaderías - venta local - Terceros
08/09/2026,9,2026,2026-09,F 004-00002297,026-0012235,OPP-0000000375,,L & M REPUESTOS Y SUMINISTROS S.A.C.,Servicios / Otros,40200071,HAZ TUBULAR BOWMAN FG120 TUBO COBRE BAFLE / AL,ORIGINAL / BOWMAN / HAZ TUBULAR,Bowman,Arnold Hernández,VENTAS-COMERCIALIZACION,2.0,920.0,USD,3.372,1564.0,946.49,617.51,0.3948,5273.81,280.69,7111010 Variacion productos terminados
08/09/2026,9,2026,2026-09,F 004-00002297,026-0012235,OPP-0000000375,,L & M REPUESTOS Y SUMINISTROS S.A.C.,Servicios / Otros,10240115,ORING NITRILO 2-349 ( Ø5.33 * 113.67) FG120,SUMINISTROS / EMPAQUETADURA / ORING Y RETENES,Bowman,Arnold Hernández,VENTAS-COMERCIALIZACION,4.0,10.0,USD,3.372,34.0,20.58,13.42,0.3947,114.65,6.1,7111010 Variacion productos terminados
08/09/2026,9,2026,2026-09,F 004-00002298,026-0012180,OPP-0000000304,,FRESOMAC  S.A.C.,Metalmecánica / Siderurgia,40200015,ENFRIADOR OIL HIDR. BOWMAN FG120 1427-3TC (3P) COBRE,ORIGINAL / BOWMAN / ENFRIADORES,Bowman,Arnold Hernández,VENTAS-COMERCIALIZACION,1.0,1540.0,USD,3.372,1232.0,641.65,590.35,0.4792,4154.3,190.29,7012100 Mercaderías - Mercaderías - venta local - Terceros
09/09/2026,9,2026,2026-09,F 004-00002299,026-0012070,OPP-0000000098,RM-24652,KOMATSU-MITSUI MAQUINARIAS PERU S.A.,Servicios / Otros,92000001,SERVICIO REPARACION,SERV. CLIENTE / VARIOS LINEA / VARIOS,,Jeancarlos Castillo,VENTAS-MANTENIMIENTO,1.0,1840.0,USD,3.36,1840.0,186.5,1653.5,0.8986,6182.4,626.64,7032110 Servicio de reparación
09/09/2026,9,2026,2026-09,F 004-00002300,026-0012215,OPP-0000000340,,GEOTECH DRILLING PRODUCTS S.A.C.,Servicios / Otros,40600301,ENFRIADOR DE ACEITE HIDRAULICO PARKER (A539011),ORIGINAL / HEATEX / ENFRIADORES,Heatex,Mercedes Quispe,VENTAS-COMERCIALIZACION,1.0,460.0,USD,3.36,460.0,251.61,208.39,0.453,1545.6,74.88,7012100 Mercaderías - Mercaderías - venta local - Terceros
09/09/2026,9,2026,2026-09,F 004-00002301,026-0012198,OPP-0000000320,,RESEMIN S.A.,Metalmecánica / Siderurgia,40600390,ENFRIADOR DE ACEITE HIDR. HTXDC-011P-02-N-BW 24V DC (copiar),ORIGINAL / HEATEX / ENFRIADORES,Heatex,Rintusac,VENTAS-COMERCIALIZACION,1.0,450.0,USD,3.36,450.0,202.58,247.42,0.5498,1512.0,60.29,7012100 Mercaderías - Mercaderías - venta local - Terceros
09/09/2026,9,2026,2026-09,F 004-00002302,026-0012234,OPP-0000000374,,RESEMIN S.A.,Metalmecánica / Siderurgia,40600390,ENFRIADOR DE ACEITE HIDR. HTXDC-011P-02-N-BW 24V DC (copiar),ORIGINAL / HEATEX / ENFRIADORES,Heatex,Rintusac,VENTAS-COMERCIALIZACION,1.0,450.0,USD,3.36,450.0,202.52,247.48,0.55,1512.0,60.27,7012100 Mercaderías - Mercaderías - venta local - Terceros
10/09/2026,9,2026,2026-09,F 004-00002303,026-0012205,OPP-0000000329,,ROBOCON SERVICIOS S.A.C.,Servicios / Otros,40600503,ENFRIADOR HIDRAULICO BAP COMPLETO CMS1/O/24V/002 66337005,ORIGINAL / HEATEX / MOTOR,Heatex,Jeancarlos Castillo,VENTAS-COMERCIALIZACION,1.0,980.0,USD,3.362,980.0,340.22,639.78,0.6528,3294.76,101.2,7012100 Mercaderías - Mercaderías - venta local - Terceros
11/09/2026,9,2026,2026-09,F 004-00002304,026-0011993,OPP-0000000028,RM-24614,FAMAX SEAL PERU S.A.C,Servicios / Otros,91000001,SERVICIO MANTENIMIENTO,SERV. CLIENTE / VARIOS LINEA / VARIOS,,Manuel Alvarez,VENTAS-MANTENIMIENTO,1.0,1060.0,USD,3.373,954.0,551.19,402.81,0.4222,3217.84,1859.15,7032100 Servicio de mantenimiento
11/09/2026,9,2026,2026-09,F 004-00002305,026-0012186,OPP-0000000309,,VOLCAN COMPANIA MINERA S.A.A.,Mining,40200108,ENFRIADOR OIL HIDR. BOWMAN GL140 3928-2 (3P) 90 / 10,ORIGINAL / BOWMAN / ENFRIADORES,Bowman,Arnold Hernández,VENTAS-COMERCIALIZACION,1.0,2363.0,USD,3.373,2363.0,1115.82,1247.18,0.5278,7970.4,330.81,7012100 Mercaderías - Mercaderías - venta local - Terceros
11/09/2026,9,2026,2026-09,F 004-00002306,026-0011972,OPP-0000000008,,COMPAÑIA MINERA CHUNGAR S.A.C.,Mining,40600508,ENFRIADOR DE AIRE BAP P/DUMPER EPIROC MT2200 6060007954,ORIGINAL / HEATEX / ENFRIADORES,Heatex,Arnold Hernández,VENTAS-COMERCIALIZACION,1.0,4003.5,USD,3.373,4003.5,45.94,3957.56,0.9885,13503.81,13.62,7012100 Mercaderías - Mercaderías - venta local - Terceros
11/09/2026,9,2026,2026-09,F 004-00002306,026-0011972,OPP-0000000008,,COMPAÑIA MINERA CHUNGAR S.A.C.,Mining,40600507,ENFRIADOR DE ACEITE BAP P/DUMPER EPIROC MT2200 6060007953,ORIGINAL / HEATEX / RADIADORES,Heatex,Arnold Hernández,VENTAS-COMERCIALIZACION,1.0,5720.0,USD,3.373,5720.0,65.63,5654.37,0.9885,19293.56,19.46,7011100 Mercaderías - Mercaderías - venta de exportación - Terceros
12/09/2026,9,2026,2026-09,F 004-00002307,026-0011964,OPP-0000000089,,CATALINA HUANCA SOCIEDAD MINERA S.A.C.,Mining,40600594,ENFRIADOR DE ACEITE PARA COMPRESORA ATLAS COPCO GA280 (NP: 1092116720),ORIGINAL / HEATEX / ENFRIADORES,Heatex,Mercedes Quispe,VENTAS-COMERCIALIZACION,1.0,6370.0,USD,3.371,6370.0,1978.83,4391.17,0.6894,21473.27,587.02,7012100 Mercaderías - Mercaderías - venta local - Terceros
12/09/2026,9,2026,2026-09,F 004-00002308,026-0012213,OPP-0000000337,,TP INTERCAMBIADORES S.A.C.,Metalmecánica / Siderurgia,40100302,INTERCAMBIADOR SOLDADO DOC30-50H-F BPHE / 3287193999,ORIGINAL / ALFA LAVAL / INTERCAMBIADORES,Alfa Laval,Rintusac,VENTAS-COMERCIALIZACION,1.0,1310.0,USD,3.371,1244.5,610.84,633.66,0.5092,4195.21,181.2,7111010 Variacion productos terminados
12/09/2026,9,2026,2026-09,F 004-00002309,026-0012251,OPP-0000000389,,JRC INGENIERÍA Y CONSTRUCCIÓN S.A.C.,Construcción / EPC / Contratistas,40200015,ENFRIADOR OIL HIDR. BOWMAN FG120 1427-3TC (3P) COBRE,ORIGINAL / BOWMAN / ENFRIADORES,Bowman,Arnold Hernández,VENTAS-COMERCIALIZACION,1.0,1360.0,USD,3.371,1360.0,642.22,717.78,0.5278,4584.56,190.51,7012100 Mercaderías - Mercaderías - venta local - Terceros
12/09/2026,9,2026,2026-09,F 004-00002310,026-0012255,OPP-0000000393,RM-24723,JRC INGENIERÍA Y CONSTRUCCIÓN S.A.C.,Construcción / EPC / Contratistas,40600398,"ENFRIADOR SIST. ACEITE T/ PLACAS CAT R1600H, 10PL (copiar)",ORIGINAL / HEATEX / ENFRIADORES,Heatex,Arnold Hernández,VENTAS-COMERCIALIZACION,1.0,2980.0,USD,3.371,2980.0,1001.17,1978.83,0.664,10045.58,3374.96,7012100 Mercaderías - Mercaderías - venta local - Terceros
14/09/2026,9,2026,2026-09,F 004-00002311,026-0012015,OPP-0000000065,,INDUSTRIA ESPECIALIZADA Y REPRESENTACIONES SOCIEDAD ANONIMA CERRADA,Servicios / Otros,40200015,ENFRIADOR OIL HIDR. BOWMAN FG120 1427-3TC (3P) COBRE,ORIGINAL / BOWMAN / ENFRIADORES,Bowman,Jeancarlos Castillo,VENTAS-COMERCIALIZACION,3.0,1240.0,USD,3.371,3720.0,1846.64,1873.36,0.5036,12540.12,547.8,7012100 Mercaderías - Mercaderías - venta local - Terceros
