Codigo,Cotizaciones,Equipo,Oportunidad,Cliente,Vendedor,Etiquetas,Etapa,Estado,Probabilidad_Pct,Monto_Esperado,Monto_Ponderado,Fecha_Cierre_Esp,Periodo_Cierre,Fecha_Creacion,Motivo_Perdida,Fecha_Perdida
OPP-0000000290,026-0012163,VENTAS-MANTENIMIENTO,RADIADOR COMPLETO C4.4 CHUNGAR,COMPAÑIA MINERA CHUNGAR S.A.C.,Arnold Hernández,RESEMIN,APROBADA,GANADA,100.0,3400.0,3400.0,2026-09-30,2026-09,2026-08-28,,
OPP-0000000289,026-0012162,VENTAS-MANTENIMIENTO,AFTERCOOLER R1600H CHUNGAR,COMPAÑIA MINERA CHUNGAR S.A.C.,Arnold Hernández,CAT,APROBADA,GANADA,100.0,3500.0,3500.0,2026-09-30,2026-09,2026-08-28,,
OPP-0000000263,026-0012139,VENTAS-MANTENIMIENTO,BOWMAN FG120 RESEMIN,RESEMIN S.A.,Arnold Hernández,BOWMAN,APROBADA,GANADA,100.0,200.0,200.0,2026-09-30,2026-09,2026-08-25,,
OPP-0000000248,026-0012122,VENTAS-MANTENIMIENTO,EVALUACION BOWMAN FG120,MINERA GIGANTE SRL.,Arnold Hernández,BOWMAN,APROBADA,GANADA,100.0,120.0,120.0,2026-08-20,2026-08,2026-08-21,,
OPP-0000000242,026-0012127,VENTAS-MANTENIMIENTO,ENFRIADOR HIDRAULICO PARKER 016 OMISAP,OPERACIONES MINERAS SAN PEDRO SOCIEDAD ANONIMA CERRADA,Arnold Hernández,PAUS,APROBADA,GANADA,100.0,250.0,250.0,2026-08-27,2026-08,2026-08-21,,
OPP-0000000228,026-0012115,VENTAS-MANTENIMIENTO,ENFRIADOR DERUI SAN PEDRO,OPERACIONES MINERAS SAN PEDRO SOCIEDAD ANONIMA CERRADA,Arnold Hernández,DERUI,APROBADA,GANADA,100.0,1200.0,1200.0,2026-08-24,2026-08,2026-08-19,,
OPP-0000000206,026-0011831,VENTAS-MANTENIMIENTO,MANTTO BOWMAN FG120 RESEMIN,RESEMIN S.A.,Arnold Hernández,RESEMIN,APROBADA,GANADA,100.0,807.0,807.0,2026-08-25,2026-08,2026-08-15,,
OPP-0000000153,026-0012023,VENTAS-MANTENIMIENTO,MANTTO R1300G PAN AMERICAN,PAN AMERICAN SILVER HUARON S.A.,Arnold Hernández,CAT,APROBADA,GANADA,100.0,4000.0,4000.0,2026-08-25,2026-08,2026-08-15,,
OPP-0000000151,026-0011844,VENTAS-MANTENIMIENTO,REPARACION AESA CHUNGAR,ADMINISTRACION DE EMPRESAS S.A.C.,Arnold Hernández,AFTERMARKET,APROBADA,GANADA,100.0,9000.0,9000.0,2026-09-30,2026-09,2026-08-15,,
OPP-0000000123,026-0012088,VENTAS-MANTENIMIENTO,ENFRIADOR ACEITE R1600H MANTTO,JRC INGENIERÍA Y CONSTRUCCIÓN S.A.C.,Arnold Hernández,CAT,APROBADA,GANADA,100.0,350.0,350.0,2026-09-30,2026-09,2026-08-13,,
OPP-0000000116,026-0012078,VENTAS-MANTENIMIENTO,ENFRIADOR ACEITE MANTTO,OPERACIONES MINERAS SAN PEDRO SOCIEDAD ANONIMA CERRADA,Arnold Hernández,BOWMAN,APROBADA,GANADA,100.0,1000.0,1000.0,2026-08-21,2026-08,2026-08-11,,
OPP-0000000115,026-0012031,VENTAS-MANTENIMIENTO,R1300G MANTTO,OPERACIONES MINERAS SAN PEDRO SOCIEDAD ANONIMA CERRADA,Arnold Hernández,CAT,APROBADA,GANADA,100.0,2000.0,2000.0,2026-08-12,2026-08,2026-08-11,,
OPP-0000000100,026-0011785,VENTAS-MANTENIMIENTO,SERVICIO MANTENIMIENTO MULTIPLES DE ESCAPE 3516 #01,PESQUERA DIAMANTE S.A.,Arnold Hernández,CAT,APROBADA,GANADA,100.0,3140.0,3140.0,2026-07-20,2026-07,2026-08-07,,
OPP-0000000099,026-0011825,VENTAS-MANTENIMIENTO,SERVICIO MANTENIMIENTO ENFRIADOR BOWMAN 3 PASOS 64HP A 200LPM ,RESEMIN S.A.,Arnold Hernández,RESEMIN,APROBADA,GANADA,100.0,384.0,384.0,2026-07-20,2026-07,2026-08-07,,
OPP-0000000027,026-0011944,VENTAS-MANTENIMIENTO,ENFRIADOR ACEITE BOWMAN FG120,OPERACIONES MINERAS SAN PEDRO SOCIEDAD ANONIMA CERRADA,Arnold Hernández,BOWMAN,APROBADA,GANADA,100.0,935.0,935.0,2026-07-21,2026-07,2026-07-17,,
OPP-0000000026,026-0011932,VENTAS-MANTENIMIENTO,RADIADOR R1300G BAP,OPERACIONES MINERAS SAN PEDRO SOCIEDAD ANONIMA CERRADA,Arnold Hernández,CAT,APROBADA,GANADA,100.0,1003.0,1003.0,2026-07-22,2026-07,2026-07-17,,
OPP-0000000020,026-0011945,VENTAS-MANTENIMIENTO,REPARACION RADIADOR C4.4,RESEMIN S.A.,Arnold Hernández,RESEMIN,APROBADA,GANADA,100.0,825.0,825.0,2026-08-07,2026-08,2026-07-16,,
OPP-0000000001,026-0011923,VENTAS-MANTENIMIENTO,Reparación radiador R1300G,OPERACIONES MINERAS SAN PEDRO SOCIEDAD ANONIMA CERRADA,Arnold Hernández,CAT,APROBADA,GANADA,100.0,6034.56,6034.56,2026-07-14,2026-07,2026-07-14,,
OPP-0000000393,026-0012255,VENTAS-COMERCIALIZACION,ENFRIADOR ACEITE S7D - JRC ,JRC INGENIERÍA Y CONSTRUCCIÓN S.A.C.,Arnold Hernández,EPIROC,ORDEN CONFIRMADA,GANADA,100.0,2980.0,2980.0,2026-09-18,2026-09,2026-09-10,,
OPP-0000000406,026-0012267,VENTAS-COMERCIALIZACION,ENFRIADOR S1D OMISAP,OPERACIONES MINERAS SAN PEDRO SOCIEDAD ANONIMA CERRADA,Arnold Hernández,EPIROC,ORDEN CONFIRMADA,GANADA,100.0,1200.0,1200.0,2026-09-30,2026-09,2026-09-14,,
OPP-0000000389,026-0012251,VENTAS-COMERCIALIZACION,FG120 JRC,JRC INGENIERÍA Y CONSTRUCCIÓN S.A.C.,Arnold Hernández,RESEMIN,ORDEN CONFIRMADA,GANADA,100.0,1380.0,1380.0,2026-09-18,2026-09,2026-09-10,,
OPP-0000000375,026-0012235,VENTAS-COMERCIALIZACION,HAZ TUBULAR FG120 L&M,L & M REPUESTOS Y SUMINISTROS S.A.C.,Arnold Hernández,BOWMAN,ORDEN CONFIRMADA,GANADA,100.0,1500.0,1500.0,2026-09-30,2026-09,2026-09-07,,
OPP-0000000367,026-0012230,VENTAS-COMERCIALIZACION,ENFRIADOR ACEITE 8T JRC,JRC INGENIERÍA Y CONSTRUCCIÓN S.A.C.,Arnold Hernández,PAUS,ORDEN CONFIRMADA,GANADA,100.0,3500.0,3500.0,2026-09-30,2026-09,2026-09-07,,
OPP-0000000321,026-0012199,VENTAS-COMERCIALIZACION,ENFRIADORES BOWMAN FG120 GL140 JRC,JRC INGENIERÍA Y CONSTRUCCIÓN S.A.C.,Arnold Hernández,BOWMAN,ORDEN CONFIRMADA,GANADA,100.0,3000.0,3000.0,2026-09-30,2026-09,2026-09-02,,
OPP-0000000309,026-0012186,VENTAS-COMERCIALIZACION,BOWMAN GL140 VOLCAN,VOLCAN COMPANIA MINERA S.A.A.,Arnold Hernández,EPIROC,ORDEN CONFIRMADA,GANADA,100.0,2363.0,2363.0,2026-09-30,2026-09,2026-09-01,,
OPP-0000000306,026-0012183,VENTAS-COMERCIALIZACION,BOWMAN FG120 HYDROMINING,HYDROMINING GROUP S.A.C.,Arnold Hernández,BOWMAN,ORDEN CONFIRMADA,GANADA,100.0,2500.0,2500.0,2026-09-30,2026-09,2026-08-31,,
OPP-0000000304,026-0012180,VENTAS-COMERCIALIZACION,ENFRIADOR BOWMAN FG120,FRESOMAC  S.A.C.,Arnold Hernández,BOWMAN,ORDEN CONFIRMADA,GANADA,100.0,1100.0,1100.0,2026-09-30,2026-09,2026-08-31,,
OPP-0000000269,026-0012145,VENTAS-COMERCIALIZACION,INTERCOOLER C6.6 JRC,JRC INGENIERÍA Y CONSTRUCCIÓN S.A.C.,Arnold Hernández,HEATEX,ORDEN CONFIRMADA,GANADA,100.0,1900.0,1900.0,2026-09-04,2026-09,2026-08-26,,
OPP-0000000258,026-0012133,VENTAS-COMERCIALIZACION,BOWMAN FG120 ASEGA,GRUPO ASEGA S.A.C.,Arnold Hernández,BOWMAN,ORDEN CONFIRMADA,GANADA,100.0,1300.0,1300.0,2026-08-25,2026-08,2026-08-24,,
OPP-0000000255,026-0012132,VENTAS-FABRICACION,RADIADOR R1600H 3TD 3F AESA,ADMINISTRACION DE EMPRESAS S.A.C.,Arnold Hernández,CAT,ORDEN CONFIRMADA,GANADA,100.0,6000.0,6000.0,2026-09-05,2026-09,2026-08-24,,
OPP-0000000246,026-0012121,VENTAS-COMERCIALIZACION,ORINGS VITON FG MINERA GIGANTE,MINERA GIGANTE SRL.,Arnold Hernández,BOWMAN,ORDEN CONFIRMADA,GANADA,100.0,50.0,50.0,2026-08-20,2026-08,2026-08-21,,
OPP-0000000240,026-0011881,VENTAS-COMERCIALIZACION,GHPE CB200 SECHE,KANAY S.A.C.,Arnold Hernández,ALFA LAVAL - BHE,ORDEN CONFIRMADA,GANADA,100.0,10000.0,10000.0,2027-01-31,2027-01,2026-08-21,,
OPP-0000000221,026-0012103,VENTAS-COMERCIALIZACION,VOLCAN ENFRIADOR GL140,VOLCAN COMPANIA MINERA S.A.A.,Arnold Hernández,BOWMAN,ORDEN CONFIRMADA,GANADA,100.0,4000.0,4000.0,2026-08-25,2026-08,2026-08-18,,
OPP-0000000220,026-0012101,VENTAS-COMERCIALIZACION,Oportunidad de HYDROMINING GROUP S.A.C.,HYDROMINING GROUP S.A.C.,Arnold Hernández,RESEMIN,ORDEN CONFIRMADA,GANADA,100.0,1500.0,1500.0,2026-08-22,2026-08,2026-08-18,,
OPP-0000000127,026-0012090,VENTAS-COMERCIALIZACION,IESA BOWMAN FG120,IESA S A,Arnold Hernández,BOWMAN,ORDEN CONFIRMADA,GANADA,100.0,1150.0,1150.0,2026-08-13,2026-08,2026-08-13,,
OPP-0000000117,026-0012079,VENTAS-FABRICACION,RADIADOR COM. R1600H VOLCAN,VOLCAN COMPANIA MINERA S.A.A.,Arnold Hernández,CAT,ORDEN CONFIRMADA,GANADA,100.0,70000.0,70000.0,2026-08-19,2026-08,2026-08-11,,
OPP-0000000113,026-0012075,VENTAS-COMERCIALIZACION,ENFRIADOR GL140 BOWMAN JRC,JRC INGENIERÍA Y CONSTRUCCIÓN S.A.C.,Arnold Hernández,BOWMAN,ORDEN CONFIRMADA,GANADA,100.0,2000.0,2000.0,2026-08-12,2026-08,2026-08-10,,
OPP-0000000105,026-0012073,VENTAS-COMERCIALIZACION,BOWMAN FG120,IESA S A,Arnold Hernández,HEATEX,ORDEN CONFIRMADA,GANADA,100.0,1200.0,1200.0,2026-08-17,2026-08,2026-08-07,,
OPP-0000000090,026-0012060,VENTAS-COMERCIALIZACION,ENFRIADOR S7D JRC,JRC INGENIERÍA Y CONSTRUCCIÓN S.A.C.,Arnold Hernández,HEATEX,ORDEN CONFIRMADA,GANADA,100.0,2000.0,2000.0,2026-09-04,2026-09,2026-08-05,,
OPP-0000000088,026-0012058,VENTAS-COMERCIALIZACION,INTERCOOLER C4.4,JRC INGENIERÍA Y CONSTRUCCIÓN S.A.C.,Arnold Hernández,HEATEX,ORDEN CONFIRMADA,GANADA,100.0,1500.0,1500.0,2026-08-14,2026-08,2026-08-04,,
OPP-0000000086,026-0012054,VENTAS-COMERCIALIZACION,OILCOOLER 8T,JRC INGENIERÍA Y CONSTRUCCIÓN S.A.C.,Arnold Hernández,HEATEX,ORDEN CONFIRMADA,GANADA,100.0,3200.0,3200.0,2026-08-11,2026-08,2026-08-04,,
OPP-0000000082,026-0012050,VENTAS-COMERCIALIZACION,VENTA JRC AFTERCOOLER R1600H,JRC INGENIERÍA Y CONSTRUCCIÓN S.A.C.,Arnold Hernández,HEATEX,ORDEN CONFIRMADA,GANADA,100.0,3800.0,3800.0,2026-08-14,2026-08,2026-08-03,,
OPP-0000000072,026-0012028,VENTAS-COMERCIALIZACION,Venta de Radiador de refrigerante y aftercooler - Cliente Volcan,VOLCAN COMPANIA MINERA S.A.A.,Arnold Hernández,HEATEX,ORDEN CONFIRMADA,GANADA,100.0,2840.0,2840.0,2026-08-11,2026-08,2026-07-30,,
OPP-0000000032,026-0011823,VENTAS-COMERCIALIZACION,GPHE T10 TITANIO,PESQUERA HAYDUK S.A.,Arnold Hernández,ALFA LAVAL,ORDEN CONFIRMADA,GANADA,100.0,22400.0,22400.0,2026-08-31,2026-08,2026-07-17,,
OPP-0000000008,026-0011972,VENTAS-COMERCIALIZACION,ENFRIADOR AIRE ACEITE MT2200 BAP,COMPAÑIA MINERA CHUNGAR S.A.C.,Arnold Hernández,EPIROC,ORDEN CONFIRMADA,GANADA,100.0,9945.0,9945.0,2026-09-11,2026-09,2026-07-15,,
OPP-0000000249,026-0012125,VENTAS-MANTENIMIENTO,MANTENIMIENTO DE ENFRIADOR DE ACEITE IR - LA LLAVE ,LA LLAVE S.A.,Jeancarlos Castillo,LA LLAVE - IR,APROBADA,GANADA,100.0,1790.0,1790.0,2026-09-04,2026-09,2026-08-21,,
OPP-0000000233,026-0012064,VENTAS-MANTENIMIENTO,REPARACION DE COMBICOOLER IR - LA LLAVE ,LA LLAVE S.A.,Jeancarlos Castillo,HEATEX,APROBADA,GANADA,100.0,1260.0,1260.0,2026-09-30,2026-09,2026-08-19,,
OPP-0000000098,026-0012070,VENTAS-MANTENIMIENTO,MANTENIMIENTO DE RADIADOR WX03 - KOMATSU ,KOMATSU-MITSUI MAQUINARIAS PERU S.A.,Jeancarlos Castillo,KOMATSU,APROBADA,GANADA,100.0,1840.0,1840.0,2026-09-09,2026-09,2026-08-07,,
OPP-0000000038,026-0011990 | 026-0011860,VENTAS-MANTENIMIENTO,REPARACION INTERCAMBIADOR PLACAS S62-IS10 239PL,VPTM IQUITOS S.A.C.,Jeancarlos Castillo,AFTERMARKET,APROBADA,GANADA,100.0,6800.0,6800.0,2026-09-19,2026-09,2026-07-17,,
OPP-0000000004,026-0011970,VENTAS-MANTENIMIENTO,REPARACION DE RADIADOR COMPLETO PAUS ,ZANINGROUP MINING AND CONSTRUCTION S.A.C.-ZANINGROUP S.A.C.,Jeancarlos Castillo,HEATEX,APROBADA,GANADA,100.0,1390.0,1390.0,2026-08-31,2026-08,2026-07-14,,
OPP-0000000381,026-0012241,VENTAS-COMERCIALIZACION,VENTA DE ENFRIADOR BOWMAN GL240 COBRE - RESEMIN ,RESEMIN S.A.,Jeancarlos Castillo,BOWMAN,ORDEN CONFIRMADA,GANADA,100.0,6180.0,6180.0,2026-09-19,2026-09,2026-09-08,,
OPP-0000000329,026-0012205,VENTAS-COMERCIALIZACION,VENTA DE ENFRIADOR HYDAC - ROBOCON ,ROBOCON SERVICIOS S.A.C.,Jeancarlos Castillo,HYDAC,ORDEN CONFIRMADA,GANADA,100.0,980.0,980.0,2026-09-10,2026-09,2026-09-03,,
OPP-0000000322,026-0011675,VENTAS-COMERCIALIZACION,VENTA DE ENFRIADOR PARKER 011 - MAQPOWER,MAQPOWER S.A.C.,Jeancarlos Castillo,PARKER,ORDEN CONFIRMADA,GANADA,100.0,1600.0,1600.0,2026-09-03,2026-09,2026-09-02,,
OPP-0000000320,026-0012198,VENTAS-COMERCIALIZACION,VENTA DE ENFRIADOR DE ACEITE TT11 - RESEMIN ,RESEMIN S.A.,Jeancarlos Castillo,HEATEX,ORDEN CONFIRMADA,GANADA,100.0,450.0,450.0,2026-09-30,2026-09,2026-09-02,,
OPP-0000000272,026-0012149,VENTAS-COMERCIALIZACION,VENTA DE JUNTA PLACA S62 - VPTM ,VPTM IQUITOS S.A.C.,Jeancarlos Castillo,AFTERMARKET,ORDEN CONFIRMADA,GANADA,100.0,10500.0,10500.0,2026-08-31,2026-08,2026-08-26,,
OPP-0000000271,026-0012148,VENTAS-COMERCIALIZACION,VENTA DE ENFRIADOR TT11 - XIAN ,XIAN BUSINESS CORPORATION S.A.C.,Jeancarlos Castillo,HEATEX,ORDEN CONFIRMADA,GANADA,100.0,540.0,540.0,2026-08-28,2026-08,2026-08-26,,
OPP-0000000266,026-0012142,VENTAS-COMERCIALIZACION,VENTA DE KIT DE ENFRIAMIENTO TCD2013 - TECNO,TECNOMECANICA SERVICIOS HIDRAULICOS SOCIEDAD ANONIMA CERRADA,Jeancarlos Castillo,HEATEX,ORDEN CONFIRMADA,GANADA,100.0,4300.0,4300.0,2026-09-15,2026-09,2026-08-25,,
OPP-0000000265,026-0012141,VENTAS-COMERCIALIZACION,VENTA DE ENFRIADOR HYDAC ,TECNOMECANICA SERVICIOS HIDRAULICOS SOCIEDAD ANONIMA CERRADA,Jeancarlos Castillo,HEATEX,ORDEN CONFIRMADA,GANADA,100.0,2940.0,2940.0,2026-09-09,2026-09,2026-08-25,,
OPP-0000000238,026-0012123,VENTAS-COMERCIALIZACION,VENTA DE EQUIPO BOWMAN - HEATEX - RESEMIN ,RESEMIN S.A.,Jeancarlos Castillo,BOWMAN | HEATEX,ORDEN CONFIRMADA,GANADA,100.0,50000.0,50000.0,2026-12-10,2026-12,2026-08-21,,
OPP-0000000227,,VENTAS-COMERCIALIZACION,VENTA DE ENFRIADOR BOWMAN FG120 V. MINERA- HYDEXCORP,HYDEXCORP S.A.C.,Jeancarlos Castillo,BOWMAN,ORDEN CONFIRMADA,GANADA,100.0,600.0,600.0,2026-08-21,2026-08,2026-08-19,,
OPP-0000000225,,VENTAS-COMERCIALIZACION,VENTA DE ENFRIADOR HIDRAULICO C4.4 - TECNOMECANICA ,TECNOMECANICA SERVICIOS HIDRAULICOS SOCIEDAD ANONIMA CERRADA,Jeancarlos Castillo,HEATEX,ORDEN CONFIRMADA,GANADA,100.0,2400.0,2400.0,2026-08-31,2026-08,2026-08-19,,
OPP-0000000217,026-0012097,VENTAS-COMERCIALIZACION,VENTA DE ENFRIADOR BOWMAN FG120 - TP ,TP INTERCAMBIADORES S.A.C.,Jeancarlos Castillo,BOWMAN,ORDEN CONFIRMADA,GANADA,100.0,5000.0,5000.0,2026-08-18,2026-08,2026-08-17,,
OPP-0000000155,026-0011763,VENTAS-COMERCIALIZACION,ENFRIADOR COMPRESOR ROBOCON,ROBOCON SERVICIOS S.A.C.,Jeancarlos Castillo,HEATEX,ORDEN CONFIRMADA,GANADA,100.0,1200.0,1200.0,2026-09-30,2026-09,2026-08-15,,
OPP-0000000147,026-0012086,VENTAS-COMERCIALIZACION,VENTA DE ENFRIADOR DE ACEITE HTXTT11RD02 24V DC,XIAN BUSINESS CORPORATION S.A.C.,Jeancarlos Castillo,RESEMIN,ORDEN CONFIRMADA,GANADA,100.0,540.0,540.0,2026-08-28,2026-08,2026-08-14,,
OPP-0000000076,026-0012040,VENTAS-COMERCIALIZACION,VENTA DE KIT DE ENFRIAMIENTO TCD 2012 - ROBOCON,ROBOCON SERVICIOS S.A.C.,Jeancarlos Castillo,HEATEX,ORDEN CONFIRMADA,GANADA,100.0,2500.0,2500.0,2026-08-31,2026-08,2026-08-03,,
OPP-0000000074,026-0012026,VENTAS-COMERCIALIZACION,VENTA DE RADIADOR REFRIGERANTE C4.4 - TECNOMECANICA ,TECNOMECANICA SERVICIOS HIDRAULICOS SOCIEDAD ANONIMA CERRADA,Jeancarlos Castillo,HEATEX,ORDEN CONFIRMADA,GANADA,100.0,1390.0,1390.0,2026-07-31,2026-07,2026-07-30,,
OPP-0000000066,,VENTAS-COMERCIALIZACION,VENTA DE ENFRIADOR DE COMPRESOR WETKRET 4 - ROBOCON ,ROBOCON SERVICIOS S.A.C.,Jeancarlos Castillo,HEATEX,ORDEN CONFIRMADA,GANADA,100.0,1690.0,1690.0,2026-10-31,2026-10,2026-07-22,,
OPP-0000000065,026-0012015,VENTAS-COMERCIALIZACION,VENTA DE ENFRIADOR BOWMAN FG120 - IERSAC ,INDUSTRIA ESPECIALIZADA Y REPRESENTACIONES SOCIEDAD ANONIMA CERRADA,Jeancarlos Castillo,BOWMAN,ORDEN CONFIRMADA,GANADA,100.0,3720.0,3720.0,2026-08-23,2026-08,2026-07-22,,
OPP-0000000052,026-0012006,VENTAS-COMERCIALIZACION,VENTA DE ENFRIADOR 044 - COMPLETO ,MAQPOWER S.A.C.,Jeancarlos Castillo,HEATEX,ORDEN CONFIRMADA,GANADA,100.0,5200.0,5200.0,2026-07-31,2026-07,2026-07-21,,
OPP-0000000050,026-0012002,VENTAS-COMERCIALIZACION,VENTA DE KIT ENFRI. QSB6.7 - MAQPOWER ,MAQPOWER S.A.C.,Jeancarlos Castillo,HEATEX,ORDEN CONFIRMADA,GANADA,100.0,7200.0,7200.0,2026-07-31,2026-07,2026-07-21,,
OPP-0000000048,026-0012000,VENTAS-COMERCIALIZACION,VENTA DE SELLO DE VITON - SISTEMA DE AIRE ,ANTESA S.A.C.,Jeancarlos Castillo,HEATEX,ORDEN CONFIRMADA,GANADA,100.0,531.0,531.0,2026-07-31,2026-07,2026-07-20,,
OPP-0000000047,026-0011999,VENTAS-COMERCIALIZACION,VENTA DE ENFRIADOR DE ACEITE S7D ,ZANINGROUP MINING AND CONSTRUCTION S.A.C.-ZANINGROUP S.A.C.,Jeancarlos Castillo,HEATEX,ORDEN CONFIRMADA,GANADA,100.0,2100.0,2100.0,2026-08-15,2026-08,2026-07-20,,
OPP-0000000042,026-0011954,VENTAS-COMERCIALIZACION,VENTA DE ENFRIADOR BOWMAN FG120 ,SISTEMAS CONVENCIONALES S.A.C.,Jeancarlos Castillo,BOWMAN,ORDEN CONFIRMADA,GANADA,100.0,2300.0,2300.0,2026-08-23,2026-08,2026-07-18,,
OPP-0000000039,026-0011888,VENTAS-COMERCIALIZACION,VENTA DE INTERCAMBIADOR SOLDADO AFTERMARKET,FRITERM PERU S.A.C.,Jeancarlos Castillo,HEATEX,ORDEN CONFIRMADA,GANADA,100.0,12850.0,12850.0,2026-09-30,2026-09,2026-07-18,,
OPP-0000000035,026-0011895,VENTAS-COMERCIALIZACION,VENTA DE ENFRIADOR BOWMAN FG120,BRESDEL S.A.C.,Jeancarlos Castillo,BOWMAN,ORDEN CONFIRMADA,GANADA,100.0,2480.0,2480.0,2026-07-17,2026-07,2026-07-17,,
OPP-0000000005,026-0011951,VENTAS-COMERCIALIZACION,VENTA DE RADIADOR PAUS 853-S8,XIAN BUSINESS CORPORATION S.A.C.,Jeancarlos Castillo,HEATEX,ORDEN CONFIRMADA,GANADA,100.0,1850.0,1850.0,2026-08-15,2026-08,2026-07-14,,
OPP-0000000003,026-0011968,VENTAS-COMERCIALIZACION,VENTA DE GRAPAS TIPO M - SELLOS HNBR - ANTESA ,ANTESA S.A.C.,Jeancarlos Castillo,HEATEX,ORDEN CONFIRMADA,GANADA,100.0,730.0,730.0,2026-07-31,2026-07,2026-07-14,,
OPP-0000000122,026-0012089,VENTAS-MANTENIMIENTO,MANTENIMIENTO EVAPORADORES MAQUINAS DE HIELO - CONSORCIO FRAP,CONSORCIO FRAP S.A.C.,Manuel Alvarez,AFTERMARKET,APROBADA,GANADA,100.0,15230.0,15230.0,2026-09-15,2026-09,2026-08-13,,
OPP-0000000083,026-0012052,VENTAS-MANTENIMIENTO,RADIADOR MINERA CRC - MNTTO,MINERA CRC SOCIEDAD ANONIMA CERRADA,Manuel Alvarez,SULLAIR,APROBADA,GANADA,100.0,720.0,720.0,2026-08-15,2026-08,2026-08-04,,
OPP-0000000062,026-0011940 | 026-0011941,VENTAS-MANTENIMIENTO,Mantenimiento SERVICIOS MINEROS RF,SERVICIOS MINEROS RF S.A.C.,Manuel Alvarez,EPIROC,APROBADA,GANADA,100.0,11800.0,11800.0,2026-08-07,2026-08,2026-07-22,,
OPP-0000000061,026-0012102 | 026-0012077,VENTAS-MANTENIMIENTO,RADIADORES PARA MODASA,MOTORES DIESEL ANDINOS S.A.- MODASA,Manuel Alvarez,HEATEX,APROBADA,GANADA,100.0,3200.0,3200.0,2026-08-26,2026-08,2026-07-22,,
OPP-0000000352,026-0011829,VENTAS-MANTENIMIENTO,MANTENIMIENTO C4.4 METALTECNICA,METAL TECNICA S A,Manuel Alvarez,CAT,APROBADA,GANADA,100.0,355.0,355.0,2026-09-03,2026-09,2026-09-07,,
OPP-0000000343,026-0012220,VENTAS-MANTENIMIENTO,MANTTO VOLVO PENTA,PESQUERA ZOILA ROSA S.A.C,Manuel Alvarez,VOLVO,APROBADA,GANADA,100.0,800.0,800.0,2026-09-30,2026-09,2026-09-04,,
OPP-0000000028,026-0011993,VENTAS-MANTENIMIENTO,Mantenimiento Bowman FAMAX SEAL,FAMAX SEAL PERU S.A.C,Manuel Alvarez,BOWMAN,APROBADA,GANADA,100.0,954.0,954.0,2026-09-08,2026-09,2026-07-17,,
OPP-0000000210,026-0012048,VENTAS-COMERCIALIZACION,SELLOS CONTRATISTAS PERUMIN,METALTEC ENGENEERING STEELS E.I.R.L.,Manuel Alvarez,HEATEX,ORDEN CONFIRMADA,GANADA,100.0,47.0,47.0,2026-08-29,2026-08,2026-08-15,,
OPP-0000000077,,VENTAS-COMERCIALIZACION,CONTRATO ASAI SETIEMBRE,UNION DE CONCRETERAS S.A,Manuel Alvarez,AFTERMARKET,ORDEN CONFIRMADA,GANADA,80.0,1110.0,888.0,2026-08-10,2026-08,2026-08-03,,
OPP-0000000395,026-0012257,VENTAS-COMERCIALIZACION,RADIADOR C7.1 UNICON - INMACULADA,UNION DE CONCRETERAS S.A,Manuel Alvarez,CAT,ORDEN CONFIRMADA,GANADA,100.0,1595.0,1595.0,2026-09-18,2026-09,2026-09-11,,
OPP-0000000327,026-0012203,VENTAS-COMERCIALIZACION,VENTA RAD C4.4 V01,UNION DE CONCRETERAS S.A,Manuel Alvarez,HEATEX,ORDEN CONFIRMADA,GANADA,100.0,1470.0,1470.0,2026-09-07,2026-09,2026-09-03,,
OPP-0000000396,026-0012258,VENTAS-COMERCIALIZACION,INTERCOOLER C4.4 - CERRO LINDO,UNION DE CONCRETERAS S.A,Manuel Alvarez,CAT,ORDEN CONFIRMADA,GANADA,100.0,1610.0,1610.0,2026-09-18,2026-09,2026-09-11,,
OPP-0000000331,026-0012206,VENTAS-COMERCIALIZACION,ASAI SETIEMBRE,UNION DE CONCRETERAS S.A,Manuel Alvarez,CAT,ORDEN CONFIRMADA,GANADA,100.0,2580.0,2580.0,2026-12-31,2026-12,2026-09-03,,
OPP-0000000295,026-0012169,VENTAS-FABRICACION,FAB RADIADOR TUBOS ALETEADOS,MICHELL Y CIA S.A.,Manuel Alvarez,SERVICIO,ORDEN CONFIRMADA,GANADA,100.0,16368.0,16368.0,2026-09-18,2026-09,2026-08-29,,
OPP-0000000259,026-0012136 | 026-0012137,VENTAS-COMERCIALIZACION,VENTA PAUS SCALE 8T,MAQUIRENA S.A.C.,Manuel Alvarez,HEATEX,ORDEN CONFIRMADA,GANADA,100.0,8000.0,8000.0,2026-09-11,2026-09,2026-08-24,,
OPP-0000000075,026-0012033,VENTAS-COMERCIALIZACION,"VENTA DE VALVULAS LKB DE 1"" ALFA LAVAL",KYAN INGENIERIA Y MONTAJES S.A.C.,Mario Li,ALFA LAVAL H,ORDEN CONFIRMADA,GANADA,100.0,1629.76,1629.76,2026-07-31,2026-07,2026-07-31,,
OPP-0000000049,026-0012001,VENTAS-COMERCIALIZACION,Venta de 01 BHE Alfanova 76 - 50PL,MANTENIMIENTO E INGENIERIA EN OPERACIONES UNITARIAS S.A.C.,Mario Li,ALFA LAVAL,ORDEN CONFIRMADA,GANADA,100.0,5072.5,5072.5,2026-07-31,2026-07,2026-07-21,,
OPP-0000000337,026-0012213,VENTAS-COMERCIALIZACION,Venta DOC30-50H - TP INT.,TP INTERCAMBIADORES S.A.C.,Mario Li,ALFA LAVAL - BHE,ORDEN CONFIRMADA,GANADA,100.0,1244.5,1244.5,2026-09-12,2026-09,2026-09-04,,
OPP-0000000070,026-0012022,VENTAS-COMERCIALIZACION,VENTA DE 01 BHE ACP220EQ-196L-F,TP INTERCAMBIADORES S.A.C.,Mario Li,ALFA LAVAL - BHE,ORDEN CONFIRMADA,GANADA,100.0,10131.92,10131.92,2026-10-31,2026-10,2026-07-24,,
OPP-0000000044,026-0011946,VENTAS-COMERCIALIZACION,Venta de enfriadores hidraulicos Bowman ( FG 120 ),G & E COMERCIALIZADORA E IMPORTADORA E.I.R.L.,Mario Li,BOWMAN,ORDEN CONFIRMADA,GANADA,100.0,2560.0,2560.0,2026-07-11,2026-07,2026-07-18,,
OPP-0000000356,026-0011942,VENTAS-MANTENIMIENTO,SERVICIO REPARACION RADIADOR 5580005939 P/. SCOOPTRAM EPIROC ST7 [SC-046],MINSUR S. A.,Mercedes Quispe,SERVICIO | CAT,APROBADA,GANADA,100.0,5868.0,5868.0,2026-08-20,2026-08,2026-09-07,,
OPP-0000000353,026-0012003,VENTAS-MANTENIMIENTO,SERV. LIMPIEZA DE INTERCAMBIADOR ESPIRAL,NEXA RESOURCES CAJAMARQUILLA S.A.,Mercedes Quispe,ALFA LAVAL,APROBADA,GANADA,100.0,5650.0,5650.0,2026-07-31,2026-07,2026-09-07,,
OPP-0000000292,026-0011453,VENTAS-MANTENIMIENTO,SERV. MANTENIMIENTO ENFRIADOR HIDRAULICO R1600H,GESTION MINERA INTEGRAL S.A.C.,Mercedes Quispe,SERVICIO | CAT,APROBADA,GANADA,100.0,320.0,320.0,2026-09-30,2026-09,2026-08-28,,
OPP-0000000276,026-0011452,VENTAS-MANTENIMIENTO,SERVICIO DE MANTENIMIENTO Y REPARACION FG 120,GESTION MINERA INTEGRAL S.A.C.,Mercedes Quispe,BOWMAN,APROBADA,GANADA,100.0,420.0,420.0,2026-09-30,2026-09,2026-08-27,,
OPP-0000000148,026-0012105 | 026-0012094,VENTAS-MANTENIMIENTO,MANTTO. RADIADORES 966L,GESTION MINERA INTEGRAL S.A.C.,Mercedes Quispe,SERVICIO | CAT,APROBADA,GANADA,100.0,1500.0,1500.0,2026-09-02,2026-09,2026-08-14,,
OPP-0000000112,026-0012076,VENTAS-MANTENIMIENTO,SERV. LIMPIEZA DE INTERCAMBIADOR ESPIRAL,NEXA RESOURCES CAJAMARQUILLA S.A.,Mercedes Quispe,ALFA LAVAL,APROBADA,GANADA,100.0,5650.0,5650.0,2026-09-02,2026-09,2026-08-10,,
OPP-0000000109,026-0011936,VENTAS-MANTENIMIENTO,REPARACION DE EXTRUCTORA,PERUPLAST S A,Mercedes Quispe,SERVICIO,APROBADA,GANADA,100.0,3990.0,3990.0,2026-08-25,2026-08,2026-08-08,,
OPP-0000000068,026-0012116 | 026-0012018,VENTAS-MANTENIMIENTO,SER. REPARACION R1600H,GESTION MINERA INTEGRAL S.A.C.,Mercedes Quispe,SERVICIO | CAT,APROBADA,GANADA,100.0,8940.0,8940.0,2026-09-02,2026-09,2026-07-24,,
OPP-0000000024,026-0011980,VENTAS-MANTENIMIENTO,REPARACION DE INTERCAMBIADOR EXTRUSORA,PERUPLAST S A,Mercedes Quispe,SERVICIO,APROBADA,GANADA,100.0,5090.0,5090.0,2026-08-25,2026-08,2026-07-16,,
OPP-0000000344,026-0012221,VENTAS-COMERCIALIZACION,VENTA DE ENFRIADOR HIDRAULICO R1600H,GESTION MINERA INTEGRAL S.A.C.,Mercedes Quispe,CAT,ORDEN CONFIRMADA,GANADA,100.0,1992.0,1992.0,2026-09-20,2026-09,2026-09-04,,
OPP-0000000340,026-0012215,VENTAS-COMERCIALIZACION,VENTA DE RADIADOR PARKER 011 (A539011),GEOTECH DRILLING PRODUCTS S.A.C.,Mercedes Quispe,PARKER,ORDEN CONFIRMADA,GANADA,100.0,460.0,460.0,2026-09-09,2026-09,2026-09-04,,
OPP-0000000288,026-0012161,VENTAS-COMERCIALIZACION,VENTA DE RADIADOR,OVERPRIME MANUFACTURING S.A.C.,Mercedes Quispe,HEATEX,ORDEN CONFIRMADA,GANADA,100.0,2420.0,2420.0,2026-09-03,2026-09,2026-08-28,,
OPP-0000000089,026-0011964,VENTAS-COMERCIALIZACION,ENFRIADOR DE ACEITE P/ COMPRESORA ATLAS COPCO GA280 (NP: 1092116720),CATALINA HUANCA SOCIEDAD MINERA S.A.C.,Mercedes Quispe,HEATEX,ORDEN CONFIRMADA,GANADA,100.0,6370.0,6370.0,2026-09-11,2026-09,2026-08-04,,
OPP-0000000057,026-0012056,VENTAS-COMERCIALIZACION,VENTA ENFRIADOR TUBULAR FG120,DRILLING CORP S.A.C.,Mercedes Quispe,BOWMAN,ORDEN CONFIRMADA,GANADA,100.0,1232.0,1232.0,2026-09-02,2026-09,2026-07-22,,
OPP-0000000033,026-0012024,VENTAS-COMERCIALIZACION,VENTA REPUESTO ALFALAVAL,"SOUTHERN PERU COPPER CORPORATION, SUCURSAL DEL PERÚ",Mercedes Quispe,ALFA LAVAL - REP.,ORDEN CONFIRMADA,GANADA,100.0,49604.8,49604.8,2026-10-31,2026-10,2026-07-17,,
OPP-0000000022,026-0011986,VENTAS-COMERCIALIZACION,VENTA BOWMAN FG120,KRELIUM S.A.C.,Mercedes Quispe,BOWMAN,ORDEN CONFIRMADA,GANADA,100.0,1320.0,1320.0,2026-07-24,2026-07,2026-07-16,,
OPP-0000000374,026-0012234,VENTAS-COMERCIALIZACION,ENFRIADOR TROPICAL HTXTT11-24V,RESEMIN S.A.,Rintusac,HEATEX,ORDEN CONFIRMADA,GANADA,100.0,450.0,450.0,2026-09-08,2026-09,2026-09-07,,
OPP-0000000369,026-0012055,VENTAS-COMERCIALIZACION,ENFRIADOR SISTEMA DE ACEITE P / C4.4 P / N.HTX- 656549 -91 v4 (HTX-B82877),RESEMIN S.A.,Rintusac,HEATEX,ORDEN CONFIRMADA,GANADA,100.0,8000.0,8000.0,2026-08-31,2026-08,2026-09-07,,
OPP-0000000362,026-0011839,VENTAS-COMERCIALIZACION,ENFRIADOR OIL HIDR. BOWMAN FG120-1427-3TC (3P CI) COBRE,RESEMIN S.A.,Rintusac,BOWMAN,ORDEN CONFIRMADA,GANADA,100.0,8560.0,8560.0,2026-09-05,2026-09,2026-09-07,,
OPP-0000000359,026-0012228,VENTAS-COMERCIALIZACION,TUBO DE ALUMINIO ANODIZADO A6063 H18/EN 573-5/ASTM B241 8x0.6 mm -5.3 m.,ARNAO SERVICES S.A.C,Rintusac,AFTERMARKET,ORDEN CONFIRMADA,GANADA,100.0,1000.0,1000.0,2026-09-08,2026-09,2026-09-07,,
OPP-0000000313,026-0012190,VENTAS-COMERCIALIZACION,rizado de fleje ,L & G INTERNATIONAL PARTS S.A.C.,Rintusac,SERVICIO,ORDEN CONFIRMADA,GANADA,100.0,676.64,676.64,2026-09-04,2026-09,2026-09-01,,
OPP-0000000310,026-0012187,VENTAS-COMERCIALIZACION,jebes para tenzadores superior,RADIADORES ARNAO INDUSTRIAL S.A.C,Rintusac,AFTERMARKET,ORDEN CONFIRMADA,GANADA,100.0,560.0,560.0,2026-09-02,2026-09,2026-09-01,,
OPP-0000000297,026-0012171,VENTAS-COMERCIALIZACION,tubos de luminio,RADIADORES INDUSTRIAL MBA SOCIEDAD ANONIMA CERRADA-RIMBASAC,Rintusac,SERVICIO,ORDEN CONFIRMADA,GANADA,100.0,400.0,400.0,2026-08-31,2026-08,2026-08-31,,
OPP-0000000287,026-0012158,VENTAS-COMERCIALIZACION,SERVICIO DE RIZADO DE FLEJE TIPO M,L & G INTERNATIONAL PARTS S.A.C.,Rintusac,SERVICIO,ORDEN CONFIRMADA,GANADA,100.0,850.0,850.0,2026-08-29,2026-08,2026-08-27,,
OPP-0000000253,026-0011840,VENTAS-COMERCIALIZACION,ENFRIADOR SISTEMA DE ACEITE P / C4.4 P / N.HTX,RESEMIN S.A.,Rintusac,HEATEX,ORDEN CONFIRMADA,GANADA,100.0,20000.0,20000.0,2026-10-04,2026-10,2026-08-24,,
OPP-0000000133,026-0012080,VENTAS-COMERCIALIZACION,servicio de rizado de fleje laton tipo M,L & G INTERNATIONAL PARTS S.A.C.,Rintusac,SERVICIO,ORDEN CONFIRMADA,GANADA,100.0,730.0,730.0,2026-08-15,2026-08,2026-08-14,,
OPP-0000000118,,VENTAS-COMERCIALIZACION,servicio de rizado de fleje laton tipo M,ARNAO SERVICES S.A.C,Rintusac,SERVICIO,ORDEN CONFIRMADA,GANADA,100.0,730.0,730.0,2026-08-14,2026-08,2026-08-11,,
OPP-0000000114,,VENTAS-COMERCIALIZACION,ENFRIADOR DE ACEITE P/ MOTOR CAT  ORIGINAL  ,INTERCAMBIADORES BALVIN S.R.L.,Rintusac,HEATEX,ORDEN CONFIRMADA,GANADA,100.0,1140.0,1140.0,2026-08-11,2026-08,2026-08-11,,
OPP-0000000097,,VENTAS-COMERCIALIZACION,ENFRIADOR DE ACEITE P/CAT,INTERCAMBIADORES BALVIN S.R.L.,Rintusac,CAT,ORDEN CONFIRMADA,GANADA,100.0,1140.0,1140.0,2026-08-10,2026-08,2026-08-07,,
OPP-0000000067,,VENTAS-COMERCIALIZACION,[40200016] ENFRIADOR OIL HIDR. BOWMAN FG120-1427,RESEMIN S.A.,Rintusac,BOWMAN,ORDEN CONFIRMADA,GANADA,100.0,1290.0,1290.0,2026-07-24,2026-07,2026-07-24,,
OPP-0000000064,,VENTAS-COMERCIALIZACION,ENFRIADOR DE ACEITE HTXTT11RD02 24V Y ENFRIADOR ACEITE P/TCD 3.6 ,RESEMIN S.A.,Rintusac,HEATEX,ORDEN CONFIRMADA,GANADA,100.0,12350.0,12350.0,2026-11-15,2026-11,2026-07-22,,
OPP-0000000054,026-0012008 | 026-0012007,VENTAS-COMERCIALIZACION,VENTA-IMPORTACION,RESEMIN S.A.,Rintusac,BOWMAN,ORDEN CONFIRMADA,GANADA,100.0,12350.0,12350.0,2026-09-15,2026-09,2026-07-21,,
OPP-0000000017,,VENTAS-COMERCIALIZACION,ENFRIADOR BOWMAN FG120-1427-3TC (3P CI) COBRE,TP INTERCAMBIADORES S.A.C.,Rintusac,BOWMAN,ORDEN CONFIRMADA,GANADA,100.0,0.0,0.0,2026-07-17,2026-07,2026-07-16,,
OPP-0000000007,026-0011995,VENTAS-COMERCIALIZACION,VENTA ENFRIADOR HIDRAULICO TCD 3.6,RESEMIN S.A.,Rintusac,HEATEX,ORDEN CONFIRMADA,GANADA,100.0,9200.0,9200.0,2026-10-10,2026-10,2026-07-15,,
OPP-0000000037,026-0011994,VENTAS-MANTENIMIENTO,RADIADOR VOLCAN,EMPRESA ADMINISTRADORA CERRO S.A.C.,Arnold Hernández,AFTERMARKET,ANALISIS TECNICO,PENDIENTE,80.0,5000.0,4000.0,2026-10-31,2026-10,2026-07-17,,
OPP-0000000378,026-0012238,VENTAS-MANTENIMIENTO,RADIADOR 793D HE-PARTS,H-E PARTS INTERNATIONAL PERU S.A.C.,Arnold Hernández,CAT,CALIFICACION,PENDIENTE,90.0,5000.0,4500.0,2026-10-31,2026-10,2026-09-08,,
OPP-0000000257,026-0011388,VENTAS-COMERCIALIZACION,RADIADOR GRUPO ELECTROGENO PAN AMERICAN,PAN AMERICAN SILVER HUARON S.A.,Arnold Hernández,HEATEX,CALIFICACION,PENDIENTE,50.0,20000.0,10000.0,2027-03-31,2027-03,2026-08-24,,
OPP-0000000101,026-0012071,VENTAS-MANTENIMIENTO,MANTTO 3 BOWMAN RESEMIN,RESEMIN S.A.,Arnold Hernández,BOWMAN,CALIFICACION,PENDIENTE,80.0,2000.0,1600.0,2026-09-30,2026-09,2026-08-07,,
OPP-0000000058,026-0012011,VENTAS-MANTENIMIENTO,INTERCAMBIADOR PLACAS AESA,ADMINISTRACION DE EMPRESAS S.A.C.,Arnold Hernández,SANDVIK,CALIFICACION,PENDIENTE,40.0,300.0,120.0,2026-10-31,2026-10,2026-07-22,,
OPP-0000000031,026-0011992,VENTAS-MANTENIMIENTO,RADIADOR R1600H,VOLCAN COMPANIA MINERA S.A.A.,Arnold Hernández,CAT,CALIFICACION,PENDIENTE,70.0,8000.0,5600.0,2026-10-31,2026-10,2026-07-17,,
OPP-0000000011,026-0011974,VENTAS-MANTENIMIENTO,RECOLSA TUBULARES,RECOLSA S A,Arnold Hernández,AFTERMARKET,CALIFICACION,PENDIENTE,80.0,3000.0,2400.0,2026-10-31,2026-10,2026-07-15,,
OPP-0000000410,026-0012272,VENTAS-COMERCIALIZACION,ENFRIADOR BOL725 COMPLETO ASEGA,GRUPO ASEGA S.A.C.,Arnold Hernández,HEATEX,PROPUESTA ENVIADA,PENDIENTE,50.0,2500.0,1250.0,2026-09-30,2026-09,2026-09-14,,
OPP-0000000376,026-0012236,VENTAS-MANTENIMIENTO,RADIADOR R1300G 4F OMISAP,OPERACIONES MINERAS SAN PEDRO SOCIEDAD ANONIMA CERRADA,Arnold Hernández,CAT,PROPUESTA ENVIADA,PENDIENTE,50.0,4000.0,2000.0,2026-09-30,2026-09,2026-09-07,,
OPP-0000000373,026-0012232,VENTAS-COMERCIALIZACION,GPHE T8 KROST - SPENA,KROST INGENIERIA S.A.C.,Arnold Hernández,ALFA LAVAL - GPHE,PROPUESTA ENVIADA,PENDIENTE,50.0,9000.0,4500.0,2026-10-15,2026-10,2026-09-07,,
OPP-0000000372,026-0012231,VENTAS-MANTENIMIENTO,RADIADOR COMPLETO C4.4 CHUNGAR,COMPAÑIA MINERA CHUNGAR S.A.C.,Arnold Hernández,RESEMIN,PROPUESTA ENVIADA,PENDIENTE,90.0,2500.0,2250.0,2026-10-31,2026-10,2026-09-07,,
OPP-0000000342,026-0012219,VENTAS-MANTENIMIENTO,RADIADOR R1600H VOLCAN,VOLCAN COMPANIA MINERA S.A.A.,Arnold Hernández,CAT,PROPUESTA ENVIADA,PENDIENTE,50.0,6000.0,3000.0,2026-10-31,2026-10,2026-09-04,,
OPP-0000000334,026-0012210,VENTAS-COMERCIALIZACION,PINZAS Y TAPAS REICAL LTDA,REICAL LTDA,Arnold Hernández,AFTERMARKET,PROPUESTA ENVIADA,PENDIENTE,90.0,3000.0,2700.0,2026-09-30,2026-09,2026-09-03,,
OPP-0000000326,026-0012202,VENTAS-MANTENIMIENTO,RADIADOR Y ENFRIADOR HIDRAULICO R1600H,PAN AMERICAN SILVER HUARON S.A.,Arnold Hernández,CAT,PROPUESTA ENVIADA,PENDIENTE,95.0,6000.0,5700.0,2026-09-30,2026-09,2026-09-03,,
OPP-0000000293,026-0012167,VENTAS-MANTENIMIENTO,ENFRIADOR ACEITE 8T AESA,ADMINISTRACION DE EMPRESAS S.A.C.,Arnold Hernández,PAUS,PROPUESTA ENVIADA,PENDIENTE,50.0,3400.0,1700.0,2026-10-31,2026-10,2026-08-28,,
OPP-0000000281,026-0012152,VENTAS-MANTENIMIENTO,02 RADIADORES R1600H,VOLCAN COMPANIA MINERA S.A.A.,Arnold Hernández,CAT,PROPUESTA ENVIADA,PENDIENTE,80.0,12000.0,9600.0,2026-10-31,2026-10,2026-08-27,,
OPP-0000000409,026-0012271,VENTAS-MANTENIMIENTO,MANTENIMIENTO DE ENFRIADOR COMBUSTIBLE TTP - GESTEMIND ,GESTION TECNICA MINERA E INDUSTRIAL PERU SOCIEDAD ANONIMA CERRADA - GESTEMIND PERU S.A.C.,Jeancarlos Castillo,EPIROC,CALIFICACION,PENDIENTE,0.1,320.0,0.32,2026-09-30,2026-09,2026-09-14,,
OPP-0000000408,026-0012268,VENTAS-MANTENIMIENTO,MANTENIMIENTO DE ENFRIADOR ACEIT. TRANS S1D - GESTEMIND ,GESTION TECNICA MINERA E INDUSTRIAL PERU SOCIEDAD ANONIMA CERRADA - GESTEMIND PERU S.A.C.,Jeancarlos Castillo,EPIROC,CALIFICACION,PENDIENTE,0.1,100.0,0.1,2026-09-30,2026-09,2026-09-14,,
OPP-0000000405,026-0012266,VENTAS-MANTENIMIENTO,REPARACION DE RADIADOR COMPLETO MT2010 - GESTEMIND ,GESTION TECNICA MINERA E INDUSTRIAL PERU SOCIEDAD ANONIMA CERRADA - GESTEMIND PERU S.A.C.,Jeancarlos Castillo,EPIROC,CALIFICACION,PENDIENTE,0.5,100.0,0.5,2026-09-30,2026-09,2026-09-12,,
OPP-0000000388,026-0012249,VENTAS-COMERCIALIZACION,VENTA DE EQUIPOS CAT - ROBOCON ,ROBOCON SERVICIOS S.A.C.,Jeancarlos Castillo,CAT,CALIFICACION,PENDIENTE,0.0,2000.0,0.2,2026-09-30,2026-09,2026-09-10,,
OPP-0000000339,026-0012216,VENTAS-MANTENIMIENTO,EVALUACION DE ENFRIADOR BOWMAN GL140 - GESTEMIND ,GESTION TECNICA MINERA E INDUSTRIAL PERU SOCIEDAD ANONIMA CERRADA - GESTEMIND PERU S.A.C.,Jeancarlos Castillo,EPIROC,CALIFICACION,PENDIENTE,5.0,100.0,5.0,2026-09-30,2026-09,2026-09-04,,
OPP-0000000404,026-0012265,VENTAS-COMERCIALIZACION,VENTA DE JUNTA PLACA M6M NBRP - SPA ,SOLUCIONES EN PROYECTOS DE ALIMENTOS S.A.C.,Jeancarlos Castillo,ALFA LAVAL - REP.,PROPUESTA ENVIADA,PENDIENTE,0.5,1800.0,9.0,2026-09-30,2026-09,2026-09-11,,
OPP-0000000380,026-0012240,VENTAS-COMERCIALIZACION,VENTA DE RADIADOR COMPLETO TCD2012 - DRILLING MACHINERY ,"DRILLING MACHINERY SPECIALISTS E.I.R.L., Fabio Pizarro",Jeancarlos Castillo,SANDVIK,PROPUESTA ENVIADA,PENDIENTE,1.0,2290.0,22.9,2026-09-30,2026-09,2026-09-08,,
OPP-0000000379,026-0012239,VENTAS-COMERCIALIZACION,VENTA DE ENFRIADOR TUBULAR BOWMAN GL240 COBRE - KONTROL ,KONTROL R & M PERU S.A.C.,Jeancarlos Castillo,BOWMAN,PROPUESTA ENVIADA,PENDIENTE,1.0,2150.0,21.5,2026-09-30,2026-09,2026-09-08,,
OPP-0000000377,026-0012237,VENTAS-COMERCIALIZACION,VENTA DE ENFRIADOR CTN16 GARDEN DENVER - DRILLING MACHINERY ,DRILLING MACHINERY SPECIALISTS E.I.R.L.,Jeancarlos Castillo,GARDNER DENVER,PROPUESTA ENVIADA,PENDIENTE,20.0,800.0,160.0,2026-09-30,2026-09,2026-09-08,,
OPP-0000000351,026-0012227,VENTAS-COMERCIALIZACION,VENTA DE EMAPQUES T6P - MINERA IRL ,MINERA IRL S.A.,Jeancarlos Castillo,ALFA LAVAL - REP.,PROPUESTA ENVIADA,PENDIENTE,30.0,1000.0,300.0,2026-09-30,2026-09,2026-09-07,,
OPP-0000000348,026-0012225,VENTAS-MANTENIMIENTO,VENTA DE ENFRIADOR GL140 - ZANINGROUP,ZANINGROUP MINING AND CONSTRUCTION S.A.C.-ZANINGROUP S.A.C.,Jeancarlos Castillo,BOWMAN,PROPUESTA ENVIADA,PENDIENTE,10.0,2240.0,224.0,2026-09-30,2026-09,2026-09-05,,
OPP-0000000338,026-0012214,VENTAS-COMERCIALIZACION,VENTA DE MOTOR ELECTRICO 1.75 HP - SIS. CONVENCIONALES ,SISTEMAS CONVENCIONALES S.A.C.,Jeancarlos Castillo,HEATEX,PROPUESTA ENVIADA,PENDIENTE,10.0,390.0,39.0,2026-09-30,2026-09,2026-09-04,,
OPP-0000000335,026-0012211,VENTAS-COMERCIALIZACION,VENTA DE GASKETS ALTERNATIVOS - VPTM IQUITOS ,VPTM IQUITOS S.A.C.,Jeancarlos Castillo,AFTERMARKET,PROPUESTA ENVIADA,PENDIENTE,5.0,500.0,25.0,2026-09-30,2026-09,2026-09-04,,
OPP-0000000324,026-0012201,VENTAS-COMERCIALIZACION,VENTA DE ENFRIADOR BOWMAN FG120 - SISTEMAS CONVENCIONALES ,SISTEMAS CONVENCIONALES S.A.C.,Jeancarlos Castillo,BOWMAN,PROPUESTA ENVIADA,PENDIENTE,5.0,2300.0,115.0,2026-09-30,2026-09,2026-09-02,,
OPP-0000000319,026-0012197,VENTAS-COMERCIALIZACION,VENTA DE ENFRIADORES BOWMAN GL240-EC120 - TUMI ,TUMI CONTRATISTAS MINEROS S.A.C.,Jeancarlos Castillo,BOWMAN,PROPUESTA ENVIADA,PENDIENTE,50.0,5980.0,2990.0,2026-11-02,2026-11,2026-09-02,,
OPP-0000000315,026-0012193,VENTAS-COMERCIALIZACION,VENTA DE ENFRIADOR ATLAS COPCO GA315 - MARCO PERUANA ,MARCO PERUANA S A,Jeancarlos Castillo,ATLAS COPCO,PROPUESTA ENVIADA,PENDIENTE,10.0,6000.0,600.0,2026-09-30,2026-09,2026-09-01,,
OPP-0000000296,026-0012170,VENTAS-COMERCIALIZACION,VENTA DE INTERCAMBIADOR SOLDADO - ALFA LAVAL ,FRITERM PERU S.A.C.,Jeancarlos Castillo,ALFA LAVAL - BHE,PROPUESTA ENVIADA,PENDIENTE,20.0,15000.0,3000.0,2026-09-30,2026-09,2026-08-31,,
OPP-0000000273,026-0012147,VENTAS-COMERCIALIZACION,VENTA DE KIT ENFRIAMIENTO JUMBO FG120 - KOMATSU ,KOMATSU-MITSUI MAQUINARIAS PERU S.A.,Jeancarlos Castillo,BOWMAN,PROPUESTA ENVIADA,PENDIENTE,10.0,2100.0,210.0,2026-09-30,2026-09,2026-08-26,,
OPP-0000000270,026-0012146,VENTAS-MANTENIMIENTO,EVALUACION DE RADIADOR COMPLETO WX07,KOMATSU-MITSUI MAQUINARIAS PERU S.A.,Jeancarlos Castillo,KOMATSU,PROPUESTA ENVIADA,PENDIENTE,40.0,5000.0,2000.0,2026-09-30,2026-09,2026-08-26,,
OPP-0000000251,026-0012131,VENTAS-COMERCIALIZACION,VENTA DE ENFRIADOR BOWMAN FG120 - MACMINING ,CORPORACION MACMINING E.I.R.L.,Jeancarlos Castillo,BOWMAN,PROPUESTA ENVIADA,PENDIENTE,1.0,1260.0,12.6,2026-09-30,2026-09,2026-08-22,,
OPP-0000000385,,VENTAS-FABRICACION,Oportunidad de HIDROELECTRICA HUANCHOR S.A.C.,HIDROELECTRICA HUANCHOR S.A.C.,Manuel Alvarez,HEATEX,CALIFICACION,PENDIENTE,20.0,8000.0,1600.0,2026-10-29,2026-10,2026-09-08,,
OPP-0000000328,026-0012204,VENTAS-FABRICACION,"FAB. TUBOS DESMONT. 46 3/4""",RADIADORES AREQUIPA S.A.C,Manuel Alvarez,CAT,CALIFICACION,PENDIENTE,30.0,17500.0,5250.0,2026-09-30,2026-09,2026-09-03,,
OPP-0000000308,026-0012185,VENTAS-FABRICACION,DISEÑOS AFTERCOOLERS MODASA,MOTORES DIESEL ANDINOS S.A.- MODASA,Manuel Alvarez,HEATEX,CALIFICACION,PENDIENTE,30.0,6000.0,1800.0,2026-11-20,2026-11,2026-09-01,,
OPP-0000000279,026-0012182,VENTAS-FABRICACION,FABRICACIÓN RADIADOR INCA RAIL,INCA RAIL S.A.,Manuel Alvarez,SERVICIO,CALIFICACION,PENDIENTE,80.0,1890.0,1512.0,2026-09-24,2026-09,2026-08-27,,
OPP-0000000241,026-0012126,VENTAS-COMERCIALIZACION,REPUESTOS T15-MFM,OPP FILM S.A.,Manuel Alvarez,ALFA LAVAL - REP.,CALIFICACION,PENDIENTE,40.0,12450.0,4980.0,2026-09-15,2026-09,2026-08-21,,
OPP-0000000237,026-0012124,VENTAS-MANTENIMIENTO,MANTENIMIENTO INT. PLACAS M10,INNOVA CHILLTEC S.A.C.,Manuel Alvarez,ALFA LAVAL - SERV.,CALIFICACION,PENDIENTE,10.0,5000.0,500.0,2026-09-11,2026-09,2026-08-21,,
OPP-0000000231,,VENTAS-FABRICACION,FABRICACIÓN HAZ TUBULAR APTIM,APTIM PERU S.A.C.,Manuel Alvarez,SERVICIO,CALIFICACION,PENDIENTE,10.0,14000.0,1400.0,2026-09-11,2026-09,2026-08-19,,
OPP-0000000218,026-0012098,VENTAS-COMERCIALIZACION,VENTA SELLOS MESABI,RADIADORES AREQUIPA S.A.C,Manuel Alvarez,HEATEX,CALIFICACION,PENDIENTE,60.0,400.0,240.0,2026-08-28,2026-08,2026-08-17,,
OPP-0000000165,026-0011911,VENTAS-FABRICACION,PANALES DE CHILLER OPP FILM,OPP FILM S.A.,Manuel Alvarez,SERVICIO,CALIFICACION,PENDIENTE,50.0,20000.0,10000.0,2026-09-30,2026-09,2026-08-15,,
OPP-0000000161,,VENTAS-COMERCIALIZACION,ENFRIADORES DE ACEITE PARKER UTECO,UTECO TECNOLOGIA S.R.L.,Manuel Alvarez,HEATEX,CALIFICACION,PENDIENTE,50.0,1500.0,750.0,2026-09-30,2026-09,2026-08-15,,
OPP-0000000159,025-0010875,VENTAS-COMERCIALIZACION,VENTA ENFRIADOR SHOUGANG,SHOUGANG HIERRO PERU S.A.A.,Manuel Alvarez,HEATEX,CALIFICACION,PENDIENTE,20.0,1200.0,240.0,2026-09-30,2026-09,2026-08-15,,
OPP-0000000129,,VENTAS-FABRICACION,KOMATSU FARBICACIÓN RADIADOR A GAS,KOMATSU-MITSUI MAQUINARIAS PERU S.A.,Manuel Alvarez,SERVICIO,CALIFICACION,PENDIENTE,20.0,7500.0,1500.0,2026-09-30,2026-09,2026-08-13,,
OPP-0000000125,,VENTAS-COMERCIALIZACION,CAMBIO DE INT. ALFA LAVAL - OPP FILM,OPP FILM S.A.,Manuel Alvarez,ALFA LAVAL - GPHE,CALIFICACION,PENDIENTE,40.0,4000.0,1600.0,2026-08-31,2026-08,2026-08-13,,
OPP-0000000018,026-0011996,VENTAS-FABRICACION,FABRICACIÓN AEROENFRIADOR,GRUPO DELCAR S.A.C.,Manuel Alvarez,SERVICIO,CALIFICACION,PENDIENTE,50.0,5500.0,2750.0,2026-08-31,2026-08,2026-07-16,,
OPP-0000000407,026-0012269,VENTAS-COMERCIALIZACION,SELLOS MESABI,SERVICIOS MINEROS RF S.A.C.,Manuel Alvarez,EPIROC,PROPUESTA ENVIADA,PENDIENTE,80.0,20.0,16.0,2026-09-18,2026-09,2026-09-14,,
OPP-0000000403,026-0012270,VENTAS-COMERCIALIZACION,Oportunidad de UBF INDUSTRIAL SOCIEDAD ANONIMA CERRADA,UBF INDUSTRIAL SOCIEDAD ANONIMA CERRADA,Manuel Alvarez,HEATEX,PROPUESTA ENVIADA,PENDIENTE,30.0,1600.0,480.0,2026-09-30,2026-09,2026-09-11,,
OPP-0000000318,026-0012196,VENTAS-COMERCIALIZACION,REFRIGERANTE NORMET 2013,BJ CONTRATISTAS MINEROS S.A.C.,Manuel Alvarez,NORMET,PROPUESTA ENVIADA,PENDIENTE,20.0,1190.0,238.0,2026-09-30,2026-09,2026-09-02,,
OPP-0000000280,026-0012166 | 026-0012159,VENTAS-MANTENIMIENTO,MANTTO ENFRIADOR DE ACEITE FORMIN,INDUSTRIA DE FORTIFICACION MINERA S.A.C.,Manuel Alvarez,AFTERMARKET,PROPUESTA ENVIADA,PENDIENTE,20.0,150.0,30.0,2026-08-31,2026-08,2026-08-27,,
OPP-0000000278,026-0012191,VENTAS-FABRICACION,FABRICACION ENFRIADORES HID,MASTERCOL S.A.,Manuel Alvarez,SERVICIO,PROPUESTA ENVIADA,PENDIENTE,20.0,5000.0,1000.0,2026-09-30,2026-09,2026-08-27,,
OPP-0000000171,026-0011971,VENTAS-MANTENIMIENTO,SERVICIO DE FABRICACIÓN DE 4 PANELES DE CHILLER Y ESTRUCTURA,OPP FILM S.A.,Manuel Alvarez,AFTERMARKET,PROPUESTA ENVIADA,PENDIENTE,50.0,22780.0,11390.0,2026-08-31,2026-08,2026-08-15,,
OPP-0000000169,026-0011922,VENTAS-COMERCIALIZACION,JUNTA PLACA M10B-NBRB-C / RIB GASKET GPHE / 3900175607,ALIMENTOS CIELO SOCIEDAD ANONIMA CERRADA - ALI CI S.A.C.,Manuel Alvarez,ALFA LAVAL - REP.,PROPUESTA ENVIADA,PENDIENTE,70.0,2460.0,1722.0,2026-08-31,2026-08,2026-08-15,,
OPP-0000000131,026-0012083,VENTAS-COMERCIALIZACION,RADIADORES HIDRÁULICOS COMPATIBLES - SHP,SHOUGANG HIERRO PERU S.A.A.,Manuel Alvarez,HEATEX,PROPUESTA ENVIADA,PENDIENTE,30.0,5000.0,1500.0,2026-08-31,2026-08,2026-08-13,,
OPP-0000000093,026-0012061,VENTAS-MANTENIMIENTO,REPUESTOS Y MONTAJE DE PLACAS - LEGADO EQUANS,FAVASERVIPERU E.I.R.L.,Manuel Alvarez,ALFA LAVAL - GPHE,PROPUESTA ENVIADA,PENDIENTE,20.0,13000.0,2600.0,2026-08-11,2026-08,2026-08-05,,
OPP-0000000009,026-0011988,VENTAS-COMERCIALIZACION,Programa de Mantenimiento ALFA LAVAL - ALICISAC MACROPOLIS,ALIMENTOS CIELO SOCIEDAD ANONIMA CERRADA - ALI CI S.A.C.,Manuel Alvarez,ALFA LAVAL - REP.,PROPUESTA ENVIADA,PENDIENTE,10.0,25000.0,2500.0,2026-08-14,2026-08,2026-07-15,,
OPP-0000000346,026-0012223,VENTAS-COMERCIALIZACION,Venta de BHE - Alfanova 52-50H,MANTENIMIENTO E INGENIERIA EN OPERACIONES UNITARIAS S.A.C.,Mario Li,ALFA LAVAL - BHE,PROPUESTA ENVIADA,PENDIENTE,10.0,3250.0,325.0,2026-09-30,2026-09,2026-09-05,,
OPP-0000000399,026-0012261,VENTAS-COMERCIALIZACION,BHE Alfanova 52,GLOBAL PROCESSING SOLUTIONS S.A.C,Mario Li,ALFA LAVAL - BHE,PROPUESTA ENVIADA,PENDIENTE,15.0,3250.0,487.5,2026-10-31,2026-10,2026-09-11,,
OPP-0000000387,026-0012248,VENTAS-COMERCIALIZACION,GPHEs TL10-BFM - MECANICA FINA,MECANICA FINA INDUSTRIAL EMPRESA INDIVIDUAL DE RESPONSABILIDAD LIMITADA,Mario Li,ALFA LAVAL - GPHE,PROPUESTA ENVIADA,PENDIENTE,5.0,43923.6,2196.18,2026-10-31,2026-10,2026-09-09,,
OPP-0000000386,026-0012247,VENTAS-COMERCIALIZACION,EMPAQUES TL10B - MECANICA FINA,MECANICA FINA INDUSTRIAL EMPRESA INDIVIDUAL DE RESPONSABILIDAD LIMITADA,Mario Li,ALFA LAVAL - REP.,PROPUESTA ENVIADA,PENDIENTE,20.0,2356.9,471.38,2026-09-30,2026-09,2026-09-09,,
OPP-0000000383,026-0012250 | 026-0012243,VENTAS-FABRICACION,GPHE Alfa Laval - T6-BFG 43 PL - INDEXTU,INDUSTRIAL EXCHANGER TUBILLAS S.A.C.,Mario Li,ALFA LAVAL - GPHE,PROPUESTA ENVIADA,PENDIENTE,25.0,9960.0,2490.0,2026-09-30,2026-09,2026-09-08,,
OPP-0000000360,026-0012229,VENTAS-COMERCIALIZACION,GPHE - T10 MFG - 112PL - TP INTERC.,TP INTERCAMBIADORES S.A.C.,Mario Li,ALFA LAVAL - GPHE,PROPUESTA ENVIADA,PENDIENTE,5.0,14500.0,725.0,2026-09-30,2026-09,2026-09-07,,
OPP-0000000333,026-0012209,VENTAS-COMERCIALIZACION,Venta Empaques y placas M6M,TP INTERCAMBIADORES S.A.C.,Mario Li,ALFA LAVAL - REP.,PROPUESTA ENVIADA,PENDIENTE,85.0,1344.0,1142.4,2026-09-30,2026-09,2026-09-03,,
OPP-0000000312,026-0012189,VENTAS-COMERCIALIZACION,GPHE - TP INTERCAMBIADORES,TP INTERCAMBIADORES S.A.C.,Mario Li,ALFA LAVAL - GPHE,PROPUESTA ENVIADA,PENDIENTE,10.0,7520.35,752.03,2026-09-30,2026-09,2026-09-01,,
OPP-0000000311,026-0012188,VENTAS-COMERCIALIZACION,GPHE Rep - TP INTERCAMBIADORES,TP INTERCAMBIADORES S.A.C.,Mario Li,ALFA LAVAL - REP.,PROPUESTA ENVIADA,PENDIENTE,10.0,11045.76,1104.58,2026-09-30,2026-09,2026-09-01,,
OPP-0000000303,026-0012179,VENTAS-COMERCIALIZACION,BHE - AC30EQ-60H,"BARRA CCOLQUE JAIR RODOLFO, Jair Rodolfo Barra Ccolque",Mario Li,ALFA LAVAL - BHE,PROPUESTA ENVIADA,PENDIENTE,5.0,1300.0,65.0,2026-09-18,2026-09,2026-08-31,,
OPP-0000000298,026-0012172,VENTAS-COMERCIALIZACION,VENTA DE BOMBAS LKH - PRIME,LA. BRIN INDUSTRIAL S.A.C.,Mario Li,ALFA LAVAL H,PROPUESTA ENVIADA,PENDIENTE,5.0,29786.33,1489.32,2026-09-30,2026-09,2026-08-31,,
OPP-0000000108,026-0012164,VENTAS-COMERCIALIZACION,GPHE - Enfriador de Agua con contenido de grasas - Agua,INKA TUBOS S.A.,Mario Li,ALFA LAVAL - GPHE,PROPUESTA ENVIADA,PENDIENTE,10.0,11617.37,1161.74,2026-09-30,2026-09,2026-08-08,,
OPP-0000000402,026-0012264,VENTAS-COMERCIALIZACION,VENTA DE RADIADOR 16TD,GESTION MINERA INTEGRAL S.A.C.,Mercedes Quispe,KOMATSU,CALIFICACION,PENDIENTE,50.0,6290.0,3145.0,2026-10-31,2026-10,2026-09-11,,
OPP-0000000394,026-0012256,VENTAS-COMERCIALIZACION,VENTA ENFRIADOR HIDRAULICO R1300G,GESTION MINERA INTEGRAL S.A.C.,Mercedes Quispe,CAT,CALIFICACION,PENDIENTE,50.0,1980.0,990.0,2026-10-31,2026-10,2026-09-10,,
OPP-0000000391,026-0012252,VENTAS-COMERCIALIZACION,SERV. DE MANT. ENFRIADOR HIDRAULICO R1300G,GESTION MINERA INTEGRAL S.A.C.,Mercedes Quispe,CAT,CALIFICACION,PENDIENTE,50.0,1200.0,600.0,2026-09-30,2026-09,2026-09-10,,
OPP-0000000384,026-0012245 | 026-0012244,VENTAS-COMERCIALIZACION,VENTA DE R1600G,OVERPRIME MANUFACTURING S.A.C.,Mercedes Quispe,,CALIFICACION,PENDIENTE,50.0,10500.0,5250.0,,,2026-09-08,,
OPP-0000000349,026-0012226,VENTAS-MANTENIMIENTO,Serv. Mantenimiento Radiador R1300G-PANAL,GESTION MINERA INTEGRAL S.A.C.,Mercedes Quispe,,CALIFICACION,PENDIENTE,50.0,2500.0,1250.0,,,2026-09-07,,
OPP-0000000341,026-0012217,VENTAS-MANTENIMIENTO,SERV. MATENIMIENTO OILCOOLER 16233721700 P / . COMPRESOR ATLAS COPCO GA315,MINSUR S. A.,Mercedes Quispe,ATLAS COPCO,CALIFICACION,PENDIENTE,50.0,950.0,475.0,,,2026-09-04,,
OPP-0000000332,026-0012208,VENTAS-COMERCIALIZACION,VENTA DE SELLOS,W. ANGELES SERVICIOS GENERALES S.A.C.,Mercedes Quispe,HEATEX,CALIFICACION,PENDIENTE,70.0,400.0,280.0,2026-09-30,2026-09,2026-09-03,,
OPP-0000000216,026-0011782,VENTAS-COMERCIALIZACION,AFTERCOOLR ATLAS MINSUR,MINSUR S. A.,Mercedes Quispe,ATLAS COPCO,CALIFICACION,PENDIENTE,30.0,6805.0,2041.5,2026-09-30,2026-09,2026-08-15,,
OPP-0000000214,026-0011930,VENTAS-MANTENIMIENTO,MANTTO RADIADOR 8T MC CONTRATISTA,MC CONTRATISTAS MINEROS S.A.C.,Mercedes Quispe,SERVICIO | PAUS,CALIFICACION,PENDIENTE,30.0,5950.0,1785.0,2026-08-31,2026-08,2026-08-15,,
OPP-0000000212,026-0011836,VENTAS-MANTENIMIENTO,MANTTO RADIADOR R1600H MC CONTRATISTA,MC CONTRATISTAS MINEROS S.A.C.,Mercedes Quispe,SERVICIO | CAT,CALIFICACION,PENDIENTE,30.0,8908.0,2672.4,2026-08-31,2026-08,2026-08-15,,
OPP-0000000195,026-0011967,VENTAS-MANTENIMIENTO,MANTTO R1700 DIFESMAQ,"DISEÑO, INGENIERIA Y FABRICACION ESPECIALIZADA DE EQUIPOS Y MAQUINARIAS MINEROS S.A.C.- DIFESMAQ SAC",Mercedes Quispe,SERVICIO | CAT,CALIFICACION,PENDIENTE,30.0,12650.0,3795.0,2026-09-30,2026-09,2026-08-15,,
OPP-0000000189,026-0011934,VENTAS-MANTENIMIENTO,SERVICIO MANTENIMIENTO ENFRIADOR DE ACEITE HIDRAULICO 351-1248 P/.  LHD CAT R1300G [SC-90],GESTION MINERA INTEGRAL S.A.C.,Mercedes Quispe,SERVICIO | CAT,CALIFICACION,PENDIENTE,50.0,420.0,210.0,2026-08-31,2026-08,2026-08-15,,
OPP-0000000187,026-0011924,VENTAS-MANTENIMIENTO,MANTTO R1600G GMI,MC CONTRATISTAS MINEROS S.A.C.,Mercedes Quispe,SERVICIO | CAT,CALIFICACION,PENDIENTE,40.0,7995.0,3198.0,2026-08-31,2026-08,2026-08-15,,
OPP-0000000185,026-0011894,VENTAS-MANTENIMIENTO,SERVICIO DE REPARACION RADIADOR COMPLETO CAT R1700,"DISEÑO, INGENIERIA Y FABRICACION ESPECIALIZADA DE EQUIPOS Y MAQUINARIAS MINEROS S.A.C.- DIFESMAQ SAC",Mercedes Quispe,SERVICIO | CAT,CALIFICACION,PENDIENTE,70.0,9865.0,6905.5,2026-09-30,2026-09,2026-08-15,,
OPP-0000000183,026-0011907,VENTAS-MANTENIMIENTO,MANTTO RADIADOR R1300G GMI,GESTION MINERA INTEGRAL S.A.C.,Mercedes Quispe,CAT,CALIFICACION,PENDIENTE,80.0,4950.0,3960.0,2026-09-30,2026-09,2026-08-15,,
OPP-0000000179,026-0011824,VENTAS-FABRICACION,ENFRIADOR ACEITE TRANSMISION DIFESMAQ,"DISEÑO, INGENIERIA Y FABRICACION ESPECIALIZADA DE EQUIPOS Y MAQUINARIAS MINEROS S.A.C.- DIFESMAQ SAC",Mercedes Quispe,CAT,CALIFICACION,PENDIENTE,20.0,1990.0,398.0,2026-08-31,2026-08,2026-08-15,,
OPP-0000000175,026-0011404,VENTAS-MANTENIMIENTO,MANTTO RADIADOR BOSCH,BOSCH REXROTH S.A.C.,Mercedes Quispe,SERVICIO | FUNKE SERV.,CALIFICACION,PENDIENTE,50.0,2100.0,1050.0,2026-09-30,2026-09,2026-08-15,,
OPP-0000000126,026-0012085,VENTAS-COMERCIALIZACION,VENTA DE REPUESTO ALFA LAVAL,COMPAÑIA MINERA COIMOLACHE S.A.,Mercedes Quispe,ALFA LAVAL,CALIFICACION,PENDIENTE,50.0,12000.0,6000.0,2026-09-30,2026-09,2026-08-13,,
OPP-0000000124,026-0012084,VENTAS-COMERCIALIZACION,VENTA DE QSB6.7,BOART LONGYEAR SAC,Mercedes Quispe,HEATEX,CALIFICACION,PENDIENTE,50.0,3580.0,1790.0,2026-09-15,2026-09,2026-08-13,,
OPP-0000000091,026-0012062,VENTAS-COMERCIALIZACION,VENTA REPUESTO ALFA LAVAL,"SOUTHERN PERU COPPER CORPORATION, SUCURSAL DEL PERÚ",Mercedes Quispe,ALFA LAVAL,CALIFICACION,PENDIENTE,50.0,6980.0,3490.0,2026-08-31,2026-08,2026-08-05,,
OPP-0000000087,026-0012057,VENTAS-COMERCIALIZACION,VENTA FG120,CORPORACION CHINCHAY S.A.C.,Mercedes Quispe,BOWMAN,CALIFICACION,PENDIENTE,80.0,1232.0,985.6,2026-08-31,2026-08,2026-08-04,,
OPP-0000000056,,VENTAS-FABRICACION,SERVICIO DE RETUBADO DE 2 INTERCAMBIADORES - TR N°02,QUIMPAC S.A.,Mercedes Quispe,SERVICIO,CALIFICACION,PENDIENTE,50.0,1500.0,750.0,2026-08-31,2026-08,2026-07-22,,
OPP-0000000398,026-0012260,VENTAS-COMERCIALIZACION,VENTA REPUESTO ALFA LAVAL,NEXA RESOURCES PERU S.A.A.,Mercedes Quispe,ALFA LAVAL - REP.,PROPUESTA ENVIADA,PENDIENTE,50.0,1203.6,601.8,2026-10-31,2026-10,2026-09-11,,
OPP-0000000291,026-0012165,VENTAS-MANTENIMIENTO,SERV. MANTENIMIENTO DE RADIADOR,Imbarex S.A.,Mercedes Quispe,SERVICIO,PROPUESTA ENVIADA,PENDIENTE,30.0,950.0,285.0,2026-09-30,2026-09,2026-08-28,,
OPP-0000000262,026-0012138,VENTAS-COMERCIALIZACION,ENFRIADOR HIDRAULICO MODELO GL180 1428-3,OVERPRIME MANUFACTURING S.A.C.,Mercedes Quispe,BOWMAN,PROPUESTA ENVIADA,PENDIENTE,50.0,4160.0,2080.0,2026-08-31,2026-08,2026-08-25,,
OPP-0000000193,026-0011948,VENTAS-COMERCIALIZACION,VENTA ENFRIADOR ACEITE NP 486-2504 DIFESMAQ,"DISEÑO, INGENIERIA Y FABRICACION ESPECIALIZADA DE EQUIPOS Y MAQUINARIAS MINEROS S.A.C.- DIFESMAQ SAC",Mercedes Quispe,HEATEX,PROPUESTA ENVIADA,PENDIENTE,30.0,2190.0,657.0,2026-08-31,2026-08,2026-08-15,,
OPP-0000000371,026-0012096,VENTAS-COMERCIALIZACION,ENFRIADOR OIL HIDR. BOWMAN FG120-1427-3TC (3P CI) COBRE,TP INTERCAMBIADORES S.A.C.,Rintusac,BOWMAN,CALIFICACION,PENDIENTE,100.0,2500.0,2500.0,2026-08-31,2026-08,2026-09-07,,
OPP-0000000366,026-0012036,VENTAS-COMERCIALIZACION,LAMINA ALUMINIO 0.25MM X 1080MM (BOBINA),INDUSTRIAL EXCHANGER TUBILLAS S.A.C.,Rintusac,AFTERMARKET,CALIFICACION,PENDIENTE,100.0,4.05,4.05,2026-09-04,2026-09,2026-09-07,,
OPP-0000000364,026-0011848,VENTAS-COMERCIALIZACION,ENFRIADOR DE ACEITE P/ MOTOR CAT  ORIGINAL,INTERCAMBIADORES BALVIN S.R.L.,Rintusac,HEATEX,CALIFICACION,PENDIENTE,100.0,1140.0,1140.0,,,2026-09-07,,
OPP-0000000358,026-0011706,VENTAS-COMERCIALIZACION,ENFRIADOR OIL HIDR. BOWMAN FG120-1427-3TC (3P CI) COBRE,RESEMIN S.A.,Rintusac,BOWMAN,CALIFICACION,PENDIENTE,100.0,21400.0,21400.0,2026-09-01,2026-09,2026-09-07,,
OPP-0000000355,026-0011591,VENTAS-COMERCIALIZACION,[40200016] ENFRIADOR OIL HIDR. BOWMAN FG120-1427-3 (3P CI) 90/10,RESEMIN S.A.,Rintusac,BOWMAN,CALIFICACION,PENDIENTE,100.0,1290.0,1290.0,2026-08-31,2026-08,2026-09-07,,
OPP-0000000397,026-0012259,VENTAS-COMERCIALIZACION,enfriador de aceite motor 8.4,SERVICIOS EN CONSTRUCCION Y MINERIA DEL CENTRO SOCIEDAD COMERCIAL DE RESPONSABILIDAD LIMITADA,Rintusac,HEATEX,PROPUESTA ENVIADA,PENDIENTE,50.0,2390.0,1195.0,2026-09-13,2026-09,2026-09-11,,
OPP-0000000392,026-0012254,VENTAS-COMERCIALIZACION,venta bowman fg120,TRANSLOG PERU S.A.C.,Rintusac,BOWMAN,PROPUESTA ENVIADA,PENDIENTE,0.0,1260.0,0.0,2026-09-13,2026-09,2026-09-10,,
OPP-0000000390,026-0012253,VENTAS-COMERCIALIZACION,Bowman fg 120,CORPORACION INDUSTRIAL Y SERVICIOS GENERALES S.A.C.,Rintusac,BOWMAN,PROPUESTA ENVIADA,PENDIENTE,50.0,1260.0,630.0,2026-09-14,2026-09,2026-09-10,,
OPP-0000000130,,VENTAS-COMERCIALIZACION,KIT ENFRIADOR REFR / AIRE / OIL P / NORMET TCD2013 54825770 C/C,ROBOCON SERVICIOS S.A.C.,Rintusac,HEATEX,PROPUESTA ENVIADA,PENDIENTE,50.0,2150.0,1075.0,2026-08-31,2026-08,2026-08-13,,
OPP-0000000286,,VENTAS-MANTENIMIENTO,REPARACION TUBULAR CPT,INVERSIONES MARITIMAS CPT PERU S.A.C.,Arnold Hernández,BOWMAN,CALIFICACION,PERDIDA,0.0,100.0,0.0,2026-08-31,2026-08,2026-08-27,Cliente canceló el proyecto,2026-08-29
OPP-0000000236,,VENTAS-MANTENIMIENTO,RADIADOR 16TD JRC,JRC INGENIERÍA Y CONSTRUCCIÓN S.A.C.,Arnold Hernández,KOMATSU,CALIFICACION,PERDIDA,0.0,7000.0,0.0,2026-08-21,2026-08,2026-08-21,Sin presupuesto aprobado,2026-08-21
OPP-0000000226,,VENTAS-MANTENIMIENTO,FRESOMAC BOWMAN FG120,FRESOMAC  S.A.C.,Arnold Hernández,BOWMAN,CALIFICACION,PERDIDA,0.0,1232.0,0.0,2026-08-31,2026-08,2026-08-19,Sin respuesta del cliente,2026-08-21
OPP-0000000222,,VENTAS-MANTENIMIENTO,MINERA GIGANTE MANNTO BOWMAN FG120,MINERA GIGANTE SRL.,Arnold Hernández,BOWMAN,CALIFICACION,PERDIDA,0.0,200.0,0.0,2026-08-31,2026-08,2026-08-18,Cliente canceló el proyecto,2026-08-21
OPP-0000000197,,VENTAS-MANTENIMIENTO,VENTA ENFRIADOR HYD R1600H GMI,GESTION MINERA INTEGRAL S.A.C.,Arnold Hernández,HEATEX,CALIFICACION,PERDIDA,0.0,1992.0,0.0,2026-08-31,2026-08,2026-08-15,Cliente canceló el proyecto,2026-08-21
OPP-0000000138,,VENTAS-MANTENIMIENTO,PRUEBA,ACEROS CHILCA S.A.C.,Arnold Hernández,AFTERMARKET,CALIFICACION,PERDIDA,0.0,0.0,0.0,2026-08-19,2026-08,2026-08-14,Too expensive,2026-08-14
OPP-0000000136,,VENTAS-MANTENIMIENTO,MANTTO RADIADOR GRUPO ELECTROGENO,GENESAL ENERGY PERU SAC,Arnold Hernández,AFTERMARKET,CALIFICACION,PERDIDA,0.0,4850.0,0.0,2026-08-31,2026-08,2026-08-14,Sin respuesta del cliente,2026-08-26
OPP-0000000121,,VENTAS-COMERCIALIZACION,ENFRIADOR ACEITE 8T JRC,JRC INGENIERÍA Y CONSTRUCCIÓN S.A.C.,Arnold Hernández,HEATEX,CALIFICACION,PERDIDA,0.0,1500.0,0.0,2026-08-31,2026-08,2026-08-13,Not enough stock,2026-08-26
OPP-0000000120,,VENTAS-COMERCIALIZACION,SINERMINCO PAUS 853-S8,SINERMINCO SOCIEDAD ANONIMA CERRADA,Arnold Hernández,HEATEX,CALIFICACION,PERDIDA,0.0,1900.0,0.0,2026-08-31,2026-08,2026-08-12,Cliente canceló el proyecto,2026-08-24
OPP-0000000111,,VENTAS-COMERCIALIZACION,JRC HIDRAULICO R1600H,JRC INGENIERÍA Y CONSTRUCCIÓN S.A.C.,Arnold Hernández,HEATEX,CALIFICACION,PERDIDA,0.0,1800.0,0.0,2026-08-31,2026-08,2026-08-10,Cliente canceló el proyecto,2026-08-26
OPP-0000000095,,VENTAS-MANTENIMIENTO,TOTAL MINING MANTTO TROPICAL,TOTAL MINING PARTS S.A.C.,Arnold Hernández,AFTERMARKET,CALIFICACION,PERDIDA,0.0,500.0,0.0,2026-08-31,2026-08,2026-08-05,Cliente canceló el proyecto,2026-08-25
OPP-0000000094,,VENTAS-COMERCIALIZACION,FRESOMAC ENFRIADOR MAQUINA NUEVA,FRESOMAC  S.A.C.,Arnold Hernández,HEATEX,CALIFICACION,PERDIDA,0.0,2000.0,0.0,2026-08-31,2026-08,2026-08-05,Cliente canceló el proyecto,2026-08-26
OPP-0000000084,,VENTAS-MANTENIMIENTO,STRACON REPARACION OILCOOLER 390FL,STRACON PERÚ S.A.,Arnold Hernández,HEATEX,CALIFICACION,PERDIDA,0.0,4000.0,0.0,2026-08-14,2026-08,2026-08-04,Cliente canceló el proyecto,2026-09-12
OPP-0000000059,,VENTAS-COMERCIALIZACION,ENFRIADOR BOWMAN GL240 HUDBAY,HUDBAY PERU S.A.C.,Arnold Hernández,BOWMAN,CALIFICACION,PERDIDA,0.0,2400.0,0.0,2026-08-07,2026-08,2026-07-22,Sin respuesta del cliente,2026-08-07
OPP-0000000055,,VENTAS-COMERCIALIZACION,BOWMAN FG120 HYSER,HYSER PERU SOCIEDAD ANONIMA CERRADA - HYSER PERU S.A.C.,Arnold Hernández,BOWMAN,CALIFICACION,PERDIDA,0.0,1300.0,0.0,2026-08-31,2026-08,2026-07-21,Cliente canceló el proyecto,2026-08-25
OPP-0000000051,,VENTAS-FABRICACION,RADIADOR R1300G AESA,ADMINISTRACION DE EMPRESAS S.A.C.,Arnold Hernández,CAT,CALIFICACION,PERDIDA,0.0,5000.0,0.0,2026-08-31,2026-08,2026-07-21,Tiempo de entrega muy largo,2026-09-12
OPP-0000000046,,VENTAS-COMERCIALIZACION,INTERCOOLER C6.6 MR MAQUINARIAA,MANTENIMIENTO Y REPARACION DE MAQUINARIAS S.A.C.,Arnold Hernández,Putzmeister,CALIFICACION,PERDIDA,0.0,1000.0,0.0,2026-07-31,2026-07,2026-07-20,Too expensive,
OPP-0000000025,,VENTAS-COMERCIALIZACION,ENFRIADOR GL240 MODIESEL,M Y O DIESEL SOCIEDAD COMERCIAL DE RESPONSABILIDAD LIMITADA - MODIESEL S..R.L.,Arnold Hernández,BOWMAN,CALIFICACION,PERDIDA,0.0,3340.0,0.0,2026-08-31,2026-08,2026-07-16,Cliente canceló el proyecto,2026-08-13
OPP-0000000023,,VENTAS-MANTENIMIENTO,GRUPO ENFRIADORES FRENOSA,FRENO S A,Arnold Hernández,BOWMAN,CALIFICACION,PERDIDA,0.0,3870.0,0.0,2026-08-31,2026-08,2026-07-16,Cliente eligió a la competencia,2026-08-25
OPP-0000000323,,VENTAS-COMERCIALIZACION,ENFRIADOR S1D JRC,JRC INGENIERÍA Y CONSTRUCCIÓN S.A.C.,Arnold Hernández,EPIROC,ORDEN CONFIRMADA,PERDIDA,0.0,2900.0,0.0,2026-09-30,2026-09,2026-09-02,Not enough stock,2026-09-04
OPP-0000000314,,VENTAS-COMERCIALIZACION,TT11 COMPLETO HYDROMINING,HYDROMINING GROUP S.A.C.,Arnold Hernández,RESEMIN,ORDEN CONFIRMADA,PERDIDA,0.0,590.0,0.0,2026-09-30,2026-09,2026-09-01,Cliente canceló el proyecto,2026-09-02
OPP-0000000401,,VENTAS-COMERCIALIZACION,RADIADOR C7.1 jrc,JRC INGENIERÍA Y CONSTRUCCIÓN S.A.C.,Arnold Hernández,Putzmeister,PROPUESTA ENVIADA,PERDIDA,0.0,1800.0,0.0,2026-09-30,2026-09,2026-09-11,Cliente canceló el proyecto,2026-09-12
OPP-0000000400,,VENTAS-COMERCIALIZACION,ENFRIADOR MOTOR DEUTZ,GRUPO ASEGA S.A.C.,Arnold Hernández,DEUTZ,PROPUESTA ENVIADA,PERDIDA,0.0,750.0,0.0,2026-09-30,2026-09,2026-09-11,Not enough stock,2026-09-12
OPP-0000000382,,VENTAS-COMERCIALIZACION,RADIADOR REFRI MANITOU,MAQUINAS Y EQUIPOS PARA MINERIA TEO'S E.I.R.L.,Arnold Hernández,KOMATSU,PROPUESTA ENVIADA,PERDIDA,0.0,1800.0,0.0,2026-09-11,2026-09,2026-09-08,Too expensive,2026-09-11
OPP-0000000300,,VENTAS-COMERCIALIZACION,HIDRAULICO R1600H,JRC INGENIERÍA Y CONSTRUCCIÓN S.A.C.,Arnold Hernández,CAT,PROPUESTA ENVIADA,PERDIDA,0.0,2000.0,0.0,2026-09-30,2026-09,2026-08-31,Sin respuesta del cliente,2026-09-12
OPP-0000000268,,VENTAS-COMERCIALIZACION,VENTA INTERCOOLER ATLAS,ATLAS COPCO PERU S.A.C.,Arnold Hernández,HEATEX,PROPUESTA ENVIADA,PERDIDA,0.0,4000.0,0.0,2026-08-31,2026-08,2026-08-25,Cliente canceló el proyecto,2026-09-08
OPP-0000000267,,VENTAS-MANTENIMIENTO,REPARACION INTERCOOLER ATLAS,ATLAS COPCO PERU S.A.C.,Arnold Hernández,ATLAS COPCO,PROPUESTA ENVIADA,PERDIDA,0.0,3000.0,0.0,2026-08-31,2026-08,2026-08-25,No cumplimos especificaciones técnicas,2026-09-08
OPP-0000000141,,VENTAS-MANTENIMIENTO,EVALUACION DE COMBICOOLER P/ COMPRESOR IR CCN 24081648,LA LLAVE S.A.,Jeancarlos Castillo,LA LLAVE - IR,APROBADA,PERDIDA,0.0,0.0,0.0,2026-08-30,2026-08,2026-08-14,Sin presupuesto aprobado,2026-09-12
OPP-0000000345,,VENTAS-MANTENIMIENTO,EVALUACION DE COMBICOOLER - BULLROK ,BULLROCK S.A.C.,Jeancarlos Castillo,SULLAIR,CALIFICACION,PERDIDA,0.0,100.0,0.0,2026-09-30,2026-09,2026-09-04,Sin presupuesto aprobado,2026-09-08
OPP-0000000277,,VENTAS-COMERCIALIZACION,VENTA DE ENFRIADOR HYDAC - ROBOCON ,ROBOCON SERVICIOS S.A.C.,Jeancarlos Castillo,HEATEX,CALIFICACION,PERDIDA,0.0,980.0,0.0,2026-08-31,2026-08,2026-08-27,Cliente canceló el proyecto,2026-08-29
OPP-0000000250,,VENTAS-COMERCIALIZACION,VENTA DE JUNTA PLACA S22 EPDM - SPA ,SOLUCIONES EN PROYECTOS DE ALIMENTOS S.A.C.,Jeancarlos Castillo,AFTERMARKET,CALIFICACION,PERDIDA,0.0,3000.0,0.0,2026-08-31,2026-08,2026-08-21,Sin respuesta del cliente,2026-09-02
OPP-0000000224,,VENTAS-MANTENIMIENTO,MANTENIMIENTO DE ENFRIADOR BOWMAN EC120 - ECOCRUCEROS ,ECOCRUCEROS S.A.C.,Jeancarlos Castillo,BOWMAN,CALIFICACION,PERDIDA,0.0,170.0,0.0,2026-08-31,2026-08,2026-08-18,Sin respuesta del cliente,2026-09-02
OPP-0000000163,,VENTAS-COMERCIALIZACION,ENFRIADOR REFR / AIRE / OIL P / NORMET TCD2013 54825770 C/C,ROBOCON SERVICIOS S.A.C.,Jeancarlos Castillo,NORMET,CALIFICACION,PERDIDA,0.0,2150.0,0.0,2026-10-15,2026-10,2026-08-15,Not enough stock,2026-08-21
OPP-0000000157,,VENTAS-COMERCIALIZACION,ENFRIADOR BOWMAN GL140,GESTION TECNICA MINERA E INDUSTRIAL PERU SOCIEDAD ANONIMA CERRADA - GESTEMIND PERU S.A.C.,Jeancarlos Castillo,BOWMAN,CALIFICACION,PERDIDA,0.0,2000.0,0.0,2026-09-30,2026-09,2026-08-15,Sin presupuesto aprobado,2026-08-21
OPP-0000000143,,VENTAS-MANTENIMIENTO,SERVICIO REPARACION DE COMBICOOLER P/ COMPRESOR IR CCN 24081648,LA LLAVE S.A.,Jeancarlos Castillo,LA LLAVE - IR,CALIFICACION,PERDIDA,0.0,1260.0,0.0,2026-08-30,2026-08,2026-08-14,Sin presupuesto aprobado,2026-09-02
OPP-0000000081,,VENTAS-COMERCIALIZACION,VENTA DE KIT DE ENFRIAMIENTO PAUS 853-S8 - ZANINGROUP,ZANINGROUP MINING AND CONSTRUCTION S.A.C.-ZANINGROUP S.A.C.,Jeancarlos Castillo,HEATEX,ORDEN CONFIRMADA,PERDIDA,0.0,2190.0,0.0,2026-08-14,2026-08,2026-08-03,Cliente canceló el proyecto,2026-08-08
OPP-0000000078,,VENTAS-COMERCIALIZACION,VENTA DE ENFRIADOR BOWMAN GL240 - TUMI ,TUMI CONTRATISTAS MINEROS S.A.C.,Jeancarlos Castillo,BOWMAN,ORDEN CONFIRMADA,PERDIDA,0.0,9600.0,0.0,2026-08-20,2026-08,2026-08-03,Cliente canceló el proyecto,2026-08-26
OPP-0000000063,,VENTAS-COMERCIALIZACION, VENTA ENFRIADOR OIL HIDR. BOWMAN FG120-1427,RESEMIN S.A.,Jeancarlos Castillo,BOWMAN,ORDEN CONFIRMADA,PERDIDA,0.0,21400.0,0.0,2026-07-22,2026-07,2026-07-22,Cliente canceló el proyecto,2026-09-09
OPP-0000000347,,VENTAS-COMERCIALIZACION,VENTA DE ENFRIADOR BOWMAN GL140 1428-2 - TP INTER.,TP INTERCAMBIADORES S.A.C.,Jeancarlos Castillo,BOWMAN,PROPUESTA ENVIADA,PERDIDA,0.0,1950.0,0.0,2026-09-30,2026-09,2026-09-05,Sin presupuesto aprobado,2026-09-12
OPP-0000000336,,VENTAS-COMERCIALIZACION,VENTA DE JUNTA PLACA T10M - SPA ,SOLUCIONES EN PROYECTOS DE ALIMENTOS S.A.C.,Jeancarlos Castillo,ALFA LAVAL - REP.,PROPUESTA ENVIADA,PERDIDA,0.0,2000.0,0.0,2026-09-30,2026-09,2026-09-04,Too expensive,2026-09-08
OPP-0000000325,,VENTAS-COMERCIALIZACION,VENTA DE ENFRIADOR BOWMAN FG120 - HEATFLUX ,HEATFLUX INDUSTRIAL SOLUTIONS S.A.C.,Jeancarlos Castillo,BOWMAN,PROPUESTA ENVIADA,PERDIDA,0.0,1290.0,0.0,2026-09-30,2026-09,2026-09-02,Sin respuesta del cliente,2026-09-11
OPP-0000000316,,VENTAS-COMERCIALIZACION,VENTA DE ENFRIADOR HYDAC - ROBOCON ,ROBOCON SERVICIOS S.A.C.,Jeancarlos Castillo,HEATEX,PROPUESTA ENVIADA,PERDIDA,0.0,5000.0,0.0,2026-09-30,2026-09,2026-09-01,Sin respuesta del cliente,2026-09-08
OPP-0000000305,,VENTAS-COMERCIALIZACION,VENTA DE ENFRIADOR BOWMAN FG120 - ANTESA,ANTESA S.A.C.,Jeancarlos Castillo,BOWMAN,PROPUESTA ENVIADA,PERDIDA,0.0,1260.0,0.0,2026-09-30,2026-09,2026-08-31,Sin presupuesto aprobado,2026-09-09
OPP-0000000302,,VENTAS-COMERCIALIZACION,VENTA DE RADIADOR COMPLETO C4.4 - MACMINING ,CORPORACION MACMINING E.I.R.L.,Jeancarlos Castillo,CAT,PROPUESTA ENVIADA,PERDIDA,0.0,3120.0,0.0,2026-09-30,2026-09,2026-08-31,Tiempo de entrega muy largo,2026-09-11
OPP-0000000301,,VENTAS-COMERCIALIZACION,VENTA DE RADIADOR REFRIGERANTE C4.4 - MACMINING ,CORPORACION MACMINING E.I.R.L.,Jeancarlos Castillo,HEATEX | CAT,PROPUESTA ENVIADA,PERDIDA,0.0,1540.0,0.0,2026-09-30,2026-09,2026-08-31,Sin respuesta del cliente,2026-09-11
OPP-0000000299,,VENTAS-COMERCIALIZACION,VENTA DE ENFRIADOR BOWMAN FG120 - RADIMEZA ,RADIMEZA SOCIEDAD ANONIMA CERRADA,Jeancarlos Castillo,BOWMAN,PROPUESTA ENVIADA,PERDIDA,0.0,1260.0,0.0,2026-09-30,2026-09,2026-08-31,Sin presupuesto aprobado,2026-09-09
OPP-0000000219,,VENTAS-COMERCIALIZACION,VENTA DE SELLO HNBR - ANTESA ,ANTESA S.A.C.,Jeancarlos Castillo,HEATEX,PROPUESTA ENVIADA,PERDIDA,0.0,1417.0,0.0,2026-08-31,2026-08,2026-08-17,,2026-09-08
OPP-0000000149,,VENTAS-COMERCIALIZACION,SELLOS VITON,OYOLA ALFARO RONAL RODY,Jeancarlos Castillo,HEATEX,PROPUESTA ENVIADA,PERDIDA,0.0,1000.0,0.0,2026-09-30,2026-09,2026-08-14,Sin respuesta del cliente,2026-09-11
OPP-0000000119,,VENTAS-COMERCIALIZACION,VENTA DE EMPAQUE TS6M EPDMP - SPA ,,Jeancarlos Castillo,ALFA LAVAL,PROPUESTA ENVIADA,PERDIDA,0.0,1392.0,0.0,2026-08-15,2026-08,2026-08-12,Too expensive,2026-08-19
OPP-0000000104,,VENTAS-COMERCIALIZACION,VENTA DE TUBOS DESMON. CU 40' - SELLO - OYOLA ,OYOLA ALFARO RONAL RODY,Jeancarlos Castillo,HEATEX,PROPUESTA ENVIADA,PERDIDA,0.0,2400.0,0.0,2026-09-30,2026-09,2026-08-07,Sin respuesta del cliente,2026-09-11
OPP-0000000103,,VENTAS-COMERCIALIZACION,RADIADOR COMPLETO ST-1030 - DRU EXPORT ,DRU EXPORT S.A.C.,Jeancarlos Castillo,RINTUSAC,PROPUESTA ENVIADA,PERDIDA,0.0,9990.0,0.0,2026-08-15,2026-08,2026-08-07,Sin respuesta del cliente,2026-08-25
OPP-0000000096,,VENTAS-COMERCIALIZACION,FRIGOHIELO - INTERCAMBIADOR SOLDADO ,FRIGOHIELO S.A,Jeancarlos Castillo,ALFA LAVAL,PROPUESTA ENVIADA,PERDIDA,0.0,44000.0,0.0,2026-09-30,2026-09,2026-08-07,Sin respuesta del cliente,2026-09-11
OPP-0000000073,,VENTAS-COMERCIALIZACION,VENTA DE RADIADOR REFRIGERANTE C6.6 - ROBOCON ,ROBOCON SERVICIOS S.A.C.,Jeancarlos Castillo,HEATEX,PROPUESTA ENVIADA,PERDIDA,0.0,6560.0,0.0,2026-08-31,2026-08,2026-07-30,Producto no disponible en stock,2026-08-12
OPP-0000000071,,VENTAS-COMERCIALIZACION,VENTA DE ENFRIADOR 011-016,CORPORACION RAGSA S.A.C.,Jeancarlos Castillo,HEATEX,PROPUESTA ENVIADA,PERDIDA,0.0,500.0,0.0,2026-08-30,2026-08,2026-07-25,Sin respuesta del cliente,2026-08-25
OPP-0000000002,,VENTAS-FABRICACION,FABRICACION DE ALETAS ,"INDUSTRIAS WARCOFE SERVICIOS GENERALES S.R.L., Fernando Huaripata",Jeancarlos Castillo,RINTUSAC,PROPUESTA ENVIADA,PERDIDA,0.0,21970.0,0.0,2026-08-31,2026-08,2026-07-14,Sin respuesta del cliente,2026-09-11
OPP-0000000317,,VENTAS-MANTENIMIENTO,MANT. ST 1030,SERVICIOS MINEROS RF S.A.C.,Manuel Alvarez,EPIROC,CALIFICACION,PERDIDA,0.0,4000.0,0.0,2026-09-30,2026-09,2026-09-02,Cliente canceló el proyecto,2026-09-11
OPP-0000000167,,VENTAS-COMERCIALIZACION,CONCENTRADOR C4.4,UNION DE CONCRETERAS S.A,Manuel Alvarez,Putzmeister,CALIFICACION,PERDIDA,0.0,100.0,0.0,2026-09-30,2026-09,2026-08-15,Sin presupuesto aprobado,2026-08-21
OPP-0000000139,,VENTAS-MANTENIMIENTO,SERVICIO DE MANTENIMIENTO,UNION DE CONCRETERAS S.A,Manuel Alvarez,Putzmeister,CALIFICACION,PERDIDA,0.0,0.0,0.0,2026-08-27,2026-08,2026-08-14,Not enough stock,2026-08-18
OPP-0000000085,,VENTAS-MANTENIMIENTO,R1600H MNTOO,NEGOCIACIONES TRACKLESS S.A.C.,Manuel Alvarez,CAT,CALIFICACION,PERDIDA,0.0,3500.0,0.0,2026-08-14,2026-08,2026-08-04,Sin respuesta del cliente,2026-08-14
OPP-0000000244,,VENTAS-COMERCIALIZACION,BOWMAN 120 - PUENTE,SERVICIOS MINEROS RF S.A.C.,Manuel Alvarez,BOWMAN,PROPUESTA ENVIADA,PERDIDA,0.0,1780.0,0.0,2026-09-07,2026-09,2026-08-21,Cliente canceló el proyecto,2026-09-07
OPP-0000000208,,VENTAS-MANTENIMIENTO,MANTTO RADIADOR BAMBAS,MINERA LAS BAMBAS S.A.,Manuel Alvarez,AFTERMARKET,PROPUESTA ENVIADA,PERDIDA,0.0,3966.0,0.0,2026-09-30,2026-09,2026-08-15,Sin respuesta del cliente,2026-08-25
OPP-0000000173,,VENTAS-COMERCIALIZACION,ENFRIADOR GARDNER DENVER,SERVICIOS DE TRANSMISIONES E HIDRAULICA E.I.R.L.,Manuel Alvarez,HEATEX,PROPUESTA ENVIADA,PERDIDA,0.0,500.0,0.0,2026-09-30,2026-09,2026-08-15,Sin respuesta del cliente,2026-08-25
OPP-0000000019,,VENTAS-COMERCIALIZACION,COTIZACION RADIADORES BUSES 18 M QELLPU,QELLPU PERU SOCIEDAD ANONIMA,Manuel Alvarez,HEATEX,PROPUESTA ENVIADA,PERDIDA,0.0,11500.0,0.0,2026-08-14,2026-08,2026-07-16,Too expensive,2026-08-25
OPP-0000000198,,VENTAS-COMERCIALIZACION,VENTA DE AEROENFRIADOR DE REEMPLAZO - CONSTRUCTORA NOVOA,CONSTRUCTORA NOVOA Y ASOCIADOS S.A.C.,Mario Li,HEATEX,CALIFICACION,PERDIDA,0.0,5000.0,0.0,2026-09-30,2026-09,2026-08-15,Sin respuesta del cliente,2026-09-12
OPP-0000000110,,VENTAS-COMERCIALIZACION,PRUEBA ML,GLOBAL PROCESSING SOLUTIONS S.A.C,Mario Li,AFTERMARKET,CALIFICACION,PERDIDA,0.0,1.0,0.0,2026-08-31,2026-08,2026-08-08,Tiempo de entrega muy largo,2026-08-08
OPP-0000000350,026-0012233,VENTAS-COMERCIALIZACION,Venta BHE - DOC30-50H,FCA PERUANA ETERNIT S A,Mario Li,ALFA LAVAL - BHE,PROPUESTA ENVIADA,PERDIDA,0.0,1345.9,0.0,2026-09-19,2026-09,2026-09-07,Sin respuesta del cliente,2026-09-14
OPP-0000000294,,VENTAS-COMERCIALIZACION,Venta de FG-120,G & E COMERCIALIZADORA E IMPORTADORA E.I.R.L.,Mario Li,BOWMAN,PROPUESTA ENVIADA,PERDIDA,0.0,2560.0,0.0,2026-08-31,2026-08,2026-08-28,Cliente canceló el proyecto,2026-09-08
OPP-0000000092,,VENTAS-COMERCIALIZACION,Venta de BHE CB110-60H,TDM GEOSINTETICOS S.A.,Mario Li,ALFA LAVAL - BHE,PROPUESTA ENVIADA,PERDIDA,0.0,3688.0,0.0,2026-08-30,2026-08,2026-08-05,Cliente canceló el proyecto,2026-09-08
OPP-0000000243,,VENTAS-COMERCIALIZACION,GPHE PARTS - Frame + placas T5M,MECANICA FINA INDUSTRIAL EMPRESA INDIVIDUAL DE RESPONSABILIDAD LIMITADA,Mario Li,ALFA LAVAL - REP.,PROPUESTA ENVIADA,PERDIDA,0.0,1700.0,0.0,2026-09-30,2026-09,2026-08-21,Cliente canceló el proyecto,2026-09-08
OPP-0000000002,,VENTAS-FABRICACION,Oportunidad de TP INTERCAMBIADORES S.A.C.,TP INTERCAMBIADORES S.A.C.,Mario Li,ALFA LAVAL,PROPUESTA ENVIADA,PERDIDA,0.0,3900.0,0.0,2026-07-31,2026-07,2026-07-14,Sin presupuesto aprobado,2026-09-01
OPP-0000000261,,VENTAS-COMERCIALIZACION,GPHE REP: T6 empaque inicial e intermedios - TP Intercambiadores - Propuesta original,TP INTERCAMBIADORES S.A.C.,Mario Li,ALFA LAVAL - REP.,PROPUESTA ENVIADA,PERDIDA,0.0,2160.37,0.0,2026-08-31,2026-08,2026-08-24,Sin presupuesto aprobado,2026-09-08
OPP-0000000260,,VENTAS-COMERCIALIZACION,GPHE REP: T6 empaque inicial e intermedios - TP Intercambiadores - Propuesta híbrida,TP INTERCAMBIADORES S.A.C.,Mario Li,ALFA LAVAL - REP.,PROPUESTA ENVIADA,PERDIDA,0.0,1830.05,0.0,2026-08-31,2026-08,2026-08-24,Sin presupuesto aprobado,2026-09-08
OPP-0000000234,,VENTAS-FABRICACION,GPHE T5 - Cliente Mecánica Fina,MECANICA FINA INDUSTRIAL EMPRESA INDIVIDUAL DE RESPONSABILIDAD LIMITADA,Mario Li,ALFA LAVAL - GPHE,PROPUESTA ENVIADA,PERDIDA,0.0,2000.0,0.0,2026-08-31,2026-08,2026-08-21,Sin respuesta del cliente,2026-09-08
OPP-0000000232,,VENTAS-COMERCIALIZACION,VENTA BHE CBH16-17H - TERMOTEM,TERMOTEM PERU S.A.C.,Mario Li,ALFA LAVAL - BHE,PROPUESTA ENVIADA,PERDIDA,0.0,275.0,0.0,2026-08-31,2026-08,2026-08-19,Cliente canceló el proyecto,2026-09-08
OPP-0000000230,026-0012120,VENTAS-COMERCIALIZACION,Empaques para GEA - KELVION NT100M - ALT. ALFA LAVAL,INDUSTRIAL EXCHANGER TUBILLAS S.A.C.,Mario Li,ALFA LAVAL - REP.,PROPUESTA ENVIADA,PERDIDA,0.0,1148.0,0.0,2026-09-30,2026-09,2026-08-19,Cliente canceló el proyecto,2026-09-12
OPP-0000000223,,VENTAS-COMERCIALIZACION,VENTA DE BHE ACH240DQ,RAMIREZ ILATOMA SANTOS ELOY,Mario Li,ALFA LAVAL - BHE,PROPUESTA ENVIADA,PERDIDA,0.0,3381.0,0.0,2026-08-31,2026-08,2026-08-18,Cliente canceló el proyecto,2026-09-08
OPP-0000000128,,VENTAS-FABRICACION,Venta de GPHE para calentamiento de agua,RADIADORES INDUSTRIAL MBA SOCIEDAD ANONIMA CERRADA-RIMBASAC,Mario Li,ALFA LAVAL,PROPUESTA ENVIADA,PERDIDA,0.0,2400.0,0.0,2026-07-31,2026-07,2026-08-13,Sin respuesta del cliente,2026-08-13
OPP-0000000080,,VENTAS-COMERCIALIZACION,Venta de 62 empaques para equipo M15B ,TECNOFIL S A,Mario Li,ALFA LAVAL - REP.,PROPUESTA ENVIADA,PERDIDA,0.0,4485.7,0.0,2026-08-31,2026-08,2026-08-03,Sin respuesta del cliente,2026-09-03
OPP-0000000079,,VENTAS-COMERCIALIZACION,Venta empaques alternativos equipo FUNKE,TECNOFIL S A,Mario Li,AFTERMARKET,PROPUESTA ENVIADA,PERDIDA,0.0,886.8,0.0,2026-08-31,2026-08,2026-08-03,Sin respuesta del cliente,2026-09-03
OPP-0000000060,,VENTAS-COMERCIALIZACION,VENTA DE FG120 VERSION SANDVIK,MINETECH PERU S.A.C.,Mario Li,BOWMAN,PROPUESTA ENVIADA,PERDIDA,0.0,1280.0,0.0,2026-07-31,2026-07,2026-07-22,Tiempo de entrega muy largo,2026-08-13
OPP-0000000045,,VENTAS-COMERCIALIZACION,Venta de cores CAT PN 2W-0181,SAN MARTIN CONTRATISTAS GENERALES S.A.,Mario Li,AFTERMARKET,PROPUESTA ENVIADA,PERDIDA,0.0,18200.0,0.0,2026-07-31,2026-07,2026-07-18,Sin respuesta del cliente,2026-08-08
OPP-0000000041,,VENTAS-FABRICACION,Venta de Serpentines tipo micro channel de cobre con aletas de aluminio,HG INGEPRO E.I.R.L.,Mario Li,AFTERMARKET,PROPUESTA ENVIADA,PERDIDA,0.0,10700.0,0.0,2026-08-31,2026-08,2026-07-18,Sin respuesta del cliente,2026-08-15
OPP-0000000036,,VENTAS-COMERCIALIZACION,Venta de placas y empaques M10M,MAQ. REPUESTOS Y SERVICIOS GENERALES E.I.R.L.,Mario Li,ALFA LAVAL,PROPUESTA ENVIADA,PERDIDA,0.0,12629.96,0.0,2026-07-20,2026-07,2026-07-17,Cliente canceló el proyecto,2026-09-01
OPP-0000000021,,VENTAS-COMERCIALIZACION,Empaques M10B-NBRB - Cliente TP INT.,TP INTERCAMBIADORES S.A.C.,Mario Li,ALFA LAVAL,PROPUESTA ENVIADA,PERDIDA,0.0,2464.5,0.0,2026-08-31,2026-08,2026-07-16,Tiempo de entrega muy largo,2026-08-13
OPP-0000000014,,VENTAS-FABRICACION,Venta de 01 GPHE T5 MFG 19 PL,L&M PERU SOLUCIONES INTEGRALES S.A.C.,Mario Li,ALFA LAVAL,PROPUESTA ENVIADA,PERDIDA,0.0,2300.0,0.0,2026-08-31,2026-08,2026-07-15,Sin respuesta del cliente,2026-09-03
OPP-0000000013,,VENTAS-COMERCIALIZACION,Venta de 01 Enfriador FG-120 BOWMAN,FORVEX INDUSTRIAL SOCIEDAD ANONIMA CERRADA,Mario Li,BOWMAN,PROPUESTA ENVIADA,PERDIDA,0.0,1320.0,0.0,2026-07-31,2026-07,2026-07-15,Tiempo de entrega muy largo,
OPP-0000000010,,VENTAS-COMERCIALIZACION,Oportunidad de DIAMOND CORPORACION S A,DIAMOND CORPORACION S A,Mario Li,ALFA LAVAL,PROPUESTA ENVIADA,PERDIDA,0.0,4073.0,0.0,2026-08-31,2026-08,2026-07-15,Sin respuesta del cliente,2026-09-03
OPP-0000000006,,VENTAS-FABRICACION,Sistema de calentamiento de agua (60m3/h),TP INTERCAMBIADORES S.A.C.,Mario Li,ALFA LAVAL,PROPUESTA ENVIADA,PERDIDA,0.0,3900.0,0.0,2026-07-31,2026-07,2026-07-15,Sin respuesta del cliente,2026-09-03
OPP-0000000330,,VENTAS-MANTENIMIENTO,SERV. REAPARACION R1600H,CIA MINERA RAURA S A,Mercedes Quispe,HEATEX | SERVICIO,CALIFICACION,PERDIDA,0.0,8900.0,0.0,2026-09-05,2026-09,2026-09-03,Too expensive,2026-09-03
OPP-0000000204,,VENTAS-COMERCIALIZACION,ENFRIADOR DE ACEIE 033 OVERPRIME,OVERPRIME MANUFACTURING S.A.C.,Mercedes Quispe,HEATEX,CALIFICACION,PERDIDA,0.0,2850.0,0.0,2026-09-30,2026-09,2026-08-15,,2026-09-03
OPP-0000000202,,VENTAS-FABRICACION,VENTA R1300G BAP KATARATA,GRUPO EMPRESARIAL DE SERVICIOS KATARATA S.A.,Mercedes Quispe,CAT,CALIFICACION,PERDIDA,0.0,5890.0,0.0,2026-09-30,2026-09,2026-08-15,Cliente canceló el proyecto,2026-08-21
OPP-0000000200,,VENTAS-COMERCIALIZACION,VENTA BOWMAN FG120 CHAHUIN,CHAHUIN MINING S.A.C.,Mercedes Quispe,BOWMAN,CALIFICACION,PERDIDA,0.0,1309.0,0.0,2026-08-31,2026-08,2026-08-15,Sin respuesta del cliente,2026-08-21
OPP-0000000191,,VENTAS-COMERCIALIZACION,VENTA ENFRIADOR GL140 GMI,GESTION MINERA INTEGRAL S.A.C.,Mercedes Quispe,BOWMAN,CALIFICACION,PERDIDA,0.0,2190.0,0.0,2026-08-31,2026-08,2026-08-15,Too expensive,2026-08-21
OPP-0000000181,,VENTAS-COMERCIALIZACION,BOWMAN FG120 MC CONTRATISTAS,MC CONTRATISTAS MINEROS S.A.C.,Mercedes Quispe,BOWMAN,CALIFICACION,PERDIDA,0.0,2400.0,0.0,2026-08-31,2026-08,2026-08-15,Cliente canceló el proyecto,2026-08-21
OPP-0000000177,,VENTAS-MANTENIMIENTO,RADIADOR R1300G TD BETKRIP,BETKRIP CONTRATISTAS GENERALES S.R.L.,Mercedes Quispe,CAT,CALIFICACION,PERDIDA,0.0,6450.0,0.0,2026-08-31,2026-08,2026-08-15,Too expensive,2026-08-21
OPP-0000000034,,VENTAS-MANTENIMIENTO,SERV. LIMPIEZA DE INTER. CALOR  COJINETE,COMPAÑIA DE MINAS BUENAVENTURA S.A.A.,Mercedes Quispe,SERVICIO,CALIFICACION,PERDIDA,0.0,5000.0,0.0,2026-08-31,2026-08,2026-07-17,Too expensive,2026-09-03
OPP-0000000264,,VENTAS-COMERCIALIZACION,RADIADOR REFRIGERANTE P/CARGADOR FRONTAL 966L NP: 599-2434,COMPAÑIA DE MINAS BUENAVENTURA S.A.A.,Mercedes Quispe,HEATEX,PROPUESTA ENVIADA,PERDIDA,0.0,3290.0,0.0,2026-08-31,2026-08,2026-08-25,Tiempo de entrega muy largo,2026-09-03
OPP-0000000307,,VENTAS-COMERCIALIZACION,bowman fc100 cupro niquel,GUIAL SOLUTIONS E.I.R.L.,Rintusac,BOWMAN,CALIFICACION,PERDIDA,0.0,1180.0,0.0,2026-08-31,2026-08,2026-08-31,Sin respuesta del cliente,2026-09-07
OPP-0000000229,,VENTAS-COMERCIALIZACION,PRUEBA,RESEMIN S.A.,Rintusac,BOWMAN,CALIFICACION,PERDIDA,0.0,2000.0,0.0,2026-08-31,2026-08,2026-08-19,Tiempo de entrega muy largo,2026-08-19
OPP-0000000145,,VENTAS-COMERCIALIZACION,prueba,HEATEX USA INC. - TAX I.D 81-0820045,Rintusac,SERVICIO,CALIFICACION,PERDIDA,0.0,1.0,0.0,2026-08-31,2026-08,2026-08-14,,
OPP-0000000135,,VENTAS-COMERCIALIZACION,VENTA BOWMAN,HEATEX USA INC. - TAX I.D 81-0820045,Rintusac,BOWMAN,CALIFICACION,PERDIDA,0.0,1.0,0.0,2026-08-26,2026-08,2026-08-14,Tiempo de entrega muy largo,
OPP-0000000284,,VENTAS-COMERCIALIZACION,ENFRIADOR PRUEBA,HEATEX USA INC. - TAX I.D 81-0820045,Rintusac,BOWMAN,PROPUESTA ENVIADA,PERDIDA,0.0,2000.0,0.0,2026-08-30,2026-08,2026-08-27,Too expensive,2026-08-27
OPP-0000000283,,VENTAS-COMERCIALIZACION,ENFRIADOR PRUEBA,HEATEX USA INC. - TAX I.D 81-0820045,Rintusac,BOWMAN,PROPUESTA ENVIADA,PERDIDA,0.0,2000.0,0.0,2026-08-30,2026-08,2026-08-27,Too expensive,2026-08-27
OPP-0000000282,,VENTAS-COMERCIALIZACION,ENFRIADOR,HEATEX USA INC. - TAX I.D 81-0820045,Rintusac,BOWMAN,PROPUESTA ENVIADA,PERDIDA,0.0,2000.0,0.0,2026-08-30,2026-08,2026-08-27,Too expensive,2026-08-27
OPP-0000000274,,VENTAS-COMERCIALIZACION,Enfriador hidráulico modelo GL180 1428-3,COOLING AIR PERU S.A.C.,Rintusac,BOWMAN,PROPUESTA ENVIADA,PERDIDA,0.0,2180.0,0.0,2026-08-31,2026-08,2026-08-27,Sin respuesta del cliente,2026-09-07
