Producto,Codigo,Marca,Periodo,Cantidad,Monto_USD
SERVICIO REPARACION,92000001,,2026-08,17.0,59716.27
ENFRIADOR OIL HIDR. BOWMAN FG120 1427-3TC (3P) COBRE,40200015,Bowman,2026-08,33.0,36706.28
SERVICIO MANTENIMIENTO,91000001,,2026-08,14.0,28919.4
ENFRIADOR SISTEMA DE ACEITE P / C4.4 P / N.HTX- 656549 -91 v4,40600164,Heatex,2026-08,12.0,9600.0
SERVICIO DE MANTENIMIENTO Y REPARACION,97000001,Otros,2026-08,2.0,9080.0
ENFRIADOR DE ACEITE HIDRAULICO PARKER 016 (A539016) (copiar),40600330,Heatex,2026-08,4.0,7992.0
ENFRIADOR OIL HIDR. BOWMAN GL140 3928-2 (3P) 90 / 10,40200108,Bowman,2026-08,3.0,7089.0
RADIADOR COMPLE ALUM. REFRIG R1600H 3860012,40600296,Heatex,2026-08,1.0,6072.0
RADIADOR REFRIGERANTE TD P/DUMPER EPIROC MT2200 6060007952,20100174,RINTUSAC,2026-08,1.0,5907.5
ENFRIADOR HIDRAULICO BAP COMPLETO CMS1/O/24V/002 66337005,40600503,Heatex,2026-08,6.0,5880.0
RADIADOR AFTERCOOLER R1600H,20100078,RINTUSAC,2026-08,1.0,4693.0
RADIADOR DE SISTEMA REFRIGERANTE P / CAT C4.4 P / 236-7766 BAR AND PLATE,40600295,Heatex,2026-08,3.0,4410.0
Sin producto,,,2026-08,29.0,4196.0
COMBICOOLER 845483 P/. DESATADOR PAUS PSCALE 8T (copiar),40600414,Heatex,2026-08,1.0,3542.4
AFTERCOOLER 21922701 P/  VOLVO PENTA,40600578,Heatex,2026-08,2.0,2550.0
INTERCOOLER DE AIRE C4.4 V02/COMPLETO CON TINA C/ALERO			 ,40600529,Heatex,2026-08,1.0,2190.0
ENFRIADOR COMPLETO ACEITE/AGUA/ACEITE BAP P/PAUS 853-S8 555-139 VER02,40600436,Heatex,2026-08,1.0,1850.0
COMBICOOLER 845483 P/. DESATADOR PAUS PSCALE 8T (copiar),40600415,Heatex,2026-08,1.0,1800.0
RADIADOR DE REFRIGERANTE MANITOU ,40600542,Heatex,2026-08,1.0,1762.4
RADIADOR REFRIGERANTE P/CAT C6.6 365-2909 BAP C/ALEROS,40600311,Heatex,2026-08,1.0,1690.0
ENFRIADOR DE ACEITE HIDR. HTXDC-011P-02-N-BW 24V DC (copiar),40600390,Heatex,2026-08,3.0,1670.0
ENFRIADOR OIL HIDR. BOWMAN FG120 3427-3 (3P),40200017,Bowman,2026-08,1.0,1540.0
RADIADOR DE REFRIGERANTE C4.4 V02/ COMPLETO CON TINA C/ALERO			 ,40600530,Heatex,2026-08,1.0,1390.0
ENFRIADOR OIL HIDR. BOWMAN FG120 1427-3 (3P),40200016,Bowman,2026-08,1.0,1290.0
ENFRIADOR SISTEMA DE ACEITE HEATEX P / N. 133-0125,40600119,Heatex,2026-08,1.0,1140.0
ENFRIADOR DE AIRE MANITOU ,40600544,Heatex,2026-08,1.0,1097.72
VENTILADOR HEATEX P/ENFRIADOR HTX0367AH11 HYD,40600426,Heatex,2026-08,3.0,1080.0
SERVICIO DE FABRICACION (copiar),90000012,Otros,2026-08,100.66,734.83
ENFRIADOR HIDRAULICO NS 4649977,40600581,Heatex,2026-08,1.0,550.0
MOTOR HTX0367 1.75HP AC IP66 (copiar),40600373,Heatex,2026-08,50.0,400.0
REVESTIMIENTO PARA S62-IS10 238PL,10540238,Otros,2026-08,4.0,340.0
SELLO DESMONT. C / CANAL HEATEX 721201B V2,40600476,Heatex,2026-08,146.0,281.77
SELLO DESMONT. S / CANAL HEATEX 721201T V2,40600477,Heatex,2026-08,146.0,281.77
FLEJE ACERO GALVANIZADO 0.4 MM X 10 MM ,10320069,Otros,2026-08,30.45,230.96
BASE DE SOPORTE P/MONTAJE RADIADOR P/CAT 7N-7988,20100164,RINTUSAC,2026-08,2.0,187.0
"GRAPA DESMONT. TIPO ""M"" HEATEX COSTILLADAS 160906 P / 106570",40600008,Heatex,2026-08,146.0,176.86
SERVICIO DE EVALUACION,90000011,,2026-08,1.0,120.0
ORING VITON BOWMAN FG OS52VT,40200210,Bowman,2026-08,2.0,54.0
SELLO DESMONT. C / CANAL AGUA-AIRE-ACEITE HEATEX,40600512,Heatex,2026-08,10.0,23.5
SELLO DESMONT. S / CANAL AGUA-AIRE-ACEITE HEATEX,40600513,Heatex,2026-08,10.0,23.5
LAMINA ALUMINIO X 0.23MM (BOBINA),40900049,Heatex,2026-08,0.9,4.05
JUNTA PLACA NBR HT P/ INTERCAMBIADOR S62-IS10,40600599,,2026-08,0.0,0.0
"TUBO DESMONT. CU 29.25"" ""M"" WATER-AIR",20100151,RINTUSAC,2026-08,0.0,0.0
ENFRIADOR OIL HIDR. BOWMAN FG120 1427-3TC (3P) COBRE,40200015,Bowman,2026-09,18.0,21248.55
Sin producto,,,2026-09,-25.0,12689.97
SERVICIO DE MANTENIMIENTO Y REPARACION,97000001,Otros,2026-09,1.0,8940.0
KIT ENFRIADOR REFR / AIRE / OIL P / NORMET TCD2013 54825770 C/C,40600592,Heatex,2026-09,4.0,8600.0
SERVICIO MANTENIMIENTO,91000001,,2026-09,4.0,7834.0
RADIADOR DE REFRIGERANTE TD 3F P/ CAT R1600H 522-2621 ,20100211,CAT,2026-09,1.0,6390.0
ENFRIADOR DE ACEITE PARA COMPRESORA ATLAS COPCO GA280 (NP: 1092116720),40600594,Heatex,2026-09,1.0,6370.0
"ENFRIADOR SIST. ACEITE T/ PLACAS CAT R1600H, 10PL (copiar)",40600398,Heatex,2026-09,2.0,5960.0
ENFRIADOR DE ACEITE BAP P/DUMPER EPIROC MT2200 6060007953,40600507,Heatex,2026-09,1.0,5720.0
JUNTA PLACA NBR HT P/ INTERCAMBIADOR S62-IS10,40600599,,2026-09,240.0,5664.0
ENFRIADOR OIL HIDR. BOWMAN GL140 3928-2 (3P) 90 / 10,40200108,Bowman,2026-09,2.0,4726.0
ENFRIADOR DE AIRE BAP P/DUMPER EPIROC MT2200 6060007954,40600508,Heatex,2026-09,1.0,4003.5
SERVICIO REPARACION,92000001,,2026-09,2.0,3630.0
ENFRIADOR COMPLETO BAP HEATEX HTX-725-2-3 M/AC P/*040903010,40600443,Heatex,2026-09,1.0,2250.0
INTERCOOLER P/CAT C6.6 365-2908 BAP S/ALEROS,20100283,Otros,2026-09,1.0,1850.0
HAZ TUBULAR BOWMAN FG120 TUBO COBRE BAFLE / AL,40200071,Bowman,2026-09,2.0,1564.0
ENFRIADOR DE ACEITE HIDR. HTXDC-011P-02-N-BW 24V DC (copiar),40600390,Heatex,2026-09,3.0,1490.0
SERVICIO DE FABRICACION (copiar),90000012,Otros,2026-09,198.58,1325.55
ENFRIADOR DE ACEITE HIDRAULICO PARKER (A539011),40600301,Heatex,2026-09,3.0,1280.0
INTERCAMBIADOR SOLDADO DOC30-50H-F BPHE / 3287193999,40100302,Alfa Laval,2026-09,1.0,1244.5
MOTOR HTX0367 1.75HP AC IP66 (copiar),40600373,Heatex,2026-09,125.0,1000.0
ENFRIADOR HIDRAULICO BAP COMPLETO CMS1/O/24V/002 66337005,40600503,Heatex,2026-09,1.0,980.0
"JEBE DESMONT. CENTRAL TIPO ""M"" MACHO HEATEX N / P 800829 * 14.88""",40600010,Heatex,2026-09,28.0,560.0
ORING NITRILO 2-349 ( Ø5.33 * 113.67) FG120,10240115,Bowman,2026-09,4.0,34.0
