Fecha,Mes,Anio,Periodo,Nro_Factura,Orden,Cod_OPP,Cod_RM,Cliente,Sector,Vendedor,Equipo,Moneda,TC,Venta_USD,Costo_USD,Margen_USD,Pct_Margen,Venta_PEN,Costo_PEN,Cuenta_Venta
29/08/2026,8,2026,2026-08,E001-1243,026-0011881,OPP-0000000240,,KANAY S.A.C.,Petroquímica / Química,Arnold Hernández,VENTAS-MANTENIMIENTO,USD,3.356,3636.0,3636.0,0.0,0.0,12202.42,1083.43,
31/08/2026,8,2026,2026-08,E001-1244,026-0012187,OPP-0000000310,,RADIADORES ARNAO INDUSTRIAL S.A.C,Servicios / Otros,Rintusac,VENTAS-MANTENIMIENTO,USD,3.356,560.0,560.0,0.0,0.0,1879.36,166.87,
07/08/2026,8,2026,2026-08,F 004-00002193,026-0012029,,,JRC INGENIERÍA Y CONSTRUCCIÓN S.A.C.,Construcción / EPC / Contratistas,Arnold Hernández,VENTAS-COMERCIALIZACION,USD,0.0,1690.0,404.22,1285.78,0.7608,0.0,0.0,
07/08/2026,8,2026,2026-08,F 004-00002194,026-0012048,OPP-0000000210,,METALTEC ENGENEERING STEELS E.I.R.L.,Metalmecánica / Siderurgia,Manuel Alvarez,VENTAS-MANTENIMIENTO,USD,0.0,47.0,17.89,29.11,0.6194,0.0,0.0,
07/08/2026,8,2026,2026-08,F 004-00002196,026-0012026,OPP-0000000074,,TECNOMECANICA SERVICIOS HIDRAULICOS SOCIEDAD ANONIMA CERRADA,Servicios / Otros,Jeancarlos Castillo,VENTAS-MANTENIMIENTO,USD,0.0,1390.0,389.07,1000.93,0.7201,0.0,0.0,
07/08/2026,8,2026,2026-08,F 004-00002197,026-0011774,,RM-24503,RESEMIN S.A.,Metalmecánica / Siderurgia,Rintusac,VENTAS-MANTENIMIENTO,USD,0.0,476.0,0.0,476.0,1.0,0.0,123.07,
07/08/2026,8,2026,2026-08,F 004-00002198,026-0011945,OPP-0000000020,RM-24605,RESEMIN S.A.,Metalmecánica / Siderurgia,Rintusac,VENTAS-MANTENIMIENTO,USD,0.0,825.0,0.0,825.0,1.0,0.0,211.15,
07/08/2026,8,2026,2026-08,F 004-00002200,026-0011554,,RM-24633,RESEMIN S.A.,Metalmecánica / Siderurgia,Rintusac,VENTAS-MANTENIMIENTO,USD,0.0,7992.0,0.0,7992.0,1.0,0.0,14071.92,
07/08/2026,8,2026,2026-08,F 004-00002201,026-0012055,OPP-0000000369,,RESEMIN S.A.,Metalmecánica / Siderurgia,Rintusac,VENTAS-FABRICACION,USD,0.0,8000.0,2929.66,5070.34,0.6338,0.0,0.0,
10/08/2026,8,2026,2026-08,F 004-00002203,026-0011940,OPP-0000000062,RM-24599,SERVICIOS MINEROS RF S.A.C.,Mining,Manuel Alvarez,VENTAS-COMERCIALIZACION,USD,3.391,7263.3,2056.53,5206.77,0.7169,24629.85,6973.7,
10/08/2026,8,2026,2026-08,F 004-00002204,026-0011990,OPP-0000000038,,VPTM IQUITOS S.A.C.,Servicios / Otros,Jeancarlos Castillo,VENTAS-COMERCIALIZACION,USD,3.391,340.0,0.0,340.0,1.0,1152.94,0.0,
10/08/2026,8,2026,2026-08,F 004-00002206,026-0011424,,,STRACON PERÚ S.A.,Mining,Arnold Hernández,VENTAS-COMERCIALIZACION,USD,3.391,6410.0,2303.73,4106.27,0.6406,21736.31,679.37,
11/08/2026,8,2026,2026-08,F 004-00002207,026-0012028,OPP-0000000072,,VOLCAN COMPANIA MINERA S.A.A.,Mining,Arnold Hernández,VENTAS-COMERCIALIZACION,PEN,3.387,2860.12,611.83,2248.29,0.7861,9687.23,180.64,
11/08/2026,8,2026,2026-08,F 004-00002208,026-0011875,,RM-24578,VOLCAN COMPANIA MINERA S.A.A.,Mining,Arnold Hernández,VENTAS-FABRICACION,USD,3.387,5907.5,1370.34,4537.16,0.768,20008.7,4641.33,
11/08/2026,8,2026,2026-08,F 004-00002209,026-0012054,OPP-0000000086,,JRC INGENIERÍA Y CONSTRUCCIÓN S.A.C.,Construcción / EPC / Contratistas,Arnold Hernández,VENTAS-COMERCIALIZACION,USD,3.387,3542.4,939.34,2603.06,0.7348,11998.11,277.34,
11/08/2026,8,2026,2026-08,F 004-00002210,026-0012049,OPP-0000000077,,UNION DE CONCRETERAS S.A,Construcción / EPC / Contratistas,Manuel Alvarez,VENTAS-COMERCIALIZACION,USD,3.387,1470.0,429.04,1040.96,0.7081,4978.89,126.67,
12/08/2026,8,2026,2026-08,F 004-00002211,026-0011835,,RM-24562,ADMINISTRACION DE EMPRESAS S.A.C.,IT/Communication,Arnold Hernández,VENTAS-COMERCIALIZACION,USD,3.372,6072.0,1899.39,4172.61,0.6872,20474.78,6404.75,
12/08/2026,8,2026,2026-08,F 004-00002212,026-0012031,OPP-0000000115,RM-24626,OPERACIONES MINERAS SAN PEDRO SOCIEDAD ANONIMA CERRADA,Mining,Arnold Hernández,VENTAS-MANTENIMIENTO,USD,3.372,2938.54,628.9,2309.64,0.786,9908.76,2120.64,
12/08/2026,8,2026,2026-08,F 004-00002213,,,,VPTM IQUITOS S.A.C.,Servicios / Otros,Jeancarlos Castillo,VENTAS-MANTENIMIENTO,USD,3.372,3400.0,3400.0,0.0,0.0,11464.8,1008.3,
12/08/2026,8,2026,2026-08,F 004-00002214,026-0011848,OPP-0000000364,,INTERCAMBIADORES BALVIN S.R.L.,Metalmecánica / Siderurgia,Rintusac,VENTAS-FABRICACION,USD,3.372,1140.0,353.91,786.09,0.6896,3844.08,104.96,
12/08/2026,8,2026,2026-08,F 004-00002215,026-0012075,OPP-0000000113,,JRC INGENIERÍA Y CONSTRUCCIÓN S.A.C.,Construcción / EPC / Contratistas,Arnold Hernández,VENTAS-COMERCIALIZACION,USD,3.372,2363.0,1104.31,1258.69,0.5327,7968.04,327.49,
12/08/2026,8,2026,2026-08,F 004-00002216,026-0011951,OPP-0000000005,RM-24606,XIAN BUSINESS CORPORATION S.A.C.,Servicios / Otros,Jeancarlos Castillo,VENTAS-MANTENIMIENTO,USD,3.372,1850.0,14.94,1835.06,0.9919,6238.2,50.39,
13/08/2026,8,2026,2026-08,F 004-00002217,026-0012051,,,RESEMIN S.A.,Metalmecánica / Siderurgia,Rintusac,VENTAS-MANTENIMIENTO,USD,3.365,1080.0,406.86,673.14,0.6233,3634.2,120.91,
13/08/2026,8,2026,2026-08,F 004-00002218,026-0012052,OPP-0000000083,RM-24632,MINERA CRC SOCIEDAD ANONIMA CERRADA,Mining,Manuel Alvarez,VENTAS-MANTENIMIENTO,USD,3.365,727.5,132.23,595.27,0.8182,2448.04,444.96,
13/08/2026,8,2026,2026-08,F 004-00002219,026-0011965,,,UNION DE CONCRETERAS S.A,Construcción / EPC / Contratistas,Manuel Alvarez,VENTAS-COMERCIALIZACION,USD,3.365,1470.0,430.18,1039.82,0.7074,4946.55,127.84,
13/08/2026,8,2026,2026-08,F 004-00002220,025-0010889,,,UNION DE CONCRETERAS S.A,Construcción / EPC / Contratistas,Manuel Alvarez,VENTAS-FABRICACION,USD,3.365,1470.0,432.99,1037.01,0.7054,4946.55,128.67,
14/08/2026,8,2026,2026-08,F 004-00002221,026-0011829,OPP-0000000352,RM-24525,METAL TECNICA S A,Wholesale/Retail,Manuel Alvarez,VENTAS-MANTENIMIENTO,USD,3.371,355.0,52.98,302.02,0.8508,1196.7,178.58,
14/08/2026,8,2026,2026-08,F 004-00002222,026-0012058,OPP-0000000088,,JRC INGENIERÍA Y CONSTRUCCIÓN S.A.C.,Construcción / EPC / Contratistas,Arnold Hernández,VENTAS-COMERCIALIZACION,USD,3.371,2190.0,410.24,1779.76,0.8127,7382.49,121.7,
14/08/2026,8,2026,2026-08,F 004-00002223,026-0012050,OPP-0000000082,RM-24631,JRC INGENIERÍA Y CONSTRUCCIÓN S.A.C.,Construcción / EPC / Contratistas,Arnold Hernández,VENTAS-COMERCIALIZACION,USD,3.371,4693.0,1191.28,3501.72,0.7462,15820.1,4015.81,
14/08/2026,8,2026,2026-08,F 004-00002225,,,,SERVICIOS Y EQUIPOS AMAZONICOS S.A.C,Transportation/Logistics,Arnold Hernández,VENTAS-MANTENIMIENTO,USD,3.371,2550.0,2550.0,0.0,0.0,8596.05,756.45,
14/08/2026,8,2026,2026-08,F 004-00002226,026-0012080,OPP-0000000133,RM-24645,L & G INTERNATIONAL PARTS S.A.C.,Automotriz / Transporte,Rintusac,VENTAS-MANTENIMIENTO,USD,3.371,734.83,0.0,734.83,1.0,2477.11,0.0,
15/08/2026,8,2026,2026-08,F 004-00002227,026-0011692,,,OYOLA ALFARO RONAL RODY,Servicios / Otros,Jeancarlos Castillo,VENTAS-FABRICACION,USD,3.368,3563.2,12762.74,-9199.54,-2.5818,12000.86,3789.41,
17/08/2026,8,2026,2026-08,F 004-00002229,026-0011533,,RM-24364,COMPAÑIA MINERA CHUNGAR S.A.C.,Mining,Arnold Hernández,VENTAS-MANTENIMIENTO,USD,3.368,4745.25,2450.2,2295.05,0.4837,15982.0,8252.27,
17/08/2026,8,2026,2026-08,F 004-00002230,026-0012047,,,TECNOMECANICA SERVICIOS HIDRAULICOS SOCIEDAD ANONIMA CERRADA,Servicios / Otros,Jeancarlos Castillo,VENTAS-COMERCIALIZACION,USD,3.368,980.0,337.51,642.49,0.6556,3300.64,100.21,
17/08/2026,8,2026,2026-08,F 004-00002231,026-0012073,OPP-0000000105,RM-24641,IESA S A,Servicios / Otros,Arnold Hernández,VENTAS-COMERCIALIZACION,USD,3.368,1150.0,885.74,264.26,0.2298,3873.2,2983.18,
17/08/2026,8,2026,2026-08,F 004-00002232,026-0011591,OPP-0000000355,RM-24675,RESEMIN S.A.,Metalmecánica / Siderurgia,Rintusac,VENTAS-FABRICACION,USD,3.368,1290.0,1447.46,-157.46,-0.1221,4344.72,4875.05,
17/08/2026,8,2026,2026-08,F 004-00002233,026-0011706,OPP-0000000358,,RESEMIN S.A.,Metalmecánica / Siderurgia,Rintusac,VENTAS-FABRICACION,USD,3.368,21400.0,12321.93,9078.07,0.4242,72075.2,3658.53,
17/08/2026,8,2026,2026-08,F 004-00002234,026-0011710,,,RESEMIN S.A.,Metalmecánica / Siderurgia,Rintusac,VENTAS-FABRICACION,USD,3.368,4280.0,2431.15,1848.85,0.432,14415.04,721.84,
17/08/2026,8,2026,2026-08,F 004-00002235,026-0011968,OPP-0000000003,,ANTESA S.A.C.,Metalmecánica / Siderurgia,Jeancarlos Castillo,VENTAS-COMERCIALIZACION,PEN,3.368,740.4,304.62,435.78,0.5886,2493.67,90.45,
18/08/2026,8,2026,2026-08,F 004-00002236,026-0012090,OPP-0000000127,,IESA S A,Servicios / Otros,Arnold Hernández,VENTAS-COMERCIALIZACION,USD,3.37,1150.0,616.1,533.9,0.4643,3875.5,182.82,
18/08/2026,8,2026,2026-08,F 004-00002237,026-0011449,,RM-24332,COMPAÑIA MINERA CHUNGAR S.A.C.,Mining,Arnold Hernández,VENTAS-MANTENIMIENTO,USD,3.37,12002.0,1196.38,10805.62,0.9003,40446.74,4031.8,
19/08/2026,8,2026,2026-08,F 004-00002238,026-0012118,,RM-24674,HYDEXCORP S.A.C.,Metalmecánica / Siderurgia,Jeancarlos Castillo,VENTAS-FABRICACION,USD,3.362,1540.0,1177.82,362.18,0.2352,5177.48,3959.82,
19/08/2026,8,2026,2026-08,F 004-00002239,026-0012114,,,MUNDO CALOR PERU S.A.C.,Servicios / Otros,Jeancarlos Castillo,VENTAS-FABRICACION,PEN,3.362,230.96,23.84,207.12,0.8968,776.49,7.09,
20/08/2026,8,2026,2026-08,F 004-00002240,026-0012121,OPP-0000000246,,MINERA GIGANTE SRL.,Mining,Arnold Hernández,VENTAS-MANTENIMIENTO,USD,3.361,54.0,17.25,36.75,0.6806,181.49,5.13,
20/08/2026,8,2026,2026-08,F 004-00002241,026-0012122,OPP-0000000248,RM-24664,MINERA GIGANTE SRL.,Mining,Arnold Hernández,VENTAS-MANTENIMIENTO,USD,3.361,120.0,18.31,101.69,0.8474,403.32,61.54,
20/08/2026,8,2026,2026-08,F 004-00002243,026-0011876,,RM-24550,GESTION MINERA INTEGRAL S.A.C.,Construcción / EPC / Contratistas,Mercedes Quispe,VENTAS-FABRICACION,USD,3.361,7000.0,917.11,6082.89,0.869,23527.0,3082.42,
20/08/2026,8,2026,2026-08,F 004-00002244,026-0011942,OPP-0000000356,RM-24595,MINSUR S. A.,Mining,Mercedes Quispe,VENTAS-COMERCIALIZACION,USD,3.361,5868.0,1499.65,4368.35,0.7444,19722.35,5040.31,
20/08/2026,8,2026,2026-08,F 004-00002245,026-0011920,,,TECNOMECANICA SERVICIOS HIDRAULICOS SOCIEDAD ANONIMA CERRADA,Servicios / Otros,Jeancarlos Castillo,VENTAS-COMERCIALIZACION,USD,3.361,1600.0,871.35,728.65,0.4554,5377.6,259.25,
21/08/2026,8,2026,2026-08,F 004-00002246,026-0011954,OPP-0000000042,,SISTEMAS CONVENCIONALES S.A.C.,Servicios / Otros,Jeancarlos Castillo,VENTAS-COMERCIALIZACION,USD,3.361,1150.0,608.32,541.68,0.471,3865.15,180.99,
21/08/2026,8,2026,2026-08,F 004-00002247,026-0012078,OPP-0000000116,RM-24654,OPERACIONES MINERAS SAN PEDRO SOCIEDAD ANONIMA CERRADA,Mining,Arnold Hernández,VENTAS-MANTENIMIENTO,USD,3.361,1450.0,56.21,1393.79,0.9612,4873.45,188.92,
22/08/2026,8,2026,2026-08,F 004-00002248,026-0012101,OPP-0000000220,,HYDROMINING GROUP S.A.C.,Mining,Arnold Hernández,VENTAS-COMERCIALIZACION,USD,3.352,1866.28,819.59,1046.69,0.5608,6255.77,244.51,
24/08/2026,8,2026,2026-08,F 004-00002250,,,,ITALMECAN S.A.C.,Metalmecánica / Siderurgia,Mercedes Quispe,VENTAS-FABRICACION,USD,3.352,550.0,550.0,0.0,0.0,1843.6,164.08,
24/08/2026,8,2026,2026-08,F 004-00002251,026-0012086,OPP-0000000147,,XIAN BUSINESS CORPORATION S.A.C.,Servicios / Otros,Jeancarlos Castillo,VENTAS-FABRICACION,USD,3.352,540.0,203.55,336.45,0.6231,1810.08,60.72,
24/08/2026,8,2026,2026-08,F 004-00002252,026-0012096,OPP-0000000371,,TP INTERCAMBIADORES S.A.C.,Metalmecánica / Siderurgia,Rintusac,VENTAS-COMERCIALIZACION,USD,3.352,2500.0,1231.1,1268.9,0.5076,8380.0,367.27,
24/08/2026,8,2026,2026-08,F 004-00002253,026-0012115,OPP-0000000228,RM-24676,OPERACIONES MINERAS SAN PEDRO SOCIEDAD ANONIMA CERRADA,Mining,Arnold Hernández,VENTAS-MANTENIMIENTO,USD,3.352,1199.48,323.62,875.86,0.7302,4020.66,1084.78,
25/08/2026,8,2026,2026-08,F 004-00002254,,,,SALVADOR ZA FISHING S.A.C.,Pesca,Jeancarlos Castillo,VENTAS-FABRICACION,USD,3.356,1390.0,1390.0,0.0,0.0,4664.84,414.18,
25/08/2026,8,2026,2026-08,F 004-00002256,026-0012089,OPP-0000000122,RM-24672 | RM-24673 | RM-24671,CONSORCIO FRAP S.A.C.,Agroindustria y Alimentos,Manuel Alvarez,VENTAS-MANTENIMIENTO,USD,3.356,15253.6,2033.48,13220.12,0.8667,51191.08,6824.36,
25/08/2026,8,2026,2026-08,F 004-00002257,026-0011831,OPP-0000000206,RM-24564,RESEMIN S.A.,Metalmecánica / Siderurgia,Rintusac,VENTAS-MANTENIMIENTO,USD,3.356,795.0,1433.5,-638.5,-0.8031,2668.02,4810.82,
25/08/2026,8,2026,2026-08,F 004-00002258,026-0011984,,RM-24519,RESEMIN S.A.,Metalmecánica / Siderurgia,Rintusac,VENTAS-MANTENIMIENTO,USD,3.356,775.0,1434.53,-659.53,-0.851,2600.9,4814.29,
25/08/2026,8,2026,2026-08,F 004-00002259,026-0012038,,RM-24627,RESEMIN S.A.,Metalmecánica / Siderurgia,Rintusac,VENTAS-MANTENIMIENTO,USD,3.356,764.0,1517.22,-753.22,-0.9859,2563.98,5091.8,
25/08/2026,8,2026,2026-08,F 004-00002260,026-0011777,,RM-24514 | RM-24515,VOLCAN COMPANIA MINERA S.A.A.,Mining,Arnold Hernández,VENTAS-FABRICACION,USD,3.356,14564.0,4127.15,10436.85,0.7166,48876.78,13850.7,
25/08/2026,8,2026,2026-08,F 004-00002261,026-0012103,OPP-0000000221,,VOLCAN COMPANIA MINERA S.A.A.,Mining,Arnold Hernández,VENTAS-COMERCIALIZACION,USD,3.356,4726.0,2222.38,2503.62,0.5298,15860.46,662.21,
25/08/2026,8,2026,2026-08,F 004-00002262,026-0012023,OPP-0000000153,RM-24625,PAN AMERICAN SILVER HUARON S.A.,Mining,Arnold Hernández,VENTAS-MANTENIMIENTO,USD,3.356,4851.0,1621.82,3229.18,0.6657,16279.96,5442.84,
25/08/2026,8,2026,2026-08,F 004-00002263,026-0012133,OPP-0000000258,,GRUPO ASEGA S.A.C.,Servicios / Otros,Arnold Hernández,VENTAS-COMERCIALIZACION,USD,3.356,1300.0,618.49,681.51,0.5242,4362.8,184.29,
25/08/2026,8,2026,2026-08,F 004-00002264,026-0011936,OPP-0000000109,RM-24597,PERUPLAST S A,Petroquímica / Química,Mercedes Quispe,VENTAS-FABRICACION,USD,3.356,3990.0,487.35,3502.65,0.8779,13390.44,1635.56,
25/08/2026,8,2026,2026-08,F 004-00002266,,,,PERUPLAST S A,Petroquímica / Química,Mercedes Quispe,VENTAS-MANTENIMIENTO,USD,3.356,5090.0,5090.0,0.0,0.0,17082.04,1516.69,
26/08/2026,8,2026,2026-08,F 004-00002267,026-0012136,OPP-0000000259,,MAQUIRENA S.A.C.,Cemento y Materiales de Construcción,Manuel Alvarez,VENTAS-COMERCIALIZACION,USD,3.35,1800.0,877.06,922.94,0.5127,6030.0,261.81,
27/08/2026,8,2026,2026-08,F 004-00002269,026-0012127,OPP-0000000242,RM-24677,OPERACIONES MINERAS SAN PEDRO SOCIEDAD ANONIMA CERRADA,Mining,Arnold Hernández,VENTAS-MANTENIMIENTO,USD,3.35,790.0,53.91,736.09,0.9318,2646.5,180.6,
28/08/2026,8,2026,2026-08,F 004-00002270,026-0012149,OPP-0000000272,,VPTM IQUITOS S.A.C.,Servicios / Otros,Jeancarlos Castillo,VENTAS-MANTENIMIENTO,USD,3.348,5664.0,0.0,5664.0,1.0,18963.07,0.0,
28/08/2026,8,2026,2026-08,F 004-00002271,026-0012148,OPP-0000000271,,XIAN BUSINESS CORPORATION S.A.C.,Servicios / Otros,Jeancarlos Castillo,VENTAS-COMERCIALIZACION,USD,3.348,540.0,203.67,336.33,0.6228,1807.92,60.83,
28/08/2026,8,2026,2026-08,F 004-00002272,026-0012036,OPP-0000000366,,INDUSTRIAL EXCHANGER TUBILLAS S.A.C.,Manufacturing,Rintusac,VENTAS-MANTENIMIENTO,USD,3.348,4.05,3.72,0.33,0.0815,13.56,1.11,
31/08/2026,8,2026,2026-08,F 004-00002273,026-0012171,OPP-0000000297,,RADIADORES INDUSTRIAL MBA SOCIEDAD ANONIMA CERRADA-RIMBASAC,Servicios / Otros,Rintusac,VENTAS-COMERCIALIZACION,USD,3.356,400.0,50.38,349.62,0.874,1342.4,15.01,
31/08/2026,8,2026,2026-08,F 004-00002274,026-0012141,OPP-0000000265,,TECNOMECANICA SERVICIOS HIDRAULICOS SOCIEDAD ANONIMA CERRADA,Servicios / Otros,Jeancarlos Castillo,VENTAS-COMERCIALIZACION,USD,3.356,4900.0,1706.17,3193.83,0.6518,16444.4,508.39,
31/08/2026,8,2026,2026-08,F 004-00002275,026-0011970,OPP-0000000004,RM-24611,ZANINGROUP MINING AND CONSTRUCTION S.A.C.-ZANINGROUP S.A.C.,Mining,Jeancarlos Castillo,VENTAS-MANTENIMIENTO,USD,3.356,1390.0,826.62,563.38,0.4053,4664.84,2774.15,
31/08/2026,8,2026,2026-08,F 004-00002276,026-0012097,OPP-0000000217,,TP INTERCAMBIADORES S.A.C.,Metalmecánica / Siderurgia,Rintusac,VENTAS-COMERCIALIZACION,USD,3.356,2500.0,1282.15,1217.85,0.4871,8390.0,382.05,
10/08/2026,8,2026,2026-08,F CF0-00000069,026-0011424,,,STRACON PERÚ S.A.,Mining,Arnold Hernández,VENTAS-FABRICACION,USD,3.391,-6410.0,-10516.27,4106.27,-0.6406,-21736.31,-3101.23,
15/08/2026,8,2026,2026-08,F CF0-00000070,026-0011692,,,OYOLA ALFARO RONAL RODY,Servicios / Otros,Jeancarlos Castillo,VENTAS-FABRICACION,USD,3.368,-3563.2,5636.34,-9199.54,2.5818,-12000.86,1673.5,
31/08/2026,8,2026,2026-08,F CF0-00000071,026-0012149,OPP-0000000272,,VPTM IQUITOS S.A.C.,Servicios / Otros,Jeancarlos Castillo,VENTAS-MANTENIMIENTO,USD,3.356,-5664.0,-11328.0,5664.0,-1.0,-19008.38,-3375.45,
01/09/2026,9,2026,2026-09,E001-106,026-0012187,OPP-0000000310,,RADIADORES ARNAO INDUSTRIAL S.A.C,Servicios / Otros,Rintusac,VENTAS-MANTENIMIENTO,USD,0.0,-560.0,-560.0,0.0,-0.0,0.0,0.0,
03/09/2026,9,2026,2026-09,E001-1245,026-0012169,OPP-0000000295,,MICHELL Y CIA S.A.,Textil,Manuel Alvarez,VENTAS-MANTENIMIENTO,USD,3.36,8184.0,8184.0,0.0,0.0,27498.24,2435.71,
04/09/2026,9,2026,2026-09,E001-1246,026-0012022,OPP-0000000070,,TP INTERCAMBIADORES S.A.C.,Metalmecánica / Siderurgia,Rintusac,VENTAS-MANTENIMIENTO,USD,3.365,5065.97,5065.97,0.0,0.0,17046.99,1505.49,
01/09/2026,9,2026,2026-09,F 004-00002277,026-0012187,OPP-0000000310,,RADIADORES ARNAO INDUSTRIAL S.A.C,Servicios / Otros,Rintusac,VENTAS-COMERCIALIZACION,USD,0.0,560.0,180.88,379.12,0.677,0.0,0.0,
01/09/2026,9,2026,2026-09,F 004-00002278,026-0012149,OPP-0000000272,,VPTM IQUITOS S.A.C.,Servicios / Otros,Jeancarlos Castillo,VENTAS-MANTENIMIENTO,USD,0.0,5664.0,0.0,5664.0,1.0,0.0,0.0,
02/09/2026,9,2026,2026-09,F 004-00002279,026-0012105,OPP-0000000148,RM-24659,GESTION MINERA INTEGRAL S.A.C.,Construcción / EPC / Contratistas,Mercedes Quispe,VENTAS-MANTENIMIENTO,USD,3.368,680.0,25.64,654.36,0.9623,2290.24,86.35,
02/09/2026,9,2026,2026-09,F 004-00002280,026-0012094,OPP-0000000148,RM-24658,GESTION MINERA INTEGRAL S.A.C.,Construcción / EPC / Contratistas,Mercedes Quispe,VENTAS-MANTENIMIENTO,USD,3.368,550.0,31.13,518.87,0.9434,1852.4,104.84,
02/09/2026,9,2026,2026-09,F 004-00002281,026-0012018,OPP-0000000068,RM-24624,GESTION MINERA INTEGRAL S.A.C.,Construcción / EPC / Contratistas,Mercedes Quispe,VENTAS-FABRICACION,USD,3.368,8940.0,2577.42,6362.58,0.7117,30109.92,8680.75,
02/09/2026,9,2026,2026-09,F 004-00002282,026-0012076,OPP-0000000112,RM-24686,NEXA RESOURCES CAJAMARQUILLA S.A.,Mining,Mercedes Quispe,VENTAS-MANTENIMIENTO,USD,3.368,5650.0,403.97,5246.03,0.9285,19029.2,1360.57,
02/09/2026,9,2026,2026-09,F 004-00002283,026-0012056,OPP-0000000057,,DRILLING CORP S.A.C.,Mining,Mercedes Quispe,VENTAS-COMERCIALIZACION,USD,3.368,2464.0,1282.15,1181.85,0.4796,8298.75,380.69,
03/09/2026,9,2026,2026-09,F 004-00002284,026-0011675,OPP-0000000322,,MAQPOWER S.A.C.,Metalmecánica / Siderurgia,Jeancarlos Castillo,VENTAS-COMERCIALIZACION,USD,3.36,820.0,270.24,549.76,0.6704,2755.2,80.43,
03/09/2026,9,2026,2026-09,F 004-00002285,026-0012161,OPP-0000000288,,OVERPRIME MANUFACTURING S.A.C.,Metalmecánica / Siderurgia,Mercedes Quispe,VENTAS-COMERCIALIZACION,USD,3.36,2250.0,821.02,1428.98,0.6351,7560.0,244.35,
03/09/2026,9,2026,2026-09,F 004-00002286,026-0012142,OPP-0000000266,,ROBOCON SERVICIOS S.A.C.,Servicios / Otros,Jeancarlos Castillo,VENTAS-COMERCIALIZACION,USD,3.36,8600.0,4331.59,4268.41,0.4963,28896.0,1289.16,
04/09/2026,9,2026,2026-09,F 004-00002287,026-0012158,OPP-0000000287,RM-24693,L & G INTERNATIONAL PARTS S.A.C.,Automotriz / Transporte,Rintusac,VENTAS-FABRICACION,USD,3.365,662.71,155.62,507.09,0.7652,2230.02,523.66,
04/09/2026,9,2026,2026-09,F 004-00002288,026-0012199,OPP-0000000321,,JRC INGENIERÍA Y CONSTRUCCIÓN S.A.C.,Construcción / EPC / Contratistas,Arnold Hernández,VENTAS-COMERCIALIZACION,USD,3.365,3723.0,1752.92,1970.08,0.5292,12527.9,520.93,
04/09/2026,9,2026,2026-09,F 004-00002289,026-0012145,OPP-0000000269,,JRC INGENIERÍA Y CONSTRUCCIÓN S.A.C.,Construcción / EPC / Contratistas,Arnold Hernández,VENTAS-COMERCIALIZACION,USD,3.365,1850.0,0.0,1850.0,1.0,6225.25,0.0,
04/09/2026,9,2026,2026-09,F 004-00002290,026-0012060,OPP-0000000090,RM-24681,JRC INGENIERÍA Y CONSTRUCCIÓN S.A.C.,Construcción / EPC / Contratistas,Arnold Hernández,VENTAS-COMERCIALIZACION,USD,3.365,2980.0,538.7,2441.3,0.8192,10027.7,1812.74,
05/09/2026,9,2026,2026-09,F 004-00002291,026-0012125,OPP-0000000249,RM-24678,LA LLAVE S.A.,Servicios / Otros,Jeancarlos Castillo,VENTAS-MANTENIMIENTO,USD,3.369,1790.0,150.57,1639.43,0.9159,6030.51,507.27,
05/09/2026,9,2026,2026-09,F 004-00002292,026-0012132,OPP-0000000255,RM-24685,ADMINISTRACION DE EMPRESAS S.A.C.,IT/Communication,Arnold Hernández,VENTAS-FABRICACION,USD,3.369,6390.0,1397.69,4992.31,0.7813,21527.91,4708.82,
05/09/2026,9,2026,2026-09,F 004-00002293,026-0012183,OPP-0000000306,,HYDROMINING GROUP S.A.C.,Mining,Arnold Hernández,VENTAS-COMERCIALIZACION,USD,3.369,3142.55,1484.73,1657.82,0.5275,10587.25,440.7,
07/09/2026,9,2026,2026-09,F 004-00002294,026-0012228,OPP-0000000359,,ARNAO SERVICES S.A.C,Metalmecánica / Siderurgia,Rintusac,VENTAS-COMERCIALIZACION,USD,3.369,1000.0,125.48,874.52,0.8745,3369.0,37.25,
07/09/2026,9,2026,2026-09,F 004-00002295,026-0012190,OPP-0000000313,RM-24701,L & G INTERNATIONAL PARTS S.A.C.,Automotriz / Transporte,Rintusac,VENTAS-COMERCIALIZACION,USD,3.369,662.84,135.89,526.95,0.795,2233.11,457.8,
08/09/2026,9,2026,2026-09,F 004-00002296,026-0011839,OPP-0000000362,,RESEMIN S.A.,Metalmecánica / Siderurgia,Rintusac,VENTAS-FABRICACION,USD,3.372,8560.0,5133.16,3426.84,0.4003,28864.32,1522.29,
08/09/2026,9,2026,2026-09,F 004-00002297,026-0012235,OPP-0000000375,,L & M REPUESTOS Y SUMINISTROS S.A.C.,Servicios / Otros,Arnold Hernández,VENTAS-COMERCIALIZACION,USD,3.372,1598.0,967.07,630.93,0.3948,5388.46,286.79,
08/09/2026,9,2026,2026-09,F 004-00002298,026-0012180,OPP-0000000304,,FRESOMAC  S.A.C.,Metalmecánica / Siderurgia,Arnold Hernández,VENTAS-COMERCIALIZACION,USD,3.372,1232.0,641.65,590.35,0.4792,4154.3,190.29,
09/09/2026,9,2026,2026-09,F 004-00002299,026-0012070,OPP-0000000098,RM-24652,KOMATSU-MITSUI MAQUINARIAS PERU S.A.,Servicios / Otros,Jeancarlos Castillo,VENTAS-MANTENIMIENTO,USD,3.36,1840.0,186.5,1653.5,0.8986,6182.4,626.64,
09/09/2026,9,2026,2026-09,F 004-00002300,026-0012215,OPP-0000000340,,GEOTECH DRILLING PRODUCTS S.A.C.,Servicios / Otros,Mercedes Quispe,VENTAS-COMERCIALIZACION,USD,3.36,460.0,251.61,208.39,0.453,1545.6,74.88,
09/09/2026,9,2026,2026-09,F 004-00002301,026-0012198,OPP-0000000320,,RESEMIN S.A.,Metalmecánica / Siderurgia,Rintusac,VENTAS-COMERCIALIZACION,USD,3.36,450.0,202.58,247.42,0.5498,1512.0,60.29,
09/09/2026,9,2026,2026-09,F 004-00002302,026-0012234,OPP-0000000374,,RESEMIN S.A.,Metalmecánica / Siderurgia,Rintusac,VENTAS-COMERCIALIZACION,USD,3.36,450.0,202.52,247.48,0.55,1512.0,60.27,
10/09/2026,9,2026,2026-09,F 004-00002303,026-0012205,OPP-0000000329,,ROBOCON SERVICIOS S.A.C.,Servicios / Otros,Jeancarlos Castillo,VENTAS-COMERCIALIZACION,USD,3.362,980.0,340.22,639.78,0.6528,3294.76,101.2,
11/09/2026,9,2026,2026-09,F 004-00002304,026-0011993,OPP-0000000028,RM-24614,FAMAX SEAL PERU S.A.C,Servicios / Otros,Manuel Alvarez,VENTAS-MANTENIMIENTO,USD,3.373,954.0,551.19,402.81,0.4222,3217.84,1859.15,
11/09/2026,9,2026,2026-09,F 004-00002305,026-0012186,OPP-0000000309,,VOLCAN COMPANIA MINERA S.A.A.,Mining,Arnold Hernández,VENTAS-COMERCIALIZACION,USD,3.373,2363.0,1115.82,1247.18,0.5278,7970.4,330.81,
11/09/2026,9,2026,2026-09,F 004-00002306,026-0011972,OPP-0000000008,,COMPAÑIA MINERA CHUNGAR S.A.C.,Mining,Arnold Hernández,VENTAS-COMERCIALIZACION,USD,3.373,9723.5,111.57,9611.93,0.9885,32797.37,33.08,
12/09/2026,9,2026,2026-09,F 004-00002307,026-0011964,OPP-0000000089,,CATALINA HUANCA SOCIEDAD MINERA S.A.C.,Mining,Mercedes Quispe,VENTAS-COMERCIALIZACION,USD,3.371,6370.0,1978.83,4391.17,0.6894,21473.27,587.02,
12/09/2026,9,2026,2026-09,F 004-00002308,026-0012213,OPP-0000000337,,TP INTERCAMBIADORES S.A.C.,Metalmecánica / Siderurgia,Rintusac,VENTAS-COMERCIALIZACION,USD,3.371,1244.5,610.84,633.66,0.5092,4195.21,181.2,
12/09/2026,9,2026,2026-09,F 004-00002309,026-0012251,OPP-0000000389,,JRC INGENIERÍA Y CONSTRUCCIÓN S.A.C.,Construcción / EPC / Contratistas,Arnold Hernández,VENTAS-COMERCIALIZACION,USD,3.371,1360.0,642.22,717.78,0.5278,4584.56,190.51,
12/09/2026,9,2026,2026-09,F 004-00002310,026-0012255,OPP-0000000393,RM-24723,JRC INGENIERÍA Y CONSTRUCCIÓN S.A.C.,Construcción / EPC / Contratistas,Arnold Hernández,VENTAS-COMERCIALIZACION,USD,3.371,2980.0,1001.17,1978.83,0.664,10045.58,3374.96,
14/09/2026,9,2026,2026-09,F 004-00002311,026-0012015,OPP-0000000065,,INDUSTRIA ESPECIALIZADA Y REPRESENTACIONES SOCIEDAD ANONIMA CERRADA,Servicios / Otros,Jeancarlos Castillo,VENTAS-COMERCIALIZACION,USD,3.371,3720.0,1846.64,1873.36,0.5036,12540.12,547.8,
