Cotizacion,Cod_Oportunidad,Fecha,Periodo,Vendedor,Cliente,Producto,Codigo,Marca,Cantidad,Precio_Unit,Monto_Sin_IGV
025-0010875,OPP-0000000159,2026-01-27,2026-01,Manuel Alvarez,SHOUGANG HIERRO PERU S.A.A.,ENFRIADOR HIDRAULICO BAP COMPLETO CMS1/O/24V/002 66337005,40600503,Heatex,2.0,1150.0,2300.0
026-0011388,OPP-0000000257,2026-03-30,2026-03,Arnold Hernández,PAN AMERICAN SILVER HUARON S.A.,SERVICIO REPARACION,92000001,,1.0,20690.0,20690.0
026-0011404,OPP-0000000175,2026-03-31,2026-03,Mercedes Quispe,BOSCH REXROTH S.A.C.,SERVICIO MANTENIMIENTO,91000001,,1.0,2110.0,2110.0
026-0011782,OPP-0000000216,2026-06-12,2026-06,Mercedes Quispe,MINSUR S. A.,OILCOOLER 16233721700 P / . COMPRESOR ATLAS COPCO GA315,40600277,Heatex,1.0,6805.0,5784.25
026-0011824,OPP-0000000179,2026-06-19,2026-06,Mercedes Quispe,"DISEÑO, INGENIERIA Y FABRICACION ESPECIALIZADA DE EQUIPOS Y MAQUINARIAS MINEROS S.A.C.- DIFESMAQ SAC",OTROS SERVICIOS,,,1.0,1990.0,1990.0
026-0011836,OPP-0000000212,2026-06-23,2026-06,Mercedes Quispe,MC CONTRATISTAS MINEROS S.A.C.,SERVICIO REPARACION,92000001,,1.0,8908.5,8908.5
026-0011894,OPP-0000000185,2026-07-01,2026-07,Mercedes Quispe,"DISEÑO, INGENIERIA Y FABRICACION ESPECIALIZADA DE EQUIPOS Y MAQUINARIAS MINEROS S.A.C.- DIFESMAQ SAC",SERVICIO REPARACION,92000001,,1.0,9865.0,9865.0
026-0011907,OPP-0000000183,2026-07-03,2026-07,Mercedes Quispe,GESTION MINERA INTEGRAL S.A.C.,SERVICIO REPARACION,92000001,,1.0,4950.0,4950.0
026-0011911,OPP-0000000165,2026-07-03,2026-07,Manuel Alvarez,OPP FILM S.A.,SERVICIO MANTENIMIENTO,91000001,,1.0,20500.0,20500.0
026-0011911,OPP-0000000165,2026-07-03,2026-07,Manuel Alvarez,OPP FILM S.A.,SERVICIO MANTENIMIENTO,91000001,,1.0,2950.0,2950.0
026-0011922,OPP-0000000169,2026-07-07,2026-07,Manuel Alvarez,ALIMENTOS CIELO SOCIEDAD ANONIMA CERRADA - ALI CI S.A.C.,JUNTA PLACA M10B-NBRB-C / RIB GASKET GPHE / 3900175607,40100091,Alfa Laval,75.0,32.8,2460.0
026-0011924,OPP-0000000187,2026-07-07,2026-07,Mercedes Quispe,MC CONTRATISTAS MINEROS S.A.C.,BASE DE SOPORTE P/MONTAJE RADIADOR P/CAT 7N-7988,20100164,RINTUSAC,2.0,93.5,187.0
026-0011924,OPP-0000000187,2026-07-07,2026-07,Mercedes Quispe,MC CONTRATISTAS MINEROS S.A.C.,SERVICIO MANTENIMIENTO,91000001,,1.0,320.0,320.0
026-0011924,OPP-0000000187,2026-07-07,2026-07,Mercedes Quispe,MC CONTRATISTAS MINEROS S.A.C.,SERVICIO REPARACION,92000001,,1.0,3990.0,3990.0
026-0011924,OPP-0000000187,2026-07-07,2026-07,Mercedes Quispe,MC CONTRATISTAS MINEROS S.A.C.,SERVICIO REPARACION,92000001,,1.0,3498.0,3498.0
026-0011930,OPP-0000000214,2026-07-08,2026-07,Mercedes Quispe,MC CONTRATISTAS MINEROS S.A.C.,SERVICIO REPARACION,92000001,,1.0,5950.0,5950.0
026-0011934,OPP-0000000189,2026-07-08,2026-07,Mercedes Quispe,GESTION MINERA INTEGRAL S.A.C.,SERVICIO MANTENIMIENTO,91000001,,1.0,420.0,420.0
026-0011948,OPP-0000000193,2026-07-11,2026-07,Mercedes Quispe,"DISEÑO, INGENIERIA Y FABRICACION ESPECIALIZADA DE EQUIPOS Y MAQUINARIAS MINEROS S.A.C.- DIFESMAQ SAC",OTROS SERVICIOS,,,1.0,2190.0,2190.0
026-0011967,OPP-0000000195,2026-07-14,2026-07,Mercedes Quispe,"DISEÑO, INGENIERIA Y FABRICACION ESPECIALIZADA DE EQUIPOS Y MAQUINARIAS MINEROS S.A.C.- DIFESMAQ SAC",SERVICIO REPARACION,92000001,,1.0,12650.0,12650.0
026-0011971,OPP-0000000171,2026-07-15,2026-07,Manuel Alvarez,OPP FILM S.A.,SERVICIO MANTENIMIENTO,91000001,,1.0,22780.0,22780.0
026-0011971,OPP-0000000171,2026-07-15,2026-07,Manuel Alvarez,OPP FILM S.A.,SERVICIO MANTENIMIENTO,91000001,,1.0,2950.0,2950.0
026-0011974,OPP-0000000011,2026-07-15,2026-07,Arnold Hernández,RECOLSA S A,SERVICIO MANTENIMIENTO,91000001,,1.0,1250.0,1187.5
026-0011974,OPP-0000000011,2026-07-15,2026-07,Arnold Hernández,RECOLSA S A,SERVICIO REPARACION,92000001,,1.0,8850.0,8407.5
026-0011988,OPP-0000000009,2026-07-16,2026-07,Manuel Alvarez,ALIMENTOS CIELO SOCIEDAD ANONIMA CERRADA - ALI CI S.A.C.,SERVICIO MANTENIMIENTO,91000001,,1.0,5400.0,5238.0
026-0011992,OPP-0000000031,2026-07-17,2026-07,Arnold Hernández,VOLCAN COMPANIA MINERA S.A.A.,SERVICIO REPARACION,92000001,,1.0,10670.0,9389.6
026-0011994,OPP-0000000037,2026-07-17,2026-07,Arnold Hernández,EMPRESA ADMINISTRADORA CERRO S.A.C.,ENFRIADOR DE ACEITE HTX0467 1.5HP AC C/ ESTRUC. INCL. CON. ,40600556,Heatex,1.0,3980.0,3980.0
026-0011996,OPP-0000000018,2026-07-20,2026-07,Manuel Alvarez,GRUPO DELCAR S.A.C.,SERVICIO MANTENIMIENTO,91000001,,1.0,5020.0,5020.0
026-0012011,OPP-0000000058,2026-07-22,2026-07,Arnold Hernández,ADMINISTRACION DE EMPRESAS S.A.C.,SERVICIO MANTENIMIENTO,91000001,,1.0,2350.0,2350.0
026-0012057,OPP-0000000087,2026-08-04,2026-08,Mercedes Quispe,CORPORACION CHINCHAY S.A.C.,ENFRIADOR OIL HIDR. BOWMAN FG120 1427-3TC (3P) COBRE,40200015,Bowman,1.0,1232.0,1232.0
026-0012061,OPP-0000000093,2026-08-05,2026-08,Manuel Alvarez,FAVASERVIPERU E.I.R.L.,JUNTA PLACA M10M-NBRB-C / PEAK GASKET GPHE / 3900176907,40100094,Alfa Laval,71.0,42.23,2778.25
026-0012061,OPP-0000000093,2026-08-05,2026-08,Manuel Alvarez,FAVASERVIPERU E.I.R.L.,JUNTA PLACA M10M-NBRP-C / PEAK GASKET II GPHE / 390084017406,40100258,Alfa Laval,3.0,74.2,204.79
026-0012061,OPP-0000000093,2026-08-05,2026-08,Manuel Alvarez,FAVASERVIPERU E.I.R.L.,PLACA M10M1-316-0.5-4H MET.COMPLETE PLATE GPHE / 3672174003,40100097,Alfa Laval,68.0,149.12,8619.14
026-0012061,OPP-0000000093,2026-08-05,2026-08,Manuel Alvarez,FAVASERVIPERU E.I.R.L.,PLACA M10M2-316-0.6-0H MET.COMPLETE PLATE GPHE / 3673170076,40100092,Alfa Laval,3.0,163.2,447.98
026-0012061,OPP-0000000093,2026-08-05,2026-08,Manuel Alvarez,FAVASERVIPERU E.I.R.L.,PLACA M10M2-316-0.6-4H MET.COMPLETE PLATE GPHE / 3673170003,40100264,Alfa Laval,3.0,163.5,416.93
026-0012062,OPP-0000000091,2026-08-05,2026-08,Mercedes Quispe,"SOUTHERN PERU COPPER CORPORATION, SUCURSAL DEL PERÚ",JUNTA PLACA M15B-NBRP-C / PEAK GASKET GPHE / 3233018196,40100228,Alfa Laval,100.0,69.8,6980.0
026-0012071,OPP-0000000101,2026-08-07,2026-08,Arnold Hernández,RESEMIN S.A.,SERVICIO MANTENIMIENTO,91000001,,1.0,220.0,187.0
026-0012071,OPP-0000000101,2026-08-07,2026-08,Arnold Hernández,RESEMIN S.A.,SERVICIO REPARACION,92000001,,1.0,620.0,620.0
026-0012071,OPP-0000000101,2026-08-07,2026-08,Arnold Hernández,RESEMIN S.A.,SERVICIO REPARACION,92000001,,1.0,760.0,760.0
026-0012083,OPP-0000000131,2026-08-12,2026-08,Manuel Alvarez,SHOUGANG HIERRO PERU S.A.A.,ENFRIADOR COMPLETO BAP HEATEX HTX-725-2-3 M/AC P/*040903010,40600443,Heatex,2.0,2690.0,5380.0
026-0012084,OPP-0000000124,2026-08-12,2026-08,Mercedes Quispe,BOART LONGYEAR SAC,ENFRIADOR DE ACEITE COMPLETO P/ JUMBO EPIROC S1D 3217751236 (copiar),40600399,Heatex,2.0,4540.0,7718.0
026-0012085,OPP-0000000126,2026-08-12,2026-08,Mercedes Quispe,COMPAÑIA MINERA COIMOLACHE S.A.,OTROS SERVICIOS,,,1.0,178.25,178.25
026-0012085,OPP-0000000126,2026-08-12,2026-08,Mercedes Quispe,COMPAÑIA MINERA COIMOLACHE S.A.,OTROS SERVICIOS,,,172.0,144.7,24888.4
026-0012085,OPP-0000000126,2026-08-12,2026-08,Mercedes Quispe,COMPAÑIA MINERA COIMOLACHE S.A.,OTROS SERVICIOS,,,2.0,158.9,317.8
026-0012085,OPP-0000000126,2026-08-12,2026-08,Mercedes Quispe,COMPAÑIA MINERA COIMOLACHE S.A.,OTROS SERVICIOS,,,1.0,158.9,158.9
026-0012085,OPP-0000000126,2026-08-12,2026-08,Mercedes Quispe,COMPAÑIA MINERA COIMOLACHE S.A.,OTROS SERVICIOS,,,1.0,226.48,226.48
026-0012098,OPP-0000000218,2026-08-17,2026-08,Manuel Alvarez,RADIADORES AREQUIPA S.A.C,SELLO DESMONT. C / CANAL HEATEX 721201B V2,40600476,Heatex,325.0,1.85,541.13
026-0012120,,2026-08-19,2026-08,Mario Li,INDUSTRIAL EXCHANGER TUBILLAS S.A.C.,JUNTA ANULAR M10BW-NBRP-C / PEAK RING GASKET GPHE / 3233016196,40100617,Alfa Laval,40.0,28.7,1148.0
026-0012123,OPP-0000000238,2026-08-25,2026-08,Jeancarlos Castillo,RESEMIN S.A.,ENFRIADOR DE ACEITE HIDR. HTXDC-011P-02-N-BW 24V DC (copiar),40600390,Heatex,10.0,450.0,4500.0
026-0012123,OPP-0000000238,2026-08-25,2026-08,Jeancarlos Castillo,RESEMIN S.A.,ENFRIADOR DE ACEITE HIDRAULICO PARKER 016 (A539016) (copiar),40600330,Heatex,11.0,1998.0,21978.0
026-0012123,OPP-0000000238,2026-08-25,2026-08,Jeancarlos Castillo,RESEMIN S.A.,ENFRIADOR OIL HIDR. BOWMAN FG120 1427-3TC (3P) COBRE,40200015,Bowman,20.0,1070.0,21400.0
026-0012123,OPP-0000000238,2026-08-25,2026-08,Jeancarlos Castillo,RESEMIN S.A.,ENFRIADOR OIL HIDR. BOWMAN GL240 1428-4TC (3P) COBRE,40200034,Bowman,7.0,2060.0,14420.0
026-0012124,OPP-0000000237,2026-08-21,2026-08,Manuel Alvarez,INNOVA CHILLTEC S.A.C.,SERVICIO MANTENIMIENTO,91000001,,1.0,750.0,750.0
026-0012126,OPP-0000000241,2026-08-21,2026-08,Manuel Alvarez,OPP FILM S.A.,SERVICIO MANTENIMIENTO,91000001,,15.0,425.0,6247.5
026-0012126,OPP-0000000241,2026-08-21,2026-08,Manuel Alvarez,OPP FILM S.A.,SERVICIO MANTENIMIENTO,91000001,,15.0,425.0,6247.5
026-0012131,OPP-0000000251,2026-08-21,2026-08,Jeancarlos Castillo,CORPORACION MACMINING E.I.R.L.,ENFRIADOR OIL HIDR. BOWMAN FG120 1427-3TC (3P) COBRE,40200015,Bowman,2.0,1260.0,2520.0
026-0012137,OPP-0000000259,2026-08-24,2026-08,Manuel Alvarez,MAQUIRENA S.A.C.,RADIADOR COMPLETO ACEITE/AGUA/ACEITE PAUS PSCALE 8T,40600545,Heatex,1.0,4995.0,4995.0
026-0012138,OPP-0000000262,2026-08-25,2026-08,Mercedes Quispe,OVERPRIME MANUFACTURING S.A.C.,ENFRIADOR OIL HIDR. BOWMAN GL180 1428-3 (3P) 90 / 10,40200026,Bowman,2.0,2080.0,4160.0
026-0012146,OPP-0000000270,2026-08-26,2026-08,Jeancarlos Castillo,KOMATSU-MITSUI MAQUINARIAS PERU S.A.,SERVICIO REPARACION,92000001,,1.0,5800.0,5800.0
026-0012147,OPP-0000000273,2026-08-26,2026-08,Jeancarlos Castillo,KOMATSU-MITSUI MAQUINARIAS PERU S.A.,KIT DE ENFRIAMIENTO SIST. HID. P/. LHD KOMATSU WX07,20100157,RINTUSAC,1.0,2190.0,2124.3
026-0012152,OPP-0000000281,2026-08-27,2026-08,Arnold Hernández,VOLCAN COMPANIA MINERA S.A.A.,SERVICIO REPARACION,92000001,,1.0,7010.0,6309.0
026-0012159,OPP-0000000280,2026-08-28,2026-08,Manuel Alvarez,INDUSTRIA DE FORTIFICACION MINERA S.A.C.,SERVICIO MANTENIMIENTO,91000001,,1.0,150.0,150.0
026-0012164,OPP-0000000108,2026-08-28,2026-08,Mario Li,INKA TUBOS S.A.,INTERCAMBIADOR DE PLACAS GPHE T10-BFM 100PL-TI-0.50-NBRP 30125-43745 (copiar),40100686,Alfa Laval,1.0,11617.37,11617.37
026-0012165,OPP-0000000291,2026-08-28,2026-08,Mercedes Quispe,Imbarex S.A.,SERVICIO MANTENIMIENTO,91000001,,1.0,950.0,950.0
026-0012166,OPP-0000000280,2026-08-28,2026-08,Manuel Alvarez,INDUSTRIA DE FORTIFICACION MINERA S.A.C.,ENFRIADOR DE ACEITE HIDR. HTXDC-011P-02-N-BW 24V DC (copiar),40600390,Heatex,1.0,540.0,540.0
026-0012167,OPP-0000000293,2026-08-28,2026-08,Arnold Hernández,ADMINISTRACION DE EMPRESAS S.A.C.,COMBICOOLER 845483 P/. DESATADOR PAUS PSCALE 8T (copiar),40600414,Heatex,1.0,3888.0,3888.0
026-0012170,OPP-0000000296,2026-08-31,2026-08,Jeancarlos Castillo,FRITERM PERU S.A.C.,INTERCAMBIADOR SOLDADO ACH-502DQ-142AH-F BPHE / 3075140882,40100799,Alfa Laval,1.0,15600.0,15600.0
026-0012172,OPP-0000000298,2026-08-31,2026-08,Mario Li,LA. BRIN INDUSTRIAL S.A.C.,INTERCAMBIADOR SOLDADO ACH-220EQ-90L-F BPHE / 3075060656,40100280,Alfa Laval,1.0,14032.84,14032.84
026-0012172,OPP-0000000298,2026-08-31,2026-08,Mario Li,LA. BRIN INDUSTRIAL S.A.C.,INTERCAMBIADOR SOLDADO ACH-220EQ-90L-F BPHE / 3075060656,40100280,Alfa Laval,1.0,15753.49,15753.49
026-0012179,OPP-0000000303,2026-08-31,2026-08,Mario Li,"BARRA CCOLQUE JAIR RODOLFO, Jair Rodolfo Barra Ccolque",INTERCAMBIADOR SOLDADO AC-30EQ-60H-F BPHE / 3288101432,40100186,Alfa Laval,1.0,4420.0,4420.0
026-0012182,OPP-0000000279,2026-08-31,2026-08,Manuel Alvarez,INCA RAIL S.A.,SERVICIO MANTENIMIENTO,91000001,,1.0,1890.0,1890.0
026-0012185,OPP-0000000308,2026-09-01,2026-09,Manuel Alvarez,MOTORES DIESEL ANDINOS S.A.- MODASA,SERVICIO MANTENIMIENTO,91000001,,1.0,0,0
026-0012188,OPP-0000000311,2026-09-01,2026-09,Mario Li,TP INTERCAMBIADORES S.A.C.,JUNTA ANULAR TL6B-EPDMP-RIB RING GASKET GPHE / 3900728128,40100583,Alfa Laval,1.0,1784.39,1748.7
026-0012188,OPP-0000000311,2026-09-01,2026-09,Mario Li,TP INTERCAMBIADORES S.A.C.,JUNTA PLACA DR6B-EPDMC / CG / RIB / LP GASKET GPHE / 390084041504,40100380,Alfa Laval,1.0,836.62,819.89
026-0012188,OPP-0000000311,2026-09-01,2026-09,Mario Li,TP INTERCAMBIADORES S.A.C.,JUNTA PLACA DR6B-EPDMC / CG / RIB / LP GASKET GPHE / 390084041504,40100380,Alfa Laval,1.0,871.54,854.11
026-0012188,OPP-0000000311,2026-09-01,2026-09,Mario Li,TP INTERCAMBIADORES S.A.C.,JUNTA PLACA M10B-NBRB-C / RIB GASKET GPHE / 3900175607,40100091,Alfa Laval,1.0,3079.22,3017.64
026-0012188,OPP-0000000311,2026-09-01,2026-09,Mario Li,TP INTERCAMBIADORES S.A.C.,"PK / ARM. T6-B, LT, SS316, 0.5, NBRB GPHE / 8061000760",40100512,Alfa Laval,1.0,4699.41,4605.42
026-0012189,OPP-0000000312,2026-09-01,2026-09,Mario Li,TP INTERCAMBIADORES S.A.C.,INTERCAMBIADOR DE PLACAS GPHE TL6-BFG 50PL-316-0.50-EPDMP EN1092,40100353,Alfa Laval,1.0,7673.83,7520.35
026-0012191,OPP-0000000278,2026-09-01,2026-09,Manuel Alvarez,MASTERCOL S.A.,SERVICIO MANTENIMIENTO,91000001,,1.0,1390.0,1390.0
026-0012193,OPP-0000000315,2026-09-01,2026-09,Jeancarlos Castillo,MARCO PERUANA S A,SERVICIO MANTENIMIENTO,91000001,,2.0,6590.0,13180.0
026-0012193,OPP-0000000315,2026-09-01,2026-09,Jeancarlos Castillo,MARCO PERUANA S A,SERVICIO MANTENIMIENTO,91000001,,2.0,6290.0,12580.0
026-0012196,OPP-0000000318,2026-09-02,2026-09,Manuel Alvarez,BJ CONTRATISTAS MINEROS S.A.C.,RADIADOR DE REFRIGERANTE P / MOTOR TCD 2013 6609B 25.8-13.E,40600041,Heatex,1.0,1190.0,1190.0
026-0012197,OPP-0000000319,2026-09-02,2026-09,Jeancarlos Castillo,TUMI CONTRATISTAS MINEROS S.A.C.,ENFRIADOR OIL HIDR. BOWMAN EC120 1425-3 (3P) 90 / 10,40200110,Bowman,2.0,590.0,1180.0
026-0012197,OPP-0000000319,2026-09-02,2026-09,Jeancarlos Castillo,TUMI CONTRATISTAS MINEROS S.A.C.,ENFRIADOR OIL HIDR. BOWMAN GL240-1428-4 (3P) 90 / 10,40200219,Bowman,2.0,2400.0,4800.0
026-0012201,OPP-0000000324,2026-09-02,2026-09,Jeancarlos Castillo,SISTEMAS CONVENCIONALES S.A.C.,ENFRIADOR OIL HIDR. BOWMAN FG120 1427-3TC (3P) COBRE,40200015,Bowman,2.0,1150.0,2300.0
026-0012202,OPP-0000000326,2026-09-03,2026-09,Arnold Hernández,PAN AMERICAN SILVER HUARON S.A.,SERVICIO REPARACION,92000001,,1.0,4200.0,3780.0
026-0012202,OPP-0000000326,2026-09-03,2026-09,Arnold Hernández,PAN AMERICAN SILVER HUARON S.A.,SERVICIO REPARACION,92000001,,1.0,2400.0,2160.0
026-0012204,OPP-0000000328,2026-09-03,2026-09,Manuel Alvarez,RADIADORES AREQUIPA S.A.C,SERVICIO MANTENIMIENTO,91000001,,500.0,35.0,17500.0
026-0012208,OPP-0000000332,2026-09-03,2026-09,Mercedes Quispe,W. ANGELES SERVICIOS GENERALES S.A.C.,SELLO DESMONT. C / CANAL HEATEX 721201B V2,40600476,Heatex,116.0,1.85,214.6
026-0012208,OPP-0000000332,2026-09-03,2026-09,Mercedes Quispe,W. ANGELES SERVICIOS GENERALES S.A.C.,SELLO DESMONT. S / CANAL HEATEX 721201T V2,40600477,Heatex,116.0,1.85,214.6
026-0012209,OPP-0000000333,2026-09-03,2026-09,Mario Li,TP INTERCAMBIADORES S.A.C.,EK / ARM. REVEST. NBRP / SS EN1092-1 PN16 GPHE / T6FG 8061000770,40100440,Alfa Laval,1.0,146.04,140.2
026-0012209,OPP-0000000333,2026-09-03,2026-09,Mario Li,TP INTERCAMBIADORES S.A.C.,JUNTA PLACA M6-NBRP-C / PEAK GASKET GPHE / 3233014046,40100135,Alfa Laval,43.0,27.44,1132.72
026-0012209,OPP-0000000333,2026-09-03,2026-09,Mario Li,TP INTERCAMBIADORES S.A.C.,JUNTA PLACA M6-NBRP-C GASKET II GPHE / 390084017206,40100205,Alfa Laval,1.0,40.12,38.52
026-0012210,OPP-0000000334,2026-09-03,2026-09,Arnold Hernández,REICAL LTDA,PINZA MECANIZADA MESABI,75100001,RINTUSAC,6.0,270.0,1620.0
026-0012210,OPP-0000000334,2026-09-03,2026-09,Arnold Hernández,REICAL LTDA,TAPA P / RADIADOR N / P 4532-2 (IMPORTACION) 14 PSI,40600001,Heatex,4.0,100.0,400.0
026-0012211,OPP-0000000335,2026-09-04,2026-09,Jeancarlos Castillo,VPTM IQUITOS S.A.C.,SERVICIO MANTENIMIENTO,91000001,,45.0,35.8,1611.0
026-0012214,OPP-0000000338,2026-09-04,2026-09,Jeancarlos Castillo,SISTEMAS CONVENCIONALES S.A.C.,MOTOR HTX0367 1.5HP AC 230-460V IP65 (copiar),40600372,Heatex,1.0,390.0,390.0
026-0012216,OPP-0000000339,2026-09-04,2026-09,Jeancarlos Castillo,GESTION TECNICA MINERA E INDUSTRIAL PERU SOCIEDAD ANONIMA CERRADA - GESTEMIND PERU S.A.C.,ENFRIADOR OIL HIDR. BOWMAN EC120 1425-3TC (2P) COBRE (copiar),40200185,Bowman,1.0,1445.0,1083.75
026-0012216,OPP-0000000339,2026-09-04,2026-09,Jeancarlos Castillo,GESTION TECNICA MINERA E INDUSTRIAL PERU SOCIEDAD ANONIMA CERRADA - GESTEMIND PERU S.A.C.,ORING VITON BOWMAN GL OS63VT,40200142,Bowman,2.0,40.0,60.0
026-0012216,OPP-0000000339,2026-09-04,2026-09,Jeancarlos Castillo,GESTION TECNICA MINERA E INDUSTRIAL PERU SOCIEDAD ANONIMA CERRADA - GESTEMIND PERU S.A.C.,SERVICIO MANTENIMIENTO,91000001,,1.0,300.0,225.0
026-0012219,OPP-0000000342,2026-09-04,2026-09,Arnold Hernández,VOLCAN COMPANIA MINERA S.A.A.,SERVICIO REPARACION,92000001,,1.0,7010.0,6309.0
026-0012223,OPP-0000000346,2026-09-05,2026-09,Mario Li,MANTENIMIENTO E INGENIERIA EN OPERACIONES UNITARIAS S.A.C.,INTERCAMBIADOR SOLDADO AlfaNova 52-50H BPHE / 3287000943,40100193,Alfa Laval,1.0,3250.0,3250.0
026-0012225,OPP-0000000348,2026-09-05,2026-09,Jeancarlos Castillo,ZANINGROUP MINING AND CONSTRUCTION S.A.C.-ZANINGROUP S.A.C.,ENFRIADOR OIL HIDR. BOWMAN GL140 3928-2 (3P) 90 / 10,40200108,Bowman,1.0,2240.0,2240.0
026-0012226,OPP-0000000349,2026-09-07,2026-09,Mercedes Quispe,GESTION MINERA INTEGRAL S.A.C.,SERVICIO MANTENIMIENTO,91000001,,1.0,1520.0,1520.0
026-0012227,OPP-0000000351,2026-09-07,2026-09,Jeancarlos Castillo,MINERA IRL S.A.,JUNTA PLACA DR6P-EPDMC / CG / RIB / LP GASKET GPHE / 390084041304,40100402,Alfa Laval,16.0,41.5,664.0
026-0012227,OPP-0000000351,2026-09-07,2026-09,Jeancarlos Castillo,MINERA IRL S.A.,JUNTA PLACA DR6P-EPDMP / CG GASKET II GPHE / 390084041428,40100403,Alfa Laval,2.0,61.9,123.8
026-0012227,OPP-0000000351,2026-09-07,2026-09,Jeancarlos Castillo,MINERA IRL S.A.,PLACA DR6P1-316-0.5-4H MET.COMPLETE PLATE GPHE / 390300197703,40100426,Alfa Laval,7.0,110.0,770.0
026-0012227,OPP-0000000351,2026-09-07,2026-09,Jeancarlos Castillo,MINERA IRL S.A.,PLACA DR6P1-316-0.6-0H MET.COMPLETE PLATE GPHE / 390300197816,40100405,Alfa Laval,1.0,122.0,122.0
026-0012227,OPP-0000000351,2026-09-07,2026-09,Jeancarlos Castillo,MINERA IRL S.A.,PLACA DR6P1-316-0.6-4H MET.COMPLETE PLATE GPHE / 390300197803,40100404,Alfa Laval,1.0,122.0,122.0
026-0012227,OPP-0000000351,2026-09-07,2026-09,Jeancarlos Castillo,MINERA IRL S.A.,PLACA DR6P2-316-0.5-4H MET.COMPLETE PLATE GPHE / 390300199303,40100409,Alfa Laval,8.0,110.0,880.0
026-0012229,OPP-0000000360,2026-09-07,2026-09,Mario Li,TP INTERCAMBIADORES S.A.C.,INTERCAMBIADOR DE PLACAS GPHE M10-MFG 30PL-316-0.50-NBRP EN1092,40100215,Alfa Laval,1.0,14879.71,14582.12
026-0012231,OPP-0000000372,2026-09-07,2026-09,Arnold Hernández,COMPAÑIA MINERA CHUNGAR S.A.C.,SERVICIO REPARACION,92000001,,1.0,2590.0,2331.0
026-0012232,OPP-0000000373,2026-09-07,2026-09,Arnold Hernández,KROST INGENIERIA S.A.C.,JUNTA PLACA TS6M-NBRP-C / RIB GASKET GPHE / 3233029346,40100176,Alfa Laval,2.0,7177.0,12487.98
026-0012233,,2026-09-07,2026-09,Mario Li,FCA PERUANA ETERNIT S A,INTERCAMBIADOR SOLDADO DOC30-50H-F BPHE / 3287193999,40100302,Alfa Laval,1.0,1373.37,1345.9
026-0012236,OPP-0000000376,2026-09-07,2026-09,Arnold Hernández,OPERACIONES MINERAS SAN PEDRO SOCIEDAD ANONIMA CERRADA,SERVICIO REPARACION,92000001,,1.0,5778.56,5778.56
026-0012237,OPP-0000000377,2026-09-08,2026-09,Jeancarlos Castillo,DRILLING MACHINERY SPECIALISTS E.I.R.L.,ENFRIADOR DE ACEITE HTX0367AH11 HYD (copiar),40600369,Heatex,1.0,800.0,800.0
026-0012238,OPP-0000000378,2026-09-08,2026-09,Arnold Hernández,H-E PARTS INTERNATIONAL PERU S.A.C.,SERVICIO REPARACION,92000001,,1.0,0,0
026-0012239,OPP-0000000379,2026-09-08,2026-09,Jeancarlos Castillo,KONTROL R & M PERU S.A.C.,ENFRIADOR OIL HIDR. BOWMAN GL240 1428-4TC (3P) COBRE,40200034,Bowman,1.0,2150.0,2150.0
026-0012240,OPP-0000000380,2026-09-08,2026-09,Jeancarlos Castillo,DRILLING MACHINERY SPECIALISTS E.I.R.L.,KIT ENFRIADORES PARA JUMBO D3,40600272,Heatex,1.0,2290.0,2290.0
026-0012243,OPP-0000000383,2026-09-08,2026-09,Mario Li,INDUSTRIAL EXCHANGER TUBILLAS S.A.C., INTERCAMBIADOR DE PLACAS GPHE T6-BFG 43PL-316-0.50-NBRB,40100786,Alfa Laval,1.0,6240.0,6240.0
026-0012244,OPP-0000000384,2026-09-08,2026-09,Mercedes Quispe,OVERPRIME MANUFACTURING S.A.C.,RADIADOR REFRIGERANTE R1300G TIPO TUBOS DESMONT. 4F (copiar),20100143,Otros,1.0,11890.0,11890.0
026-0012245,OPP-0000000384,2026-09-08,2026-09,Mercedes Quispe,OVERPRIME MANUFACTURING S.A.C.,RADIADOR REFRIGERANTE R1300G TIPO TUBOS DESMONT. 4F (copiar),20100143,Otros,1.0,10190.0,10190.0
026-0012246,,2026-09-08,2026-09,Mercedes Quispe,NEXA RESOURCES PERU S.A.A.,VENTA DE ENFRIADOR DE ACEITE ASATT11RA25 OUTOTEC INCL. CON. HTXSET5U16,40750102,Heatex,1.0,1850.0,1850.0
026-0012247,OPP-0000000386,2026-09-09,2026-09,Mario Li,MECANICA FINA INDUSTRIAL EMPRESA INDIVIDUAL DE RESPONSABILIDAD LIMITADA,JUNTA PLACA TL10B-NBRP-C / RIB GASKET GPHE / 3900487206,40100607,Alfa Laval,50.0,48.1,2356.9
026-0012248,OPP-0000000387,2026-09-09,2026-09,Mario Li,MECANICA FINA INDUSTRIAL EMPRESA INDIVIDUAL DE RESPONSABILIDAD LIMITADA,INTERCAMBIADOR DE PLACAS GPHE ALFA LAVAL T10-BFM 51 PL 316-0.5-NBRB,40100788,Alfa Laval,1.0,24749.0,24254.02
026-0012248,OPP-0000000387,2026-09-09,2026-09,Mario Li,MECANICA FINA INDUSTRIAL EMPRESA INDIVIDUAL DE RESPONSABILIDAD LIMITADA,INTERCAMBIADOR DE PLACAS GPHE ALFA LAVAL T10-BFM 51 PL 316-0.5-NBRB,40100788,Alfa Laval,1.0,20071.0,19669.58
026-0012249,OPP-0000000388,2026-09-10,2026-09,Jeancarlos Castillo,ROBOCON SERVICIOS S.A.C.,INTERCOOLER HORMIGONERA PUTZMEISTER MIXCRET 4 365-2908,40600142,Heatex,1.0,1780.0,1780.0
026-0012249,OPP-0000000388,2026-09-10,2026-09,Jeancarlos Castillo,ROBOCON SERVICIOS S.A.C.,RADIADOR REFRIGERANTE P/CAT C6.6 365-2909 BAP C/ALEROS,40600311,Heatex,1.0,1640.0,1640.0
026-0012250,OPP-0000000383,2026-09-10,2026-09,Mario Li,INDUSTRIAL EXCHANGER TUBILLAS S.A.C., INTERCAMBIADOR DE PLACAS GPHE T6-BFG 43PL-316-0.50-NBRB,40100786,Alfa Laval,1.0,3720.0,3720.0
026-0012252,OPP-0000000391,2026-09-10,2026-09,Mercedes Quispe,GESTION MINERA INTEGRAL S.A.C.,SERVICIO MANTENIMIENTO,91000001,,1.0,380.0,380.0
026-0012253,OPP-0000000390,2026-09-10,2026-09,Rintusac,CORPORACION INDUSTRIAL Y SERVICIOS GENERALES S.A.C.,ENFRIADOR OIL HIDR. BOWMAN FG120 1427-3TC (3P) COBRE,40200015,Bowman,1.0,1260.0,1260.0
026-0012254,OPP-0000000392,2026-09-10,2026-09,Rintusac,TRANSLOG PERU S.A.C.,ENFRIADOR OIL HIDR. BOWMAN FG120 1427-3TC (3P) COBRE,40200015,Bowman,4.0,1210.0,4840.0
026-0012256,OPP-0000000394,2026-09-10,2026-09,Mercedes Quispe,GESTION MINERA INTEGRAL S.A.C.,ENFRIADOR SISTEMA DE ACEITE HIDRAULICO CAT R1300G 351-1248,40600235,Heatex,1.0,1890.0,1890.0
026-0012259,OPP-0000000397,2026-09-11,2026-09,Rintusac,SERVICIOS EN CONSTRUCCION Y MINERIA DEL CENTRO SOCIEDAD COMERCIAL DE RESPONSABILIDAD LIMITADA,SERVICIO DE EVALUACION,90000011,,1.0,2390.0,2390.0
026-0012260,OPP-0000000398,2026-09-11,2026-09,Mercedes Quispe,NEXA RESOURCES PERU S.A.A.,JUNTA PLACA M6-NBRP-C GASKET II GPHE / 390084017206,40100205,Alfa Laval,30.0,40.12,1203.6
026-0012261,OPP-0000000399,2026-09-11,2026-09,Mario Li,GLOBAL PROCESSING SOLUTIONS S.A.C,INTERCAMBIADOR SOLDADO AC-70X-30M-F BPHE / 3287065788,40100552,Alfa Laval,1.0,1193.0,1169.14
026-0012264,OPP-0000000402,2026-09-11,2026-09,Mercedes Quispe,GESTION MINERA INTEGRAL S.A.C.,RADIADOR 371314 P/. HAULAGE TRUCK KOMATSU 16TD,40600327,Heatex,1.0,6680.0,6680.0
026-0012265,OPP-0000000404,2026-09-12,2026-09,Jeancarlos Castillo,SOLUCIONES EN PROYECTOS DE ALIMENTOS S.A.C.,JUNTA PLACA M6M-NBRP-C / PEAK GASKET GPHE / 3233014146,40100144,Alfa Laval,50.0,36.0,1800.0
026-0012266,OPP-0000000405,2026-09-12,2026-09,Jeancarlos Castillo,GESTION TECNICA MINERA E INDUSTRIAL PERU SOCIEDAD ANONIMA CERRADA - GESTEMIND PERU S.A.C.,SERVICIO REPARACION,92000001,,1.0,5390.0,5390.0
026-0012268,OPP-0000000408,2026-09-14,2026-09,Jeancarlos Castillo,GESTION TECNICA MINERA E INDUSTRIAL PERU SOCIEDAD ANONIMA CERRADA - GESTEMIND PERU S.A.C.,SERVICIO MANTENIMIENTO,91000001,,1.0,420.0,420.0
026-0012269,OPP-0000000407,2026-09-14,2026-09,Manuel Alvarez,SERVICIOS MINEROS RF S.A.C.,SELLO DESMONT. C / CANAL HEATEX 721201B V2,40600476,Heatex,20.0,1.85,37.0
026-0012269,OPP-0000000407,2026-09-14,2026-09,Manuel Alvarez,SERVICIOS MINEROS RF S.A.C.,SELLO DESMONT. S / CANAL HEATEX 721201T V2,40600477,Heatex,20.0,1.85,37.0
026-0012270,OPP-0000000403,2026-09-14,2026-09,Manuel Alvarez,UBF INDUSTRIAL SOCIEDAD ANONIMA CERRADA,ENFRIADOR HIDRAULICO BAP COMPLETO CMS1/O/24V/002 66337005,40600503,Heatex,1.0,1050.0,1050.0
026-0012271,OPP-0000000409,2026-09-14,2026-09,Jeancarlos Castillo,GESTION TECNICA MINERA E INDUSTRIAL PERU SOCIEDAD ANONIMA CERRADA - GESTEMIND PERU S.A.C.,SERVICIO MANTENIMIENTO,91000001,,1.0,320.0,320.0
026-0012272,OPP-0000000410,2026-09-14,2026-09,Arnold Hernández,GRUPO ASEGA S.A.C.,ENFRIADOR COMPLETO BAP HEATEX HTX-725-2-3 M/AC P/*040903010,40600443,Heatex,1.0,3670.0,3119.5
